date,IDR,MYR,THB,SGD,PHP
1999-01-04,8002.044278564764,3.7999830350326573,36.20315548392569,1.65866485707015,38.60378318771736
1999-01-05,7900.3477523324855,3.800254452926209,36.05156912637829,1.6670907548770144,37.95165394402035
1999-01-06,7951.698884441796,3.801158136762327,36.35774503959806,1.6775100059609982,38.2117005875841
1999-01-07,7925.352475928474,3.8001203576341127,36.251547455295736,1.670907840440165,38.20151306740028
1999-01-08,7995.222574834891,3.799210910026589,36.50313062869886,1.6757011750578952,37.99210910026589
1999-01-11,8000.354395366929,3.800674215576109,36.266574466246,1.6732647592704641,37.65666868355086
1999-01-12,8073.958333333335,3.799479166666667,36.4453125,1.679079861111111,37.895833333333336
1999-01-13,8698.560967302452,3.8005790190735693,37.03371934604905,1.6872445504087192,38.80534741144414
1999-01-14,8651.128464773019,3.8003947481335283,37.00480562945164,1.683257530249721,38.50510598129237
1999-01-15,8958.111130225358,3.7994151040770685,37.33373473249613,1.6832960605539309,38.69516600722518
1999-01-18,8447.459524629694,3.798828797795384,36.4440234240441,1.6835170513262143,38.23889080261798
1999-01-19,8570.21349862259,3.7926997245179064,36.47959710743802,1.6805268595041323,38.32730716253444
1999-01-20,8468.786177105832,3.7912742980561553,36.423326133909285,1.67585313174946,38.31187904967602
1999-01-21,8648.893881783615,3.799343242309022,36.445298997580366,1.673695126166609,38.14379536812997
1999-01-22,8907.71159332584,3.7983055243364747,36.881905420593064,1.6824587187689115,38.63318059998271
1999-01-25,9348.800069060773,3.7995511049723754,36.84530386740332,1.6882769337016572,38.745683701657455
1999-01-26,9168.278362977035,3.7971852875151098,36.66309791055086,1.6846831289932656,38.42168882749094
1999-01-27,9176.199149969641,3.7954722872755657,36.7298117789921,1.686703096539162,38.65556422933472
1999-01-28,9150.420683610866,3.799912357581069,36.95162138475022,1.6906222611744084,38.64855390008764
1999-01-29,8923.049894588896,3.7991040056219254,36.92190794096978,1.6894764581869288,38.49174279690794
1999-02-01,8898.456517904393,3.7941435879343803,36.773593226318575,1.6906861880402189,38.54207091197742
1999-02-02,8799.25024256858,3.800035282702655,36.69683337743672,1.6859839463702921,38.54988092087854
1999-02-03,8427.61753550322,3.8011819705389436,36.69136455852519,1.687571667989768,38.46696656963923
1999-02-04,8676.17863801829,3.800585989523217,36.74997780342715,1.6877386131581282,38.60516736215928
1999-02-05,8750.398512221042,3.800212539851222,36.781703861140635,1.6888062345023025,38.60166489550124
1999-02-08,8899.608749777699,3.799928863595945,36.92841899341988,1.6896674373110439,39.39889738573715
1999-02-09,8750.40148239654,3.800229418512309,37.081708285537815,1.6925791935056913,39.551751522103594
1999-02-10,8601.904426027155,3.8002116028919057,37.078204902133656,1.69299947099277,39.052195380003525
1999-02-11,8702.705091937765,3.8018917963224896,36.936439179632245,1.688826025459689,38.54402404526167
1999-02-12,8752.739238705086,3.8011383849163995,36.93658840270366,1.693080754180007,38.512095339736746
1999-02-15,8598.861007296673,3.794536394376224,36.72512902651718,1.6882897312689091,38.64477665064959
1999-02-16,8749.615246957766,3.794828203292771,36.90336435218325,1.6979241231209736,38.49856836077309
1999-02-17,8755.842886341421,3.7975650937527767,36.97467342042122,1.6988358659912912,38.72567315382565
1999-02-18,8824.23433048433,3.79985754985755,37.046741452991455,1.7004095441595442,38.69836182336182
1999-02-19,8827.779270805338,3.797366299381886,37.49180327868852,1.7080533906655917,38.9241243393353
1999-02-22,8902.037845705969,3.800855167394469,37.71360989810771,1.7144286754002913,39.23398835516739
1999-02-23,8831.862521651929,3.7921414896526575,37.472969277053515,1.718752848937916,38.920594402406785
1999-02-24,8798.024825586663,3.7990395940925974,37.541542085711704,1.7256500860741146,39.04140617921537
1999-02-25,8840.712537394616,3.801377934910706,37.53866376575107,1.7281298159731666,38.99737104523616
1999-02-26,8828.217462334364,3.800689780359412,37.32855327645671,1.72127427845344,38.95716100925758
1999-03-01,8864.127070817403,3.8012015292190062,37.281813216821405,1.7242854542144548,38.963225923903146
1999-03-02,8866.22577385873,3.800220446403968,37.53678699366217,1.7340865252135573,39.001561495361436
1999-03-03,8863.785668409944,3.7984218735663817,37.62482796586843,1.7347463070006421,39.03385631709331
1999-03-04,8894.689858273514,3.7994662249217743,37.70246640898215,1.7352291551628933,39.19473587336646
1999-03-05,8760.014768321951,3.799981539597564,37.48504707402622,1.7285397821672515,39.10005538120731
1999-03-08,8947.139713971397,3.794279427942794,37.13311331133114,1.7254308764209756,38.84121745507884
1999-03-09,8978.744361594403,3.8016201785878665,37.44048605357636,1.7322102549940162,39.06655619994477
1999-03-10,9072.938920843606,3.794120332329043,37.441522870446455,1.730119601935543,38.99114397881859
1999-03-11,9465.117987328988,3.8010283720503173,37.61041226700946,1.7364796621063263,39.01111009090075
1999-03-12,9200.439077936335,3.7997621661178194,37.37175265276253,1.7333516282473473,38.996523966337364
1999-03-15,8749.611836697417,3.800529728742351,37.29336012421226,1.714037811672299,38.85560325143849
1999-03-16,8791.945693055683,3.7970828364370237,37.16585634345473,1.7221355838913859,38.81937436932391
1999-03-17,9000.848075870874,3.7996534743753414,37.34670800656575,1.7251504650738645,38.896589458325735
1999-03-18,9023.374500544862,3.799309843806756,37.44823828550672,1.7236650926262258,38.893025790047226
1999-03-19,8876.637654603757,3.800732936326157,37.390196976637654,1.7240494732020157,38.807146129180026
1999-03-22,8890.427098674521,3.8000736377025035,37.53672680412371,1.7272643593519883,38.73251104565537
1999-03-23,8898.788546255508,3.799559471365639,37.46484948604993,1.7330212922173276,38.74541116005874
1999-03-24,8850.42093704246,3.7998718887262077,37.57174231332357,1.7249267935578332,38.698755490483165
1999-03-25,8846.357129748578,3.798495136722334,37.59946779225546,1.7258212516057991,38.68416223160212
1999-03-26,8868.035136384653,3.7970411465557095,37.57050392972723,1.730374479889043,38.71937124364309
1999-03-29,8824.607182940517,3.7947998503554063,37.63327721661055,1.7337261503928172,38.79816685372241
1999-03-30,8730.716086266455,3.7973111754271316,37.69965456073196,1.7343852114648493,38.82363924936981
1999-03-31,8698.799106311673,3.799478681809719,37.5947681995904,1.7263079501024017,38.77024762614038
1999-04-01,8645.432603044932,3.8094132937244716,37.754177497215004,1.7332900111399927,38.840512439658376
1999-04-02,8626.225399183068,3.800594132937245,37.68529520980319,1.7318046787968808,38.75603416264389
1999-04-05,8650.418526785716,3.8003162202380953,37.70182291666667,1.7336309523809526,38.55189732142858
1999-04-06,8776.729442476226,3.7986201752750324,37.848405743054265,1.7343837404437816,38.48592205854932
1999-04-07,8748.806881243063,3.7994820569737326,37.76479837217906,1.7355715871254163,38.49519052904181
1999-04-08,8752.84710667406,3.800332778702163,37.83527454242928,1.730171935662784,38.533924939914954
1999-04-09,8747.995917609946,3.799127853033957,38.04119502690666,1.7336240489886805,38.51642234180738
1999-04-12,8731.029723014632,3.8024293733321066,37.92619858286555,1.722646544584522,38.45495536946719
1999-04-13,8724.598235020901,3.799535531816071,37.88323269856015,1.7172317696237809,38.34463539247562
1999-04-14,8651.617687957727,3.800778715120052,37.561972744970795,1.6948178362844164,38.23769351997775
1999-04-15,8660.90302243649,3.799647691451882,37.52308548117931,1.6908956054144262,38.14667161134805
1999-04-16,8654.865016872891,3.8022122234720657,37.496062992125985,1.7069741282339708,38.17116610423697
1999-04-19,8634.19518616021,3.79964272282813,37.331515607371195,1.7048702519744263,37.946596464836404
1999-04-20,8626.084914521885,3.7960736426826975,37.29644937065565,1.703268833364644,37.910952470411424
1999-04-21,8640.005667863215,3.8000188928773855,37.57679954657094,1.7115057623276027,38.10032117891555
1999-04-22,8596.229089878083,3.8011530101124658,37.60542481807013,1.7099518003969378,38.16085436159153
1999-04-23,8573.801015610306,3.799511002444988,37.579744216663535,1.710268948655257,38.04495015986459
1999-04-26,8622.168833615979,3.798944789900132,37.69257584322593,1.7002072734124742,37.93951384963256
1999-04-27,8586.62276575729,3.8007525870178736,37.650987770460965,1.7008466603951082,37.997177798682976
1999-04-28,8542.602662666417,3.7989874367147944,37.414494655915995,1.6960435027189198,37.98987436714795
1999-04-29,8254.620897774425,3.799792531120332,37.398245944926444,1.6971897397208602,38.04884949075821
1999-04-30,8226.903840709634,3.799377182221383,37.185996036614135,1.7001981692931962,37.997546475417565
1999-05-03,7948.134856927,3.80007555009916,36.99131173859666,1.7012937954481067,37.87515346113892
1999-05-04,7949.271109428248,3.7998864066641422,36.82156380159031,1.7044680045437335,37.74895872775464
1999-05-05,8011.380894347051,3.7994750164057374,36.809880941220584,1.6986031686509797,37.79506890409675
1999-05-06,8036.762663209555,3.7997036762663208,37.00157421983516,1.7013612371515878,37.9220298175757
1999-05-07,7850.380122380864,3.7994622659002406,36.83673280178009,1.6983126274800668,37.87502317819395
1999-05-10,7717.149510945506,3.8001863064741506,36.803353516534706,1.6991150442477878,37.65160689333955
1999-05-11,7678.94148341409,3.801994036526277,36.82389116660455,1.6994036526276557,37.61926947446888
1999-05-12,7827.524659464537,3.7999060591827147,36.77501174260216,1.6992954438703616,37.593236261155475
1999-05-13,7829.354170589343,3.799284503859913,37.00875541329316,1.7046695537563548,37.69252494822067
1999-05-14,7814.275009366804,3.7986137130011235,37.10153615586361,1.711689771449981,37.79599100786811
1999-05-17,7960.748713149274,3.8007487131492743,37.26850725315863,1.7123069723912026,38.007487131492745
1999-05-18,7875.0140318054255,3.8,36.97006548175865,1.7115060804490179,37.72591206735267
1999-05-19,8086.966334399098,3.7985706225315026,37.16099304118865,1.721835621591123,37.75625352642468
1999-05-20,8025.002349844909,3.7999812012407177,37.094651752984305,1.7219663502208853,37.94999530031018
1999-05-21,8039.245175936437,3.799659477866062,36.991486946651534,1.7205826712069618,37.80646992054484
1999-05-24,8055.389702409068,3.800188946622579,37.04676428908833,1.7215871516296646,37.86206896551724
1999-05-25,7984.257081020044,3.799755340171262,37.05156676390326,1.7233461936576644,37.81688152818293
1999-05-26,8090.004746084479,3.8,37.155007119126715,1.73203607024205,38.070242050308494
1999-05-27,8098.0998758712885,3.8000572901747356,37.13921512460613,1.7316910149909293,38.12470161367325
1999-05-28,8104.618761332188,3.7993129115373603,37.14323885866972,1.7249737570378854,38.002672010688045
1999-05-31,8099.25401683244,3.7996365723029837,37.0814843152257,1.7268553940321345,37.97149961744453
1999-06-01,8125.004792026067,3.7989265861606283,37.10005750431282,1.723212574276404,37.989265861606285
1999-06-02,8153.043729531882,3.7990753226738585,37.09111924484685,1.7248121749181275,37.99075322673858
1999-06-03,8174.6195338085145,3.7998458871123098,37.08322095935272,1.7262569832402235,38.073588903872086
1999-06-04,8075.802229762482,3.8003877847794474,37.108676684440134,1.72670867668444,38.054289869122634
1999-06-07,7727.626987204342,3.8013765025203563,37.08763086467623,1.7247964327258627,37.98856145792943
1999-06-08,7606.836783822821,3.8003851709195957,36.93394318728936,1.7126624939817043,37.80356283100626
1999-06-09,7749.264284349322,3.799636919549016,36.966462832027524,1.7124020638257214,37.796674947448885
1999-06-10,7716.116097002099,3.7999809050983386,36.94529310674049,1.7143402711476035,37.8298644261982
1999-06-11,7673.544013748329,3.7998854305900323,36.89297307618865,1.711476035898415,37.90337979759404
1999-06-14,7449.295774647887,3.799655073296924,37.00143719459615,1.7131359586087955,37.85187314362364
1999-06-15,7285.710161662819,3.800423402617398,36.96862971516551,1.710739030023095,37.92917628945342
1999-06-16,7268.960850652489,3.798550024166264,36.90971483808604,1.7048815853069117,37.78540357660706
1999-06-17,7269.661508704062,3.7999032882011603,36.828239845261116,1.701934235976789,37.72823984526112
1999-06-18,7286.503658067001,3.7982287254524456,36.89680400462072,1.7047554871005006,37.7820562187139
1999-06-21,7004.07196053777,3.801528194216075,36.896411645226806,1.7097398200986555,37.91469194312796
1999-06-22,6886.706099098225,3.800930863958111,36.60894017259769,1.6999903035004362,37.7348977019296
1999-06-23,6698.005836575876,3.8073929961089497,36.771400778210115,1.704863813229572,37.88326848249027
1999-06-24,6753.9288828601875,3.802247844201143,36.691405871524076,1.702354423021025,37.907179536866586
1999-06-25,6896.65804845351,3.8000574547543806,36.75878578952408,1.7020970985349038,37.85023460691372
1999-06-28,6614.054678475164,3.800539083557952,36.88968040046207,1.7044666923373124,37.90623796688487
1999-06-29,6678.068313392512,3.7989193361636433,36.864338093400235,1.7037823234272482,37.96893091470475
1999-06-30,6665.007745933385,3.79928350116189,36.85505422153369,1.700038729666925,37.9928350116189
1999-07-01,6849.006235385815,3.799493374902572,36.794621979735,1.6980709275136399,37.944271239282926
1999-07-02,6829.342837613514,3.802460697197539,36.88838980568304,1.6999316473000683,38.09393613904892
1999-07-05,6701.319390148553,3.800723221266614,36.90725175918686,1.6976153244722438,38.15285379202501
1999-07-06,6717.6303688484495,3.801487134331279,36.78945308678212,1.6996380001956757,38.114665883964385
1999-07-07,6725.337507337116,3.800234787712776,36.90686754059871,1.6957542555272942,38.3026804930542
1999-07-08,6619.357690041249,3.7997446474170102,37.051365154193675,1.6977018267530937,38.496366136319
1999-07-09,6642.728341826734,3.7987063896511173,37.0923167385339,1.69874558996472,38.48686789494316
1999-07-12,6625.651916238641,3.8004741209008297,37.11872777558278,1.6995258790991703,38.3089687870407
1999-07-13,6634.351369930277,3.7996661101836398,37.13139546302661,1.7006775999214376,38.326622802710396
1999-07-14,6644.138473642802,3.8052714398111727,37.18617230527144,1.7031864673485446,38.3831628638867
1999-07-15,6704.676012155671,3.7998235467111066,37.1132241937065,1.6989510832271346,38.14822076267033
1999-07-16,6768.653205253872,3.8008233679670655,37.24514801019408,1.7064301117427954,38.357184865712604
1999-07-19,6719.672777449241,3.799724029174059,37.13325448452593,1.703035679085354,38.29686575990539
1999-07-20,6682.756964457253,3.7993275696445727,37.12257444764649,1.6976945244956774,38.36791546589818
1999-07-21,6710.96348690499,3.8006117377174538,37.160389982794875,1.6972854138787994,38.45631810361307
1999-07-22,6775.654824268978,3.800361939232308,37.363558434136586,1.7012096390132392,38.503667015906274
1999-07-23,6905.335365853658,3.800590701219512,37.37681021341463,1.697980182926829,38.380335365853654
1999-07-26,7026.977005047672,3.8024864460646843,37.3154795288839,1.6835857169564403,38.42493924097962
1999-07-27,6990.665286534299,3.8000376399736515,37.27853580502494,1.6880587183588973,38.32502117248518
1999-07-28,6876.29916061492,3.8010940299915124,37.04196925398472,1.679524662831274,38.310855418277846
1999-07-29,6814.681647940074,3.7999063670411983,37.06329588014981,1.6892322097378276,38.243445692883896
1999-07-30,6835.964092014215,3.800729380961287,37.25032728632879,1.6853375724705444,38.47765101926314
1999-08-02,6857.74964838256,3.7987810595405533,37.32451945616503,1.678949835911861,38.637599624941394
1999-08-03,6892.916862376703,3.801127289807421,37.300798496946925,1.6839830906528888,38.66134335368718
1999-08-04,6911.216429699842,3.799832729300251,37.34810891181117,1.677632190316885,38.8988012266518
1999-08-05,7014.678899082569,3.799833194328607,37.49328143823557,1.6759336484107128,38.798999165971644
1999-08-06,7030.986964618249,3.8005586592178773,37.69031657355679,1.6664804469273742,39.055865921787706
1999-08-09,7054.675385333956,3.799813171415227,37.8232601588043,1.6664175618869688,39.173283512377395
1999-08-10,7339.45236099469,3.801993107944491,37.84790909937599,1.6650833566173044,38.870261711837564
1999-08-11,7885.3768278965135,3.8002437195350582,38.07677165354331,1.6716347956505437,39.251968503937015
1999-08-12,8076.151532242902,3.800620417371686,38.160462492949804,1.6762549351381837,39.280879864636205
1999-08-13,7916.593231461517,3.8020061873066466,37.99465641698697,1.6744164244867348,39.320333739570636
1999-08-16,7523.576234246187,3.7994882971666826,37.947787359044824,1.6702359518620298,39.44470766606652
1999-08-17,7685.684430512018,3.7994680345777523,38.28593141445806,1.6815806972546785,39.6200246983946
1999-08-18,7378.168679281163,3.8016544642008174,38.39146144337739,1.676713891794238,39.66720547684701
1999-08-19,7275.354188456783,3.8002282019587335,38.33184368165826,1.6755728820005704,39.55215365598554
1999-08-20,7173.047717258835,3.7467891628386614,37.79281897440705,1.652010874660167,38.99596887597263
1999-08-23,7539.656798038846,3.799924570997548,38.273241561380345,1.6804638883650764,39.54836884782199
1999-08-24,7747.583713850838,3.8012747336377473,38.35778158295282,1.690068493150685,39.75361491628615
1999-08-25,7574.647752324357,3.7998658104092784,38.29320425572703,1.6909805425093456,39.79871561391738
1999-08-26,7497.139303482588,3.7979334098737083,38.34031764255646,1.690585533869116,39.75794106391122
1999-08-27,7560.009569377991,3.8003827751196173,38.31004784688995,1.6876555023923447,39.754066985645935
1999-08-30,7709.269179261526,3.79969389707289,38.30132006887315,1.687392385689688,39.746508513487655
1999-08-31,7705.731580440746,3.8006242315331504,38.3386928970018,1.6823039818405374,39.67653456918567
1999-09-01,7683.567323094318,3.799491190049939,38.81767643456139,1.6831244699896355,39.69471402996326
1999-09-02,7715.3723504033005,3.800225098480585,38.816826111423744,1.68458075407991,39.80679047083099
1999-09-03,7859.642389065718,3.799850215315484,38.80322037071709,1.6874180865006552,39.75285527054859
1999-09-06,8063.1111950160475,3.799131583915424,38.71587691145932,1.6885973192373043,39.726260147253164
1999-09-07,8341.978230004732,3.800757217226692,39.04429720776148,1.693610979649787,39.80785612872693
1999-09-08,8638.735513050035,3.7996796381795916,39.39055874870442,1.6943371337039481,40.14604730048055
1999-09-09,8685.422960725076,3.799660120845922,39.55692975830816,1.6885385196374623,40.22186555891239
1999-09-10,8250.408745247149,3.8001901140684406,39.5569391634981,1.691634980988593,39.952471482889734
1999-09-13,7901.160317153355,3.800618835815123,39.42071166118739,1.6845871204795977,39.90620769677045
1999-09-14,8174.609148812971,3.7998455896545065,39.64311908897896,1.6886701408994402,39.998069870681334
1999-09-15,8141.4408332529665,3.8019095380460994,39.469090558395216,1.6878194618574598,39.919953708168585
1999-09-16,8150.7905900501355,3.8002313922097963,40.038951021982264,1.6931160817585809,40.40204396451987
1999-09-17,8185.7939790324135,3.800327017408868,40.01885159180532,1.6928921804366643,40.15389054534962
1999-09-20,8389.198539304247,3.798577743609456,40.23620987891601,1.6985393042475496,40.23448010763022
1999-09-21,8324.61494031575,3.799865229110512,40.22314208702349,1.6989795918367347,40.17809010396612
1999-09-22,8400.409173089733,3.8009325340184605,40.43695879722143,1.7067275668474642,40.31021029593682
1999-09-23,8802.962607861937,3.8013422818791947,41.3588686481304,1.7156279961649092,40.913710450623206
1999-09-24,8683.36197021764,3.798205421916762,41.045437189767085,1.7086674303169147,40.88106147384497
1999-09-27,8425.811407720375,3.8008450163241787,40.90896869598617,1.7041482619550603,40.757633954292295
1999-09-28,8467.432986740436,3.801106553467519,41.51693217590384,1.7162071925975388,41.012114852618524
1999-09-29,8395.001420051121,3.7996781217457163,41.28505159519076,1.7088895200227208,40.89652560825523
1999-09-30,8400.403187998125,3.8001875293014535,41.08691983122363,1.70014064697609,40.95733708391936
1999-10-01,7984.265473527219,3.799869500372856,40.51127889634601,1.6929530201342282,40.898583146905295
1999-10-04,7990.969306838324,3.80305998693908,40.54529340423547,1.6943744752308982,40.93292284728052
1999-10-05,7755.727119595733,3.800393037619315,39.19867115852517,1.676679767920644,40.15347183230395
1999-10-06,7775.738101890657,3.8005960696656422,39.31871099934805,1.6802645059141286,40.106174909192504
1999-10-07,7763.920216236369,3.7981172523068323,39.719545157983035,1.6771367322210833,40.4045111380371
1999-10-08,7864.267617528385,3.799286853711175,40.32129117012292,1.6825560664352066,40.57239373181946
1999-10-11,7802.06941962186,3.798607844981657,39.760041388392445,1.6753833129526856,40.1251058225943
1999-10-12,7782.330333708287,3.7889951256092984,39.65944881889764,1.6711661042369703,40.02343457067867
1999-10-13,8147.652625719057,3.8003340137316752,39.83791055854518,1.687326034514752,40.45370198552607
1999-10-14,8209.20245398773,3.8006134969325154,39.495166387804424,1.680052054285183,40.30581892545082
1999-10-15,7995.3813598307115,3.7977734842211794,39.17296899438771,1.6728309872113352,40.326616984083174
1999-10-18,7872.8376886271635,3.801159366948841,39.50552079499448,1.6739970555760029,40.511593669488406
1999-10-19,7595.710852283231,3.800887409872434,39.41320022185246,1.672767609539656,40.459419486041774
1999-10-20,7475.364201540317,3.801150598496798,39.346849772664,1.6762549874733226,40.451888280597565
1999-10-21,6941.002130221357,3.7921644901361486,39.14957858664443,1.6688895063443547,40.3352783180513
1999-10-22,6825.96207473508,3.7994980479643057,39.00594906116378,1.6645287228109311,40.14500836586726
1999-10-25,6854.6850135729655,3.7998689506692878,38.92324253486848,1.6599269868014603,40.118880464289056
1999-10-26,6853.7947898053235,3.801467130631054,38.702341766199574,1.6668861092824228,40.065832784726794
1999-10-27,6869.98673237301,3.80420773313116,38.83728203184231,1.669825625473844,40.14404852160728
1999-10-28,6973.352952344789,3.7989367761534085,38.815834440858175,1.6670780330358839,40.16328080501234
1999-10-29,6908.3134028508575,3.8018750597914477,38.70353008705635,1.6653592270161677,40.169329379125614
1999-11-01,6766.486946651533,3.7980514566780177,38.53499810821037,1.656640181611805,40.0794551645857
1999-11-02,6712.344151518036,3.8042257542590656,38.66736461406681,1.6668887408394404,40.043780336918246
1999-11-03,6750.004765989896,3.800019063959585,38.67505480888381,1.6690496616147175,40.10008578781814
1999-11-04,6776.618431073876,3.79988575780655,38.54417364813405,1.6662223914699161,40.128522467631385
1999-11-05,6833.36856264412,3.799289008455035,38.525749423520374,1.6673712528823983,40.09223674096849
1999-11-08,6786.958193176358,3.8009610764055743,38.70619894281596,1.670446900528592,40.109562710235465
1999-11-09,6847.966231772832,3.8017075978511126,38.88181120491174,1.6701841903300079,40.24270913277053
1999-11-10,6899.673139780812,3.800615266294943,38.92318784849068,1.6732359161699673,40.27110171120938
1999-11-11,7128.771862387084,3.8012684989429175,38.9655967710936,1.6755717855083607,40.3632519700173
1999-11-12,7064.318975552968,3.8003492433061705,38.74631354287932,1.6672487388436166,40.25417151726814
1999-11-15,6950.354334530628,3.800213571497913,38.56693524900495,1.6655664498592369,40.152412387146875
1999-11-16,7029.431114551083,3.8012770897832815,38.79943885448916,1.6712461300309598,40.2641253869969
1999-11-17,6978.026518063029,3.8022674865488084,38.79179477325135,1.6691967717140663,40.37375096079939
1999-11-18,6985.28901734104,3.7987475915221576,38.64894026974952,1.6684971098265895,40.336223506743735
1999-11-19,7052.456464636638,3.8092226870318124,38.821091545870225,1.6738009534001361,40.59928008561144
1999-11-22,7055.901464455436,3.7981767044903507,38.70245369023374,1.6702550674037437,40.730288041897005
1999-11-23,7128.96752302472,3.7996122152205523,38.71934076587494,1.6692195831313619,40.640814348036834
1999-11-24,7091.052373959863,3.8005873715124814,38.72070484581497,1.6659813999021047,40.80665687714146
1999-11-25,7206.062389640964,3.800372768295075,38.71071218363743,1.6722581910927996,40.72984108298999
1999-11-26,7219.651519651519,3.8024948024948024,38.82001782001782,1.6733986733986732,40.92664092664093
1999-11-29,7342.820283814627,3.81045946214151,39.02967152922496,1.6836360027786048,41.06182395554232
1999-11-30,7330.088144993561,3.8027136773298995,39.0020798256908,1.6826780231752005,40.97850846786174
1999-12-01,7296.194628877217,3.8058666138142896,38.98483797443266,1.6830839361807548,40.96323456545436
1999-12-02,7280.491200159093,3.8049120015909317,39.031222034403896,1.6874813562692652,40.90285373371781
1999-12-03,7253.689465801297,3.8047928107838245,38.9716425361957,1.68836744882676,40.87169246130804
1999-12-06,7176.537026124533,3.79552150854449,38.87919858573954,1.679336083284227,40.80239638577883
1999-12-07,7196.8453950581115,3.797831819513624,38.70807696064069,1.6774099033108703,40.756909854477975
1999-12-08,7207.463853067605,3.801191871824931,38.55822586948027,1.6800508010941773,40.76201641266119
1999-12-09,7231.823095823095,3.7959705159705157,38.54142506142506,1.677248157248157,40.706633906633904
1999-12-10,7227.502218716103,3.80100581796667,38.62834040035499,1.6781382506656148,40.7908490286954
1999-12-13,7233.935624012639,3.798578199052133,38.542654028436026,1.6773301737756716,40.73459715639811
1999-12-14,7228.202829248854,3.7990635584777843,38.585475194261804,1.6788204821677626,40.74018728830445
1999-12-15,7103.5924558427305,3.800019958088015,38.427402454844824,1.6770781359145794,40.7005288893324
1999-12-16,7057.441356199487,3.800808200275971,38.063177606938694,1.6740587423615219,40.60812142716342
1999-12-17,7100.236966824645,3.8197077409162716,38.44579383886256,1.6834518167456558,40.886650868878355
1999-12-20,7077.2880348652925,3.7953645007923926,37.908676703645,1.6689778129952455,40.520007923930265
1999-12-21,7109.1630305434355,3.8049385164617218,37.89884966283221,1.6703689012296707,40.60194367314558
1999-12-22,7093.597379392495,3.799285288862418,37.47756601151479,1.6653762160015881,40.39209847131229
1999-12-23,7075.260184359203,3.8018634156011504,37.4628803647537,1.6713252056695411,40.22004162949748
1999-12-24,6972.608952869256,3.7987576414908304,37.58706369552357,1.670183395779925,40.06113192664169
1999-12-27,6996.556147621867,3.798204065522005,37.731399250049336,1.6687388987566607,40.230905861456485
1999-12-28,7035.513926058084,3.810784022202399,37.65982753493904,1.6710278521161663,40.31420358806621
1999-12-29,7081.681890389197,3.803613979348689,37.5354447974583,1.666104050833995,40.38820492454329
1999-12-30,7020.4758112681675,3.797332271550866,37.42584113079833,1.6641449333067888,40.22197889707346
2000-01-03,7069.692765113975,3.8079286422200203,36.94677898909812,1.661942517343905,40.06342913776016
2000-01-04,7050.131004366813,3.8028141678796703,37.07695293546822,1.6542455118874335,39.7787481804949
2000-01-05,7173.967978395062,3.7994791666666665,37.169656635802475,1.6549961419753088,40.15914351851852
2000-01-06,7215.556411243743,3.8022718521370815,37.61397766653832,1.664516750096265,40.57373892953408
2000-01-07,7194.554647996889,3.8020225593154415,37.36863088292493,1.662388175807079,40.34714119019837
2000-01-10,7156.603773584906,3.7954834294652464,37.18134715025907,1.659497507087692,40.30305992765666
2000-01-11,7266.7804212168485,3.800604524180967,37.69422776911076,1.6707293291731669,40.80635725429017
2000-01-12,7210.457896779201,3.7976329064804037,37.49136592937524,1.667151726814125,40.62475746992627
2000-01-13,7216.718567536005,3.8022576878162706,37.45688984040482,1.667866874270144,40.62378357337485
2000-01-14,7166.063569682152,3.8005867970660145,37.430513447432766,1.6753056234718828,40.60635696821517
2000-01-17,7266.148206855557,3.8059243114721615,37.46245294234198,1.6760451753516938,40.61224489795918
2000-01-18,7252.491826018031,3.7990686614485285,37.312097493312194,1.6719508570296244,40.49043891806202
2000-01-19,7347.91687283523,3.8011875309252847,37.43988124690747,1.6769915883226127,40.71251855517071
2000-01-20,7326.464466250372,3.8007731192387753,37.22242045792447,1.674397859054416,40.653186638913674
2000-01-21,7299.27701297415,3.8008319302763196,37.14132910765574,1.67505199564227,40.658611468753094
2000-01-24,7305.195970878628,3.805325620823776,37.25700608357435,1.6843522489278948,40.546524384162765
2000-01-25,7348.311350919264,3.8017585931255002,37.271782573940854,1.6837529976019188,40.51858513189449
2000-01-26,7397.963868649566,3.8015770036929837,37.449945104301825,1.6921848487873041,40.566922846591474
2000-01-27,7395.729751403367,3.7951082598235764,37.298215717722535,1.6848436246992782,40.347834803528464
2000-01-28,7449.248578391552,3.7994516653127537,37.581234768480904,1.7087733549959383,40.44374492282697
2000-01-31,7426.524359105301,3.801450311510571,37.49269737514044,1.6996221019303441,40.58727402716781
2000-02-01,7428.094747682801,3.7990731204943358,37.47538619979402,1.698043254376931,40.549948506694136
2000-02-02,7588.514973757333,3.801790676134609,37.64248224760728,1.6994957291345065,40.66893073994031
2000-02-03,7659.109560935577,3.7970865818629465,37.691116126384905,1.6943988510463683,40.61858842839557
2000-02-04,7535.343162175902,3.8051855617691914,37.57651245551601,1.691814946619217,40.65582104728012
2000-02-07,7508.07822258626,3.8032149073410464,37.665506296713424,1.6941742602641547,40.61328964881745
2000-02-08,7336.493991719681,3.800464505705342,37.632636574775326,1.695041906492982,40.52408361102697
2000-02-09,7238.69538957117,3.794141332796457,37.46647875981478,1.6888463861485807,40.43688343064224
2000-02-10,7299.635184434535,3.799858127280097,37.39319010944467,1.6909201459262262,40.39825699229834
2000-02-11,7315.753494541374,3.800224466891134,37.498826650341805,1.6964595449443935,40.427507397204366
2000-02-14,7252.0624303233,3.7983176244045804,37.44978210195602,1.6942333029289551,40.356744704570794
2000-02-15,7383.8719574555125,3.799447739824095,37.539271834731025,1.6940069543874003,40.41930865207609
2000-02-16,7432.35414116687,3.798653610771114,37.66156670746634,1.7010403916768664,40.48551611587107
2000-02-17,7426.736566186108,3.8025002520415363,37.76923076923077,1.7061195685048895,40.62707934267567
2000-02-18,7412.143654255859,3.803692807142132,38.031652632646846,1.7067058942883229,40.698995637617934
2000-02-21,7430.272902505833,3.802779750431166,38.182104088465046,1.7087349092015824,40.72943086131683
2000-02-22,7450.379165835163,3.8002394731590505,38.12692077429655,1.7071442825783278,40.75234484134903
2000-02-23,7441.309098132698,3.793007548669051,38.06495828367104,1.710170838299563,40.6108462455304
2000-02-24,7485.966861992321,3.8056172964235198,38.15083855324308,1.7180238432006465,40.96080016164882
2000-02-25,7382.268419443596,3.8011821053704273,37.866605523285436,1.7116070518699684,40.91307449301947
2000-02-28,7442.660026973752,3.796244423695404,37.88764394646748,1.7142857142857144,40.92436974789916
2000-02-29,7413.8562898908785,3.799464690137945,38.119106444307185,1.7232859789993822,40.973852172122704
2000-03-01,7382.714389158994,3.7989034860866866,38.07323885383263,1.718216613220234,41.03755042929554
2000-03-02,7431.146529562981,3.800719794344473,37.92082262210797,1.7174293059125962,40.90694087403598
2000-03-03,7449.622114090485,3.799875763536598,37.953100735065746,1.7232632777720263,40.90278496738793
2000-03-06,7446.95020746888,3.803008298755187,38.11058091286307,1.7270746887966806,40.93257261410789
2000-03-07,7465.787553424372,3.800271030960075,38.108933597414776,1.7215678098613572,41.1529240070885
2000-03-08,7452.666876244367,3.798805407104684,37.93314471340249,1.7139264382269725,40.97767997485067
2000-03-09,7375.395174708819,3.8002287853577372,37.94696339434277,1.7113144758735441,40.95257903494176
2000-03-10,7364.641631124518,3.7975657963174863,37.797461770519085,1.7026942681785082,40.84468948299178
2000-03-13,7417.743927542198,3.796315356113627,37.83799917661589,1.7058460271716755,40.86043639357761
2000-03-14,7438.066528066528,3.7992723492723495,37.87515592515592,1.7086278586278587,40.91164241164241
2000-03-15,7473.069347983829,3.799626826992848,38.00518295843268,1.7114128744687467,40.93604229294081
2000-03-16,7469.667805029493,3.8077201697195484,37.99958604988099,1.7155127807099244,41.03280554693159
2000-03-17,7444.623655913979,3.7992142266335813,37.9881100082713,1.714123242349049,40.941894127378
2000-03-20,7438.476582604219,3.799279464745239,37.99722079258878,1.7197117858980957,40.94698919197118
2000-03-21,7471.157612617257,3.8005360272136897,37.88094010926709,1.7195134522214204,40.98134212967735
2000-03-22,7433.458294283037,3.798604602728314,37.82713735291055,1.715609705300427,40.865354576694784
2000-03-23,7417.243164871583,3.7858326429163216,37.559444904722454,1.704639602319801,40.733222866611435
2000-03-24,7448.450849202264,3.8011322696860526,37.76253216675244,1.7172413793103447,40.93772516726711
2000-03-27,7481.929571663921,3.801070840197694,37.78480230642504,1.7144769357495881,40.98537891268534
2000-03-28,7596.185342593552,3.8005597595107288,37.83093189592619,1.7165958329014201,40.98683528558101
2000-03-29,7563.691471571906,3.8006897993311037,37.7809364548495,1.7156145484949832,40.96153846153846
2000-03-30,7574.453165881738,3.7972789115646255,37.807326007326004,1.718262689691261,41.01517530088958
2000-03-31,7602.219198157646,3.7985972992777137,37.8412017167382,1.7119229561394325,41.12530095258034
2000-04-03,7700.888749477206,3.793078209953994,37.71591384358009,1.7145545796737764,41.10518611459641
2000-04-04,7695.250576640805,3.80268400083875,37.85080729712728,1.719333193541623,41.22772069616272
2000-04-05,7777.762845032565,3.796650470381474,37.999689858368654,1.7146696991626176,41.15372686860333
2000-04-06,7773.132467532468,3.7967792207792206,38.07137662337662,1.7115844155844155,41.090909090909086
2000-04-07,7651.798410706817,3.8034295273943957,38.01882057716436,1.7145545796737764,41.12191551652028
2000-04-10,7616.663190823775,3.7963503649635038,37.963399374348285,1.7171011470281545,41.08133472367049
2000-04-11,7608.182197206587,3.8015426308109235,38.060871377944544,1.720762976860538,41.142380654575774
2000-04-12,7611.831662489557,3.798454469507101,37.97921888053467,1.7174185463659148,41.172723475355056
2000-04-13,7619.398133584985,3.802139037433155,37.92691622103387,1.7164726853308168,41.19953863898501
2000-04-14,7607.002096436059,3.8010482180293503,37.88501048218029,1.707861635220126,41.17085953878407
2000-04-17,7678.61694348689,3.8060169225947975,38.02245899926877,1.7079285490441867,41.259793168285796
2000-04-18,7765.831315152153,3.800463304201327,37.949036537854056,1.6990628619564072,41.20459092344951
2000-04-19,7872.856991861325,3.8069971461790506,38.02124511151041,1.7026741359264348,41.301130958672445
2000-04-20,7975.106655290103,3.8024744027303754,37.949338737201366,1.6979522184300342,41.26706484641638
2000-04-25,7925.435390238658,3.8003655127929474,38.03708879810793,1.7036121264244248,41.32767146850139
2000-04-26,8002.186446209072,3.800609159142826,38.105406287392576,1.706298270423148,41.35646687697161
2000-04-27,7914.754992906253,3.8022481719960712,38.11786532794936,1.7075193713849175,41.349994543271855
2000-04-28,7924.9642267473855,3.795266923500275,38.02685745734728,1.7041276829939462,41.248211337369284
2000-05-02,8012.527424308908,3.7977182974989034,38.309236507240016,1.7163229486616938,41.25054848617815
2000-05-03,7990.384831145518,3.804891731179177,38.43588017502525,1.7218669359362728,41.328396723886456
2000-05-04,7989.1136693863855,3.799597630490667,38.51067396892813,1.7220297306359673,41.260757795909235
2000-05-05,7960.129118432769,3.797751558325913,38.51146482635797,1.7211709706144258,41.25
2000-05-08,8004.859249329758,3.7944593386952636,38.409182305630026,1.7220732797140306,41.205317247542446
2000-05-09,8067.442637558475,3.7917130764089997,38.55112497215415,1.7227667631989305,41.26085987970594
2000-05-10,8174.217634786429,3.7947732513451196,38.59415833973866,1.7251564730427145,41.31876578456133
2000-05-11,8401.167529463597,3.8072474942174246,38.94999449278554,1.7280537504130409,41.52990417446855
2000-05-12,8396.721674604052,3.8073983829881493,38.95259718684239,1.7280983497618783,41.53062354635065
2000-05-15,8603.301628949383,3.801464961189461,39.260085273860284,1.7329178965781131,41.5655406144091
2000-05-16,8549.906232763376,3.8044125758411473,39.370546056260345,1.7324875896304468,41.648097076668506
2000-05-17,8496.906523201076,3.800829410446088,39.30385563774938,1.734028244788164,41.66442501681237
2000-05-18,8623.562961306196,3.7993737418921945,39.34846790427198,1.7346231268172667,41.7177365242675
2000-05-19,8327.019718309859,3.7967323943661975,38.967661971830985,1.7267605633802818,41.63943661971831
2000-05-22,8368.488888888889,3.797111111111111,39.01466666666666,1.7294444444444443,41.89222222222222
2000-05-23,8432.224783229063,3.7990341345626164,39.25211283064427,1.7332894303589068,42.36417517286796
2000-05-24,8498.878874477907,3.803912947900637,39.366124422950094,1.7373049021763023,42.944603209496584
2000-05-25,8471.807148424452,3.810822848235163,39.21912927290948,1.7371116802137847,43.22235831199198
2000-05-26,8508.957672536366,3.7948157060045933,39.09723285573663,1.729847971125451,42.74198840643115
2000-05-29,8620.125242928094,3.802310516087238,39.24832649535737,1.734506586050529,42.730511768516514
2000-05-30,8651.928624853083,3.803077251843146,39.29650603696977,1.7354418207073408,42.78448552195748
2000-05-31,8636.181876813931,3.7963022680855634,39.13501021175965,1.7343867569601203,42.60453617112759
2000-06-01,8427.26688102894,3.8015005359056806,39.135476956055726,1.732475884244373,42.655948553054664
2000-06-02,8411.362907536077,3.8005344735435598,38.99134152859433,1.726242650988776,42.506680919294496
2000-06-05,8488.656842997985,3.7990034983568326,38.85879359694689,1.7208735290999682,42.28877345489239
2000-06-06,8556.425935687928,3.796204533473906,38.86610437532946,1.7219820769636267,42.35846072746442
2000-06-07,8639.49131253925,3.804270462633452,38.96786686204731,1.7254553066778313,42.44714255809085
2000-06-08,8634.371121224658,3.8043028547786513,39.01230864708317,1.7230037236243276,42.548613984278035
2000-06-09,8626.311907270812,3.8096944151738676,39.15173867228662,1.7291886195995787,42.58798735511064
2000-06-12,8587.75060354781,3.798992337566915,39.03484832581085,1.722577936391309,42.488716280046184
2000-06-13,8571.42857142857,3.7984973390378793,38.90879682771574,1.7198163414379628,42.43243243243243
2000-06-14,8527.656704026567,3.801266085512661,38.97218762972188,1.7217725197177252,42.413864674138644
2000-06-15,8539.552708945821,3.8000839983200336,39.022994540109195,1.7225955480890383,42.50209995800084
2000-06-16,8572.242550967068,3.801045478306325,39.165290120230004,1.7269210663878725,42.63146889702039
2000-06-19,8647.2510373444,3.8006224066390044,39.17520746887967,1.7313278008298756,42.65663900414938
2000-06-20,8633.17257286643,3.801425875445586,39.1394422310757,1.734116166911302,42.716502411407006
2000-06-21,8661.383315733898,3.8006335797254494,39.171277719112986,1.7344244984160508,42.80675818373812
2000-06-22,8704.167995746944,3.801913875598086,39.28378522062732,1.7363104731525785,42.920786815523655
2000-06-23,8675.47009455009,3.8002762137469457,39.07712737703176,1.732603845745246,42.902369064060345
2000-06-26,8703.270076123084,3.8011150423501663,39.14967299238769,1.7345341481719738,42.91197598370323
2000-06-27,8686.395064354856,3.8005531326454634,39.15625997234336,1.7335389852143388,43.00712690139346
2000-06-28,8681.7843866171,3.799468932554434,39.11046202867764,1.7341476367498672,43.09399893786511
2000-06-29,8723.221801346801,3.80145202020202,39.20949074074074,1.7356902356902355,43.16603535353535
2000-06-30,8748.137295939723,3.798137295939724,39.184282126412725,1.7280242779405608,43.1802009208874
2000-07-03,8948.298746444749,3.801432634572843,39.389550194880435,1.7322237438112293,43.565785315495624
2000-07-04,8960.198165911248,3.8022557183514287,39.36787182460209,1.7346895752081797,43.57541899441341
2000-07-05,9381.891580161477,3.8032924399706407,39.654084093530464,1.7390164621998534,43.72968438712383
2000-07-06,9319.985328023475,3.8082163068539088,39.640012575979874,1.737895619367009,44.07461748061203
2000-07-07,9321.396182642622,3.8025941157861434,39.752293577981646,1.7367921543815248,44.0303701360329
2000-07-10,9292.071826105219,3.798802898246351,39.91242255591725,1.7380027302320697,44.33686863383387
2000-07-11,9333.536265351107,3.798992337566915,40.008712081452714,1.742836149889787,44.838878975543196
2000-07-12,9424.465733235076,3.8018738814612068,40.07400779029371,1.7433414043583535,44.771028529318876
2000-07-13,9455.043320141192,3.8010482404535244,39.98577387955931,1.7420044924590867,44.76200663172532
2000-07-14,9499.657534246575,3.8046875,40.11076626712329,1.7457191780821917,44.60509417808219
2000-07-17,9506.811377245509,3.8075278015397775,40.397668947818644,1.750962360992301,44.683490162532074
2000-07-18,9318.49673901422,3.801347161338608,40.300117609323216,1.7479952956270715,44.56217256495242
2000-07-19,8987.684461805555,3.796875,40.182291666666664,1.745551215277778,44.49435763888889
2000-07-20,8900.986984815618,3.7940347071583513,40.19674620390455,1.7437093275488067,44.459869848156174
2000-07-21,8976.375093452953,3.796432767275446,40.27630033109047,1.7453807540318276,44.3575776994553
2000-07-24,8900.717959708529,3.7982211744534933,40.745392198885554,1.7446420917273897,44.60351478782683
2000-07-25,9040.010626992562,3.8000000000000003,40.9249734325186,1.7453772582359195,44.75026567481403
2000-07-26,9070.319488817893,3.80223642172524,41.0891373801917,1.7429179978700746,45.10649627263046
2000-07-27,8955.49046756843,3.800404728938119,40.9671956544893,1.7340504846096498,44.8801789327937
2000-07-28,8946.453212591634,3.8006683915480814,41.23167313497197,1.7332902112979731,44.95687796463993
2000-07-31,8897.024775505788,3.8051498431245268,41.38093692524072,1.7347181650979118,44.96051065671319
2000-08-01,8946.459412780656,3.800194300518135,41.11172279792746,1.7325129533678756,44.8823402417962
2000-08-02,8815.488952089258,3.8001531393568144,40.79227740100634,1.7278494858893019,44.80310654123824
2000-08-03,8636.951705804164,3.8054940186087727,40.75642445724412,1.7288435976960566,44.714222419140455
2000-08-04,8618.347912744988,3.8014616321559074,40.69084265308382,1.721736241833684,44.61742885616211
2000-08-07,8599.537648612946,3.7997578159401146,41.20277410832233,1.7267723469837077,44.84808454425364
2000-08-08,8613.109318005969,3.799159942522383,41.05593014258871,1.7256549132309054,44.84027854537416
2000-08-09,8635.49537501393,3.8001783127159254,40.9472863033545,1.7226122812883096,44.7029978825365
2000-08-10,8471.099546008194,3.802679658952497,40.844424759162884,1.7179714317351347,44.83224449119699
2000-08-11,8314.553219448095,3.7990582566798072,40.77277704774419,1.713425317564608,44.88830486202365
2000-08-14,8236.377760514926,3.8006880479414047,40.651758961269564,1.7160137609588282,44.90844523360337
2000-08-15,8346.874314542663,3.803136652774731,40.93869269576661,1.7215398113621407,44.986839219127
2000-08-16,8341.898148148148,3.803130511463845,40.798721340388006,1.7181437389770722,45.00771604938272
2000-08-17,8311.805251641137,3.79398249452954,40.77527352297593,1.7141137855579869,44.87855579868709
2000-08-18,8347.29922208831,3.8010299112523285,41.036266023885176,1.7203900514955628,45.004930426207956
2000-08-21,8244.574975063726,3.8021722265321953,40.877646015737554,1.717943034467472,44.95511470686025
2000-08-22,8146.366473473027,3.800601872492198,40.801827909050374,1.7170084707980384,44.98328131966117
2000-08-23,8444.527921058532,3.7998430141287285,40.75274725274725,1.719443821484638,44.92262839201614
2000-08-24,8392.210386151797,3.7987128273413227,41.011429205503774,1.7214824678206835,44.990013315579226
2000-08-25,8370.934486198868,3.800354727857222,40.87961423345527,1.7217603369914642,45.05487196541403
2000-08-28,8225.469079604753,3.8001554346619297,40.787276562673476,1.7192183857000112,45.0283113134229
2000-08-29,8368.276631344117,3.801450083658673,40.98103736754044,1.7219185722253207,45.06748466257669
2000-08-30,8377.685486586597,3.8058143450443374,41.067235379952855,1.7257829161522056,45.16893029520709
2000-08-31,8282.438805299798,3.803503256231754,40.86177857624074,1.7220974623849092,45.18077700426679
2000-09-01,8321.410918894631,3.800606605257246,40.95192091664794,1.7225342619636037,45.158391372725234
2000-09-04,8287.31111111111,3.8011111111111107,41.126444444444445,1.7232222222222222,45.313333333333325
2000-09-05,8338.600045014631,3.7997974341661043,41.198064370920555,1.7268737339635383,45.59756920999325
2000-09-06,8383.805851667044,3.801769108641415,41.32376956225902,1.7297573145838059,45.54660920843728
2000-09-07,8397.579529737206,3.798870447210696,41.393153526970956,1.7305209774089443,45.5129091747349
2000-09-08,8404.52203777905,3.7997710360618204,41.542644533485976,1.7358900973096736,45.547796222095016
2000-09-11,8470.217214542921,3.7933557904518524,41.342896968289004,1.7349285631316065,45.421070972238354
2000-09-12,8655.514279080566,3.8002089621546316,41.5574645925238,1.7421639192013,45.653587183654516
2000-09-13,8796.914721516063,3.7982435867806794,41.58862953547493,1.7437023341807256,45.67136584238503
2000-09-14,8614.782008512597,3.8088116875647073,41.851144599102724,1.7434717588864606,45.95536638674796
2000-09-15,8733.105049332558,3.8034822983168888,41.96401625072548,1.7456761462565293,45.64248403946604
2000-09-18,8687.55571193995,3.8010790523105795,42.227422003284076,1.7475955899601219,45.84330283837673
2000-09-19,8704.074464348438,3.8017796510947197,42.334855403348556,1.7460484720758696,45.92202318229716
2000-09-20,8797.215667767816,3.7966021708352997,42.637328928739976,1.7449268522888155,45.919065596979706
2000-09-21,8772.12576255279,3.7943453777569216,42.59244486156734,1.7434303144063819,45.93266072266541
2000-09-22,8756.062992125984,3.7983127109111363,42.73082114735658,1.747806524184477,46.029246344206975
2000-09-25,8844.036488027366,3.801824401368301,42.67445838084379,1.747776510832383,46.14709236031926
2000-09-26,8750.508164896653,3.797990179285143,42.19333104944616,1.7413497773210003,46.17677286742035
2000-09-27,8860.512357521724,3.800248278975285,42.18733777226046,1.74257984426137,46.18778918857917
2000-09-28,8820.516304347826,3.7980072463768115,42.47339221014493,1.743432971014493,46.17640398550725
2000-09-29,8769.99429549344,3.797832287507131,42.12104962920708,1.739532230462065,46.13918996006846
2000-10-02,8796.443990002272,3.8092478982049536,42.3181095205635,1.7401726880254489,46.363326516700745
2000-10-03,8775.510669861918,3.8002967020426794,42.36745406824148,1.7434668492525391,46.43272851763095
2000-10-04,8824.59335624284,3.8041237113402064,42.74146620847652,1.7505154639175258,46.55097365406644
2000-10-05,8777.50967448213,3.7967220578192578,42.43876621898475,1.7490325517869336,46.36125654450261
2000-10-06,8791.566126623004,3.802941514420315,42.48672871423647,1.748247730667586,46.4345627944387
2000-10-09,8821.023576768257,3.8004600345025876,42.55986198964922,1.7499712478435883,46.58079355951696
2000-10-10,8823.54087833964,3.801513587891297,42.86217176929251,1.7504873294346979,46.96938424492605
2000-10-11,8857.62614678899,3.8032110091743117,43.01204128440367,1.7490825688073393,47.37155963302752
2000-10-12,8951.734505087881,3.8033071230342275,43.38263182238668,1.7540471785383902,47.54162812210915
2000-10-13,8934.322475947607,3.8039874811637877,43.660600440477566,1.7549553726672076,48.6507476527182
2000-10-16,8900.763717542004,3.8023733991305373,43.30301962166609,1.752203031371167,48.6323581247797
2000-10-17,8891.866760828625,3.7983757062146895,43.379708097928436,1.7547080979284368,48.329802259887
2000-10-18,8909.07917888563,3.80058651026393,43.852785923753665,1.7576539589442814,48.40821114369501
2000-10-19,8891.594340744265,3.8006182380216385,43.412792771370825,1.751991439781239,48.794435857805254
2000-10-20,8938.984855655466,3.803833412210128,43.73899668717464,1.7547326076668246,48.7991008045433
2000-10-23,8965.894711710636,3.8025546138235646,44.01396681389519,1.7550435716843737,48.98292944968366
2000-10-24,8914.953493918436,3.7892916766038636,43.732172668733604,1.7530407822561411,49.191509658955404
2000-10-25,8945.696400625977,3.7981220657276995,43.63404357770555,1.7539424581678105,49.63163596966414
2000-10-26,9097.746000969462,3.8252544837615123,44.07186136694134,1.7554532234609792,50.71134270479884
2000-10-27,9142.755886592984,3.801177318596828,43.75816914944738,1.7548053820278713,51.16530514175877
2000-10-30,9348.266918179675,3.8033482669181797,43.723650082527705,1.753242159867956,51.596321622258905
2000-10-31,9405.53641439943,3.79826541523108,43.95414043008198,1.7568017108233336,51.10134252108828
2000-11-01,9154.47743745616,3.7998597147533313,43.69254150105214,1.746551321019406,51.14683189151274
2000-11-02,9153.25005783021,3.7910016192458937,43.59646079111728,1.7423085820032385,50.87901919962989
2000-11-03,9177.079037800688,3.80504009163803,43.3971363115693,1.7422680412371132,51.067583046964494
2000-11-06,9158.705434406369,3.8015460943809853,43.36748586592823,1.7319718472366448,47.96930887273567
2000-11-07,9278.840107138698,3.805519972050774,43.723419121928494,1.7384418306742748,49.322231279841624
2000-11-08,9203.59855123262,3.803481715153639,43.60077111812128,1.7367683140553802,50.29793200140203
2000-11-09,9277.728285077952,3.801078419880436,43.56277107021452,1.7409447895909038,50.01523854178877
2000-11-10,9198.950766747377,3.789346246973366,43.48679810907414,1.740458895422576,50.058803182289864
2000-11-13,9263.22505800464,3.8013921113689095,43.69025522041763,1.74245939675174,50.267981438515086
2000-11-14,9382.74496096936,3.8011184900384487,43.66783176045672,1.7441454037049984,49.91494815332634
2000-11-15,9371.195905072125,3.798510935318753,43.65728245695672,1.7454630060493252,49.7801302931596
2000-11-16,9372.750612673592,3.8011436573695883,44.08787489788774,1.751429571711985,49.91480919593885
2000-11-17,9408.763913298184,3.8055067369654365,44.18968951376684,1.7514938488576448,49.92384299941418
2000-11-20,9461.109802073515,3.7984213006597547,44.30678605089538,1.7550659754948161,49.83034872761546
2000-11-21,9462.213830540475,3.7989143261741796,44.1620250177012,1.7559594052395562,49.485485012980874
2000-11-22,9452.248190769962,3.8009253766757625,43.53541345355321,1.7532328864634001,49.112587495551075
2000-11-23,9414.239943040227,3.8017087931648272,43.84039397175744,1.756496974012104,49.420908983030735
2000-11-24,9455.57136083452,3.8002607871028924,43.80761024182077,1.7597202465623518,49.37766714082504
2000-11-27,9441.636926005234,3.7952652866999763,43.44813228646205,1.7569593147751608,49.33499881037354
2000-11-28,9437.542343184206,3.798037612428455,43.77701203130476,1.7570377292372388,49.47436047190749
2000-11-29,9450.843930635838,3.7922543352601155,43.711445086705204,1.7539884393063585,49.524855491329475
2000-11-30,9519.08106863197,3.793643482266237,43.71188392445878,1.7554122524182405,49.51750345462921
2000-12-01,9512.821980538065,3.799198626216371,43.79496279336004,1.7514596451058957,49.58900973096737
2000-12-04,9530.163897620116,3.8034351145038165,43.76167489896722,1.7440502918724743,49.519533004041314
2000-12-05,9519.523269012487,3.802837684449489,43.812372304199776,1.7442678774120317,49.63677639046538
2000-12-06,9555.969642048029,3.80233348436792,43.637177163570456,1.7429768917082011,50.13140009062075
2000-12-07,9601.610197920161,3.800738007380074,43.50732416415073,1.733310969473331,50.15878340601588
2000-12-08,9548.724002248455,3.7955030916245085,43.4486790331647,1.7380550871276,49.99100618324902
2000-12-11,9344.695592912312,3.797819173103135,43.430372557928216,1.7339845524761472,49.92162653339391
2000-12-12,9484.05830107037,3.7976542928717834,43.45775449783648,1.7358232748804372,49.818947847870646
2000-12-13,9483.664837677183,3.8034979423868314,43.61488340192044,1.7411979881115685,50.045724737082764
2000-12-14,9408.734019685484,3.801561262586265,43.46226948749858,1.737753139495418,50.11992306822039
2000-12-15,9356.144256455922,3.796415850400712,43.408949243098846,1.734639358860196,49.97773820124666
2000-12-18,9352.52063350435,3.790876645103725,43.246040597813966,1.7370064688824447,49.97992415792996
2000-12-19,9251.89262046501,3.7987195327417727,43.00550376277659,1.7364933168594856,50.08311805009547
2000-12-20,9249.597085771054,3.8018545093277405,42.69621371012253,1.7327519593774148,50.12473782978254
2000-12-21,9302.471025584957,3.798928493330418,42.386507762956484,1.7304832713754648,50.06669582331074
2000-12-22,9285.497835497834,3.799242424242424,42.04090909090909,1.7266233766233765,49.964285714285715
2000-12-27,9408.464017185823,3.7986036519871105,42.731686358754025,1.7267454350161116,49.90655209452202
2000-12-28,9551.556273559505,3.8006462035541198,43.20700053850296,1.7316101238556811,49.908454496499736
2000-12-29,9755.776464266524,3.8022568511552928,43.300591080064486,1.7330467490596455,50.039763567974205
2001-01-02,9455.50249389791,3.80027592061976,43.873394884856204,1.7378754112278467,50.94237503979624
2001-01-03,9548.499475341028,3.7994753410283315,43.52822665267576,1.7318992654774399,51.04197271773348
2001-01-04,9474.508352717276,3.799851977162191,43.38274476633538,1.732818777754282,50.987523789384646
2001-01-05,9480.576217915137,3.7942378208486116,43.18931377684652,1.73399685699319,50.92299633315872
2001-01-08,9500.505422765083,3.8022533431609986,43.04991049805202,1.7285458565862903,51.00452774560387
2001-01-09,9501.574300606319,3.8026805658972447,43.17487501329646,1.7322625252632697,51.01584937772577
2001-01-10,9543.550786230344,3.800467488312792,43.26614959626009,1.734487887802805,51.130471738206545
2001-01-11,9627.029297490286,3.800798067835766,43.5541321012286,1.7357975427911372,51.360915677832615
2001-01-12,9615.065479308538,3.803876375065479,43.393190151911995,1.7328444211629124,51.65217391304348
2001-01-15,9473.027153160798,3.8012303775986425,43.4588459906661,1.7362112855324565,52.46711921934663
2001-01-16,9491.553336166597,3.8026986825329363,43.179876753081174,1.7348066298342542,52.78686782830429
2001-01-17,9438.952745849298,3.795551298424862,43.14442315879097,1.7327586206896552,54.286930608769694
2001-01-18,9482.560612505316,3.8030625265844322,43.284559761803486,1.7390472139515099,54.79370480646533
2001-01-19,9457.54255319149,3.8030851063829787,43.08436170212766,1.7378723404255318,47.56382978723405
2001-01-22,9387.115177610332,3.8053821313240044,43.155651237890204,1.7351991388589882,49.318622174381055
2001-01-23,9375.007972786223,3.8000425215265228,43.07505049431274,1.741469118741363,49.559902200489
2001-01-24,9428.050355067786,3.8012696363245104,43.048956315902736,1.7413384979556703,48.44092963202066
2001-01-25,9458.976601793134,3.7990378307456814,42.960419855674616,1.7421823748086596,49.18652963043954
2001-01-26,9442.576939748593,3.8010403120936282,42.82661465106199,1.7463155613350672,49.76376246207195
2001-01-29,9456.042641139999,3.8003916023061026,42.64962471445665,1.7465462852170128,49.50614598063744
2001-01-30,9435.522452973797,3.800260954659128,42.682396433619665,1.7477438295096228,49.60313145590953
2001-01-31,9456.031421500053,3.8003873883568273,42.49962337243086,1.7426019584633594,48.9303777036479
2001-02-01,9544.5672974697,3.8018286200297684,42.27524984052732,1.7415479481182223,49.173931533064
2001-02-02,9523.482513022218,3.7995110024449876,42.30828106729032,1.7372169660890828,48.99223982140959
2001-02-05,9600.010610079577,3.8000000000000003,42.58503978779841,1.7418567639257294,49.10026525198939
2001-02-06,9635.85067582064,3.8043338339412145,42.45279982836301,1.7428663376957734,48.73524994636344
2001-02-07,9647.94638069705,3.7992493297587133,42.54595174262735,1.7482037533512065,48.54048257372654
2001-02-08,9652.104121475053,3.8004338394793926,42.584273318872015,1.7458785249457698,48.21041214750542
2001-02-09,9591.980058523897,3.7998265958599764,42.60268776417037,1.7473718435027639,48.27246125501246
2001-02-12,9601.668819982775,3.7961886304909562,42.58139534883721,1.7466623600344533,48.27627045650301
2001-02-13,9612.603773584906,3.8010781671159033,42.43644204851752,1.7445822102425876,47.66361185983828
2001-02-14,9615.1667029854,3.803987796905644,42.424275441272606,1.7453693615166705,47.87426454565265
2001-02-15,9587.326732673266,3.795489548954895,42.30913091309131,1.7433443344334434,47.46754675467547
2001-02-16,9620.168989355865,3.79984637331285,42.51399100186547,1.7372983649731153,47.54745967299462
2001-02-19,9615.738630196462,3.8019103440790185,42.65049386736134,1.737653315966569,47.92358623683925
2001-02-20,9616.681367144432,3.8,42.71422271223815,1.739691289966924,47.650496141124584
2001-02-21,9605.773015525914,3.7958670457030395,42.85928274655588,1.7445877979444566,48.09752897441505
2001-02-22,9637.19081272085,3.8011263250883394,43.119368374558306,1.7446996466431097,48.26303003533569
2001-02-23,9670.575904677846,3.796447484554281,43.010812003530454,1.7452559576345985,48.080317740511916
2001-02-26,9850.01647446458,3.800439319055464,42.8950027457441,1.7439868204283362,48.255903349807795
2001-02-27,9863.931026956237,3.799847211611917,42.8302957546655,1.7415693550147333,48.24729891956783
2001-02-28,9827.660034602077,3.8006055363321805,43.11169982698962,1.7431877162629759,48.30882352941177
2001-03-01,9876.610206063222,3.799870536195922,43.25202287193872,1.7454957384831158,48.24792318480958
2001-03-02,9861.219694542347,3.800704902274912,43.35853892983018,1.7478372316565203,48.46843960269145
2001-03-05,9849.489521762494,3.8,43.49768941429339,1.753250940354648,48.039763567974205
2001-03-06,9888.52247009376,3.7673240650932214,43.45241944175019,1.753745015626684,47.63336566440349
2001-03-07,9885.86010529709,3.802299344579349,43.650800472762434,1.756957129042656,48.154077576018054
2001-03-08,9929.800257731958,3.8014390034364256,43.5360824742268,1.757409793814433,47.91774054982818
2001-03-09,10150.122902639734,3.8002564924655338,43.52912258202416,1.7563321577428663,48.02821417120872
2001-03-12,10500.02157031924,3.8002588438308886,43.74999999999999,1.7601380500431405,48.12769628990509
2001-03-13,10300.38035209737,3.802977613562269,43.57943925233644,1.7597261464898935,47.962399478374266
2001-03-14,10168.862992812023,3.8016771945109995,43.6379873665868,1.762470050098018,48.22152036593335
2001-03-15,9926.103265666374,3.8006398940864963,43.954876434245364,1.7699691085613416,48.457634598411296
2001-03-16,10315.021795015089,3.8008270928802945,44.02503632502515,1.7766849223203307,48.511232815468865
2001-03-19,10421.05380168964,3.799355269008448,43.80580257892397,1.7654513116940864,48.47154290795909
2001-03-20,10413.270509977827,3.799223946784922,43.967738359201775,1.7739467849223947,48.4390243902439
2001-03-21,10430.367074527252,3.7989988876529472,44.23036707452725,1.7833147942157952,48.587319243604
2001-03-22,10404.949938125772,3.805602429969625,44.49251884351445,1.7887276409044888,49.09663629204635
2001-03-23,10397.803183142792,3.8017260703878057,44.25453934095494,1.7843532840170366,49.12239408204438
2001-03-26,10397.705651930612,3.8002238388360383,44.31516508114158,1.7929490766648015,49.50867375489647
2001-03-27,10405.585344057194,3.79982126899017,44.42750223413763,1.7954647006255584,49.647006255585346
2001-03-28,10391.76072234763,3.8002257336343113,44.44255079006772,1.796839729119639,49.20316027088036
2001-03-29,10397.5,3.8004524886877826,44.725,1.7999999999999998,49.11085972850679
2001-03-30,10403.351449275362,3.7978940217391304,44.91394927536232,1.8035552536231885,49.52219202898551
2001-04-02,10434.883720930233,3.8009575923392616,45.190378476972185,1.8145234838121294,49.78682170542636
2001-04-03,10436.743923120406,3.7987563595251554,45.11927642736009,1.8134539287733185,49.784058790276994
2001-04-04,10598.848538529672,3.7972763507528784,45.40223649247121,1.8159875996457042,49.88928255093003
2001-04-05,10699.068736141906,3.7987804878048776,45.259866962305985,1.8082039911308203,50.108647450110865
2001-04-06,10841.364653243849,3.8000000000000003,45.58478747203579,1.8145413870246085,50.1744966442953
2001-04-09,10809.902417387448,3.7978487469505433,45.674761587935244,1.8164781548015079,50.472388556220885
2001-04-10,10653.70598099497,3.8004471771939636,45.615092230296256,1.8127445500279487,49.906092789267746
2001-04-11,10594.739819004524,3.805090497737557,45.42963800904977,1.8074660633484163,50.193438914027155
2001-04-12,10601.11877048254,3.7977172561871395,45.37134139450785,1.7999773985761103,49.9694880777489
2001-04-17,10860.561938346036,3.800819019451712,45.523262427482656,1.8087817085655786,50.31168240245706
2001-04-18,10961.836409204829,3.804397357028936,45.51993620414673,1.804397357028936,50.157211209842785
2001-04-19,11104.440919904837,3.8034439787017105,45.29353121105699,1.8040104225671236,50.0962954571202
2001-04-20,11780.91000111247,3.8004227389031033,45.65791522972522,1.8155523417510289,50.25586828345755
2001-04-23,11944.71228615863,3.7991557431681846,45.55476560764275,1.8097089535658741,50.46434125749833
2001-04-24,11835.383929566477,3.7991753036888443,45.5072996768082,1.8129945391730748,50.13930680931684
2001-04-25,12000.413546440148,3.806415558287694,45.658656532916055,1.8171454118699004,50.6594389180731
2001-04-26,12003.683568179296,3.7951847331632087,45.65172528569843,1.8162653944302674,50.935315655164764
2001-04-27,11853.319295134655,3.8003989803834646,45.71317743544276,1.8194613764823229,50.906572093538735
2001-04-30,11601.994141505184,3.8006985128436233,45.63271744028842,1.8203019378098242,51.40829202343399
2001-05-02,11103.14359492534,3.801953519703604,45.477826428651625,1.8155383406309642,50.77579431907488
2001-05-03,11075.63742558688,3.7987195327417727,45.42760867123442,1.8205099404695047,50.20891834213187
2001-05-04,10950.632061751874,3.8004251034791365,45.64761158966327,1.822798970802103,50.40608569191185
2001-05-07,10951.238928130955,3.799865455768584,45.640206301154834,1.8206076914452292,50.447359569458456
2001-05-08,10949.323257387772,3.800812091134672,45.61301601624182,1.8249492443040831,50.43649898488608
2001-05-09,11069.366715758468,3.7978928288206637,45.47739888977002,1.8216834711680072,50.6219553642234
2001-05-10,11229.74011299435,3.8180790960451976,45.74497175141243,1.8160451977401129,50.840677966101694
2001-05-11,11273.646415137355,3.799612447281432,45.45947794369087,1.8120369314943576,50.245070101447624
2001-05-14,11400.663236134933,3.8011435105774725,45.512635791881074,1.8172670097198398,50.31446540880503
2001-05-15,11455.451642335765,3.8039461678832116,45.57664233576642,1.8190009124087592,50.25205291970803
2001-05-16,11426.069730586372,3.804052524337786,45.408988000905595,1.8129952456418383,50.20375820692778
2001-05-17,11289.756097560976,3.798071469086784,45.31389676687465,1.8089619965967103,50.22461712989224
2001-05-18,11363.99680984391,3.7977668907371536,45.48877748661273,1.8099578443659565,50.23812236527287
2001-05-21,11464.35915010281,3.8000913867946085,45.62245830477496,1.81128626913411,50.84989718985607
2001-05-22,11419.09038572251,3.797812320092113,45.6013816925734,1.8115141047783534,50.545768566493955
2001-05-23,11417.67035527082,3.798485730926034,45.48177052999418,1.8052417006406523,50.30401863715783
2001-05-24,11417.701069270108,3.798930729893073,45.420966992096695,1.8033472803347281,50.3161320316132
2001-05-25,11462.344313816784,3.801187289023397,45.57420556396229,1.809451751833314,50.540100104760796
2001-05-28,11604.18219944082,3.8026561043802425,45.65587138863001,1.8119757688723204,50.83643988816402
2001-05-29,11201.976145930777,3.800631431244154,45.40797474275024,1.8064780168381664,50.50865294667914
2001-05-30,11386.363636363638,3.797382566020098,45.36059827062398,1.8093012386071512,50.56438420191634
2001-05-31,11125.672169811322,3.8004716981132076,45.38266509433962,1.8096698113207548,50.505896226415096
2001-06-01,11439.891483840529,3.8023118660061335,45.349846661948575,1.8096249115357397,50.779665015333805
2001-06-04,11462.798073534595,3.802537295900388,45.48067661224011,1.8142840361799601,50.70832843885822
2001-06-05,11224.347312463082,3.800236266981689,45.08233904311872,1.8109864146485528,50.62847017129356
2001-06-06,11200.901322720358,3.8014748917242187,45.31394123844083,1.8120098326114948,50.74329860704671
2001-06-07,11186.711552090715,3.8002598629813367,45.11670210252775,1.809591306402079,50.60359083392393
2001-06-08,11235.675484175721,3.805621162021729,45.213273500236184,1.8103448275862069,50.975436939064714
2001-06-11,11278.938073934542,3.8002119142924413,45.23086884859901,1.8124558511890747,51.20320226041911
2001-06-12,11239.497285815436,3.8000944064196367,45.29808827000235,1.816261505782393,51.249704979938635
2001-06-13,11226.317021774761,3.8008663076562867,45.42531023179584,1.8166705689534068,51.26199953172559
2001-06-14,11246.985398021669,3.800753650494583,45.37800282618935,1.8172397550635893,51.260009420631185
2001-06-15,11264.557838836297,3.8009697529438933,45.26829831447702,1.8114754098360655,51.56199492034172
2001-06-18,11294.347978091133,3.799790234238434,45.32735112457756,1.816571495163734,51.432234005360684
2001-06-19,11380.03036319047,3.7993693798902255,45.20039705710616,1.817470512670793,52.091556697419136
2001-06-20,11295.313050628452,3.799130741219312,45.27123223305533,1.8209796781393164,52.088570421707985
2001-06-21,11354.957904583724,3.800280636108513,45.26964452759588,1.8219130028063613,52.202993451824135
2001-06-22,11353.013602251407,3.79983583489681,45.242143527204504,1.820825515947467,52.197467166979365
2001-06-25,11373.591262925525,3.8020216103171838,45.189148367607764,1.8187521784593934,52.30742418961311
2001-06-26,11378.608756242018,3.8009522703518757,45.266287306932995,1.8199976773893856,52.29241667634422
2001-06-27,11404.917652516817,3.8008582695430295,45.24936209696126,1.8210392020412898,52.291811644630016
2001-06-28,11456.244859593467,3.8020209141111505,45.309599342027965,1.8234050052872754,52.4286217835742
2001-06-29,11390.672169811322,3.800235849056604,45.272759433962264,1.822051886792453,52.42806603773585
2001-07-02,11330.053222945002,3.8029568302779415,45.37031342400946,1.8223536369012416,52.7652276759314
2001-07-03,11318.67718018124,3.79981169824644,45.411674708720724,1.8225255972696246,52.972813934329764
2001-07-04,11357.612681888086,3.7984147639891157,45.43049804803028,1.8234946172956348,52.92795457234118
2001-07-05,11334.374257895986,3.7947043457611023,45.357516029446685,1.8249821895036809,52.899548800759916
2001-07-06,11348.926526717558,3.805462786259542,45.42581106870229,1.8275286259541985,52.91149809160305
2001-07-09,11328.159356897979,3.800331008393427,45.444615202742646,1.829412460101667,52.82302872679986
2001-07-10,11361.299005266237,3.8011702750146283,45.51726155646577,1.8340550029256875,53.026331187829136
2001-07-11,11336.720473812566,3.7989780513296947,45.55684589478574,1.835326907443967,53.06003948438044
2001-07-12,11358.66713516046,3.7999531506207544,45.56266104474116,1.8334504567814476,53.08034668540642
2001-07-13,11328.012647851036,3.7998594683218174,45.6470312682984,1.8360463754538003,53.197095678650896
2001-07-16,11340.66177327275,3.8006524525224283,45.747640685075154,1.8366538506349763,53.785389723872775
2001-07-17,11330.34288398309,3.79908407703147,45.731211836542975,1.833842179426961,53.93729450446219
2001-07-18,11277.612977983777,3.799768250289687,45.79061413673233,1.8310544611819235,53.79721900347624
2001-07-19,11248.35492376476,3.800068783675341,45.712484237074406,1.8255187435515305,53.19958729794796
2001-07-20,11122.869188696444,3.796376481312671,45.70954876937101,1.8238377392889698,53.09822242479489
2001-07-23,10185.165975103733,3.7989857076994005,45.719455970493314,1.8246887966804979,53.10511756569847
2001-07-24,10186.954524575101,3.7999540652273773,45.71244832338079,1.8190169958658704,53.460036747818094
2001-07-25,10017.855112020927,3.8009780507221658,45.75298532923917,1.8183782554304562,53.712043671102016
2001-07-26,10049.44089456869,3.7996348699224103,45.677430397078965,1.805225924235509,53.46417161113647
2001-07-27,9961.941149635035,3.799840328467153,45.62750912408759,1.798471715328467,53.3918795620438
2001-07-30,9697.794537767113,3.7978516740943893,45.686093017940806,1.8024225802765397,53.44417780825049
2001-07-31,9497.30439748715,3.798972015990863,45.721987435751004,1.8036550542547116,53.50999428897773
2001-08-01,9628.830668027673,3.8015197913122374,45.74821367812181,1.80310763298174,53.771123965067474
2001-08-02,9627.75375512062,3.8010923987255345,45.653049613108784,1.782544378698225,53.665225307237144
2001-08-03,9513.388598682715,3.799341358164887,45.41732909379968,1.7784465137406313,53.44651374063138
2001-08-06,9387.348097671776,3.7995457126632597,45.387166382737085,1.7818285065303805,53.19477569562749
2001-08-07,9357.67563868613,3.8008667883211675,45.54299726277372,1.7854698905109487,53.28695255474452
2001-08-08,9327.342234394615,3.798927307999544,45.427136825288144,1.7740499828825744,53.06059568640877
2001-08-09,9203.128882864567,3.8002936857562406,45.44041567830114,1.7757822207161416,52.95267141082119
2001-08-10,9109.489704565802,3.7997985675917643,45.26756938227395,1.7589525514771711,51.84758281110117
2001-08-13,8548.10365921477,3.7992436881325773,45.13491269046825,1.7554220887554222,51.23901679457235
2001-08-14,8489.261819803747,3.801516503122212,44.97256913470116,1.7604817127564674,51.19536128456735
2001-08-15,8768.268597761686,3.800416940969936,44.8155584814571,1.7447882378757955,51.00614439324117
2001-08-16,8759.09886264217,3.8027121609798775,44.621391076115486,1.7442038495188101,51.036745406824146
2001-08-17,8759.104836944627,3.8040052527905455,44.911687458962575,1.7549792077040929,51.243160428977895
2001-08-20,8523.609137610667,3.7994316318723356,44.902721608919,1.7575691332386054,51.29194447480599
2001-08-21,8546.713409290096,3.801928133216477,44.68207712532866,1.7498904469763366,51.25
2001-08-22,8615.483940972223,3.8002387152777777,44.52745225694444,1.7522786458333335,50.95269097222222
2001-08-23,8725.482879719051,3.8002633889376645,44.62247585601404,1.7551580333625987,51.053555750658475
2001-08-24,8695.004391743521,3.8000658761528325,44.4199604743083,1.7515371102327622,51.05072463768116
2001-08-27,8733.564356435643,3.799449944994499,44.25269526952695,1.7485148514851483,51.14191419141914
2001-08-28,9031.519575315197,3.800597213005972,44.3123202831232,1.7511612475116123,51.208803362088034
2001-08-29,9149.999999999998,3.8000438500328877,44.18504713878535,1.7459986844990134,51.20039465029598
2001-08-30,8918.537658053876,3.799450247388675,44.282682792743266,1.7499725123694336,51.21715228147334
2001-08-31,8859.598165538328,3.798755186721992,44.060602751692514,1.7404455121205504,50.983839266215334
2001-09-03,8991.468253968254,3.8016975308641974,44.0595238095238,1.7396384479717812,50.983245149911816
2001-09-04,8998.528428093645,3.803678929765886,44.19186176142698,1.745484949832776,51.1984392419175
2001-09-05,9048.386008323023,3.797210662467664,44.31762456416601,1.7476099426386233,51.162973793723985
2001-09-06,9002.56352343309,3.8011293054771316,44.49757199322417,1.7523433088650482,51.36533032185206
2001-09-07,9146.436550491511,3.7985924932975874,44.652591599642534,1.7534629133154604,51.38069705093834
2001-09-10,9076.511550790317,3.8007074168232564,44.62750082900409,1.7489775616226375,51.23355808555323
2001-09-11,9091.019634091923,3.8004239178937973,44.79506916555109,1.7550200803212852,51.306336456938865
2001-09-12,9055.490499337164,3.8065620857269113,44.4811091471498,1.7368537339814405,51.28811312417145
2001-09-13,9103.509933774834,3.800441501103753,44.29492273730684,1.7399558498896246,51.290286975717436
2001-09-14,9114.448421737716,3.8018223234624147,44.20663846404165,1.7332682503525327,51.32986224102397
2001-09-17,9320.034523681088,3.8020282662638905,43.98370913798684,1.7327651310821017,51.29248031071313
2001-09-18,9568.290838375107,3.797320656871219,44.139044943820224,1.7358470181503889,51.364520311149526
2001-09-19,9602.408727586951,3.7989846619140204,44.12810542233744,1.7409807733851803,51.37610715057248
2001-09-20,9439.907117399287,3.798034344961659,44.11621125391511,1.737012636353818,51.27227562371747
2001-09-21,9410.913043478262,3.798369565217391,44.15086956521739,1.7415217391304347,51.22826086956522
2001-09-24,9459.646442601485,3.802487996508075,44.40178961152335,1.759493670886076,51.23308598865125
2001-09-25,9521.665213600698,3.8016564952048824,44.44943330427201,1.7689625108979947,51.27288578901482
2001-09-26,9630.306974726109,3.7982427595183856,44.288426076580976,1.7666775138301334,51.32552337563727
2001-09-27,9670.928843020098,3.7993481803367737,44.41281912004345,1.765996740901684,51.341662140141224
2001-09-28,9719.351659183003,3.805607271930785,44.49578359434892,1.765743073047859,51.4259117292739
2001-10-01,10047.25479452055,3.7990136986301373,44.517808219178086,1.7672328767123289,51.38630136986301
2001-10-02,10048.373054739362,3.799216454456415,44.66274893894874,1.7766895200783546,51.61388616824463
2001-10-03,9903.387990009773,3.7994353349983707,44.812791834075355,1.779889238788142,51.58649147573026
2001-10-04,9733.772074147199,3.798617966436328,44.62290227048371,1.7783262037951082,51.53010858835143
2001-10-05,9861.249182472204,3.7985611510791366,44.71299324177022,1.788205798997166,51.53586221931546
2001-10-08,10165.270240937703,3.801063598871283,44.79216409811157,1.7943347080529628,51.61384849142609
2001-10-09,10048.37376264549,3.7993038181224845,44.8026759490917,1.804416403785489,51.76656151419558
2001-10-10,9985.004378283713,3.800021891418564,44.69505253940455,1.8111865148861648,51.7907180385289
2001-10-11,9943.533436327521,3.8023615096005297,44.827190465680864,1.8204590598101964,51.7810637828294
2001-10-12,9972.765486725662,3.800995575221239,44.762389380530976,1.816371681415929,51.8141592920354
2001-10-15,9965.549082114983,3.8002638232384305,44.557436517533255,1.8104869737276026,51.82807518962296
2001-10-16,10001.66813963765,3.8005965532479014,44.612461334511714,1.8199292973928414,51.75872735307114
2001-10-17,10011.948570161827,3.7993792950565286,44.757592551540675,1.8173354023498116,51.74129904677455
2001-10-18,10035.563926434745,3.8002437403057834,44.73255040992688,1.8129847108353647,51.70285840904055
2001-10-19,10088.322788322788,3.799422799422799,44.72261072261072,1.822288822288822,51.767121767121765
2001-10-22,10117.582785148845,3.801873118519344,44.76251533058312,1.8274055078604081,51.900992306834645
2001-10-23,10170.574997186903,3.8002700573871944,44.82254979183076,1.8260380330820298,51.953415100708895
2001-10-24,10230.010093080633,3.800044858136144,44.779970842211505,1.8294269373107546,51.900863519120776
2001-10-25,10267.31915851052,3.8008774890313872,44.89008887388908,1.8264146698166273,51.83710203622455
2001-10-26,10261.73268993379,3.800695769273931,44.87756705195825,1.828863202783077,52.05925260913478
2001-10-29,10266.58523042754,3.798556357579123,44.80510827318157,1.8319822320932815,51.90560799555802
2001-10-30,10398.289938217124,3.799426301853486,44.65258164165932,1.822153574580759,51.94174757281553
2001-10-31,10472.11900022119,3.7990488829904887,44.697743861977436,1.8222738332227382,51.935412519354124
2001-11-01,10523.271408156535,3.799384412443663,44.722655820600195,1.827745410574915,51.94239859294273
2001-11-02,10676.192579505301,3.800574204946997,44.72493374558304,1.8299469964664312,51.95560954063605
2001-11-05,10921.961834616672,3.79890637205669,44.657515902243055,1.8217832831157237,51.93616783841089
2001-11-06,10833.188260238814,3.799575940185247,44.65249414127888,1.8195513893538668,51.94397946657739
2001-11-07,10638.096294652763,3.800310627912137,44.642556023962726,1.8145107610383848,51.878189483026404
2001-11-08,10465.927329469461,3.7985956308515383,44.462661613909944,1.8156486847971467,51.75546143557735
2001-11-09,10409.417693169093,3.7998880179171333,44.472564389697645,1.8244120940649495,51.92273236282195
2001-11-12,10718.701648166834,3.800426056732818,44.35497253055275,1.8239712972306312,51.930709720820715
2001-11-13,10670.255598280932,3.797444017190681,44.459850712508484,1.825039583804569,52.034607554851846
2001-11-14,10646.21151880041,3.8005225491309784,44.435078950357834,1.8263092127683744,52.07656480745201
2001-11-15,10623.796033994335,3.799546742209632,44.444985835694055,1.8326345609065156,52.064589235127485
2001-11-16,10634.4036178632,3.7997738835500283,44.47755794234031,1.8359525155455059,51.94686263425665
2001-11-19,10567.701580802912,3.798248606846355,44.46980552712385,1.842943250312749,52.12669168656886
2001-11-20,10535.607434270174,3.800317316409792,44.37760652765186,1.837035358114234,52.07842248413418
2001-11-21,10439.41531111364,3.799795245137072,44.36252986008417,1.8368786258673644,52.022523034922074
2001-11-22,10551.811346548187,3.800637958532695,44.35759854180907,1.8419913419913418,51.95944406470722
2001-11-23,10493.814667424673,3.7996588971006258,44.295054007959074,1.8380898237635022,52.01932916429789
2001-11-26,10348.831934679065,3.799614425039691,44.145044227716035,1.8329553186663643,51.894987525515994
2001-11-27,10428.23167956304,3.799385525716887,44.082498862084655,1.8347746927628585,52.0414201183432
2001-11-28,10400.011323745895,3.80002264749179,44.09749745215718,1.8330879855056053,51.9997735250821
2001-11-29,10412.006301339034,3.800045009564532,44.042534038483176,1.829076178687971,51.95003938336896
2001-11-30,10467.947853450212,3.800292200494493,43.91233985165206,1.831647561249719,51.9532479208811
2001-12-03,10460.873949579833,3.8022408963585437,44.004705882352944,1.833949579831933,52.024649859943985
2001-12-04,10474.118175690855,3.8015052797124245,44.10233655358347,1.8359919119299035,52.0208941810829
2001-12-05,10469.413611391412,3.799753335575737,43.947527749747735,1.8358560376723847,51.99686063460029
2001-12-06,10402.351220609742,3.8008774890313872,43.89245134435819,1.8335020812239846,52.01259984250197
2001-12-07,10363.853664010772,3.7995735607675907,43.79261586802828,1.8318931657501965,51.99416451576703
2001-12-10,10248.689265536723,3.802824858757062,43.917175141242936,1.8340112994350282,51.98870056497175
2001-12-11,10161.012572968119,3.7986079928154464,43.78019757521329,1.829928154467894,51.92972608890884
2001-12-12,10024.446184828821,3.799843365406131,43.74759454016558,1.830498993063325,51.992615797717605
2001-12-13,10109.448467966573,3.7997771587743734,43.68490250696379,1.8289693593314764,51.99220055710306
2001-12-14,10198.402839396627,3.801242236024845,43.8146628216504,1.833740017746229,52.01308784383319
2001-12-17,10195.56857111283,3.800198917007404,43.857442811360364,1.8378826389656315,52.10299480605592
2001-12-18,10153.872614292055,3.799600532623169,43.89513981358189,1.8392143808255659,51.54460719041278
2001-12-19,10093.888455972392,3.7996215072915507,43.845151953690305,1.8343537793610152,51.344762328843366
2001-12-20,10130.469185333779,3.8048590215089715,43.92900924997213,1.8355065195586762,51.97258441992644
2001-12-21,10188.292519288829,3.7993961757799397,43.98523985239852,1.8387565693838759,51.1919937381192
2001-12-24,10191.748124573767,3.800750170493294,43.96999318026825,1.8391679927256195,51.20936576494658
2001-12-27,10408.375835883486,3.7985945823416074,44.23246061430353,1.8542445880086138,51.480222146662136
2001-12-28,10470.248496539205,3.798366050153183,44.1899466696925,1.8502212640417566,51.55679110405083
2002-01-02,10424.806373091393,3.803606992697499,44.209117061296745,1.85184775392786,51.74928081433946
2002-01-03,10371.558211598052,3.798804780876494,44.045374059318284,1.8491589198760514,51.58366533864542
2002-01-04,10418.505695778424,3.801094482912665,43.929752066115704,1.8446504355595266,51.66517757426849
2002-01-07,10375.586749017406,3.800224592925323,43.85760808534531,1.8462661426165075,51.47332959011792
2002-01-08,10423.84105960265,3.7996408126613535,44.09978673251768,1.8497025479851834,51.69379279380402
2002-01-09,10424.08922766506,3.8015917498038334,44.06736912902141,1.846093487277211,51.57045174307813
2002-01-10,10431.1707262319,3.8004265349646427,44.11493994836682,1.8464474127287014,51.35593220338983
2002-01-11,10439.78024442202,3.803229061553986,44.02702096647606,1.8429196098217289,51.318533467877565
2002-01-14,10401.512266158843,3.798924610731489,43.8852918113588,1.834322840819984,51.30839027668869
2002-01-15,10386.337144138086,3.799148173055369,43.84510199506837,1.8249271463797356,51.245236494059625
2002-01-16,10387.864352954519,3.800499035953272,43.889985255755924,1.8313485312464557,51.262334127254164
2002-01-17,10390.202970858374,3.798049665494954,43.87765052727067,1.835355482481007,51.353894999433045
2002-01-18,10395.50510783201,3.799772985244041,43.97003405221339,1.8357548240635642,51.325766174801366
2002-01-21,10385.599547511312,3.8002262443438912,43.982579185520365,1.8338235294117646,51.25339366515837
2002-01-22,10397.270668176672,3.8006795016987542,44.18754246885617,1.8413363533408833,51.28878822197055
2002-01-23,10399.412827461607,3.7988934056007224,44.18755645889792,1.838527551942186,51.647470641373076
2002-01-24,10385.593703661456,3.8000456256416104,44.172578989392036,1.8401961902589254,51.25356450325082
2002-01-25,10439.22428719843,3.8015698949555583,44.09788756781715,1.8337758282350227,51.321713032436804
2002-01-28,10389.846117976218,3.801818605735603,44.10060620191187,1.835626020051294,51.27418978782933
2002-01-29,10289.633580705009,3.798121521335807,44.027133580705005,1.834647495361781,51.143320964749535
2002-01-30,10326.799352001852,3.801319139088174,43.977667206665124,1.8342976162925249,51.16871094654015
2002-01-31,10316.197753849716,3.80050943614681,44.03010304503878,1.83420169040176,51.230751418316544
2002-02-01,10322.613531047265,3.7991195551436516,44.02988878591288,1.8356116774791476,51.28822984244671
2002-02-04,10314.403054141601,3.7997454881999078,43.997454881999076,1.8354928273947249,51.21240166589542
2002-02-05,10302.533686513878,3.7993780951284117,43.97742715651273,1.8345042036162618,51.24150639180007
2002-02-06,10327.3891966759,3.8009002770083105,43.970221606648195,1.8327562326869808,51.26154201292705
2002-02-07,10274.157433056327,3.8015927977839334,43.8777700831025,1.829409048938135,51.22114496768237
2002-02-08,10251.762013729978,3.8011441647597253,43.937528604118995,1.8335240274599542,51.24027459954233
2002-02-11,10208.846941096202,3.7994086877416424,43.85501478280646,1.8324994314305207,51.26904707755288
2002-02-12,10176.750828287444,3.8015537529989722,43.85753455957958,1.830915114817777,51.37095852850452
2002-02-13,10187.504295040659,3.8000229068835187,43.77001488947429,1.82911464895201,51.35036078341542
2002-02-14,10227.654434602553,3.7991487403658115,43.60002300701714,1.826642125848384,51.28839295985276
2002-02-15,10248.19069500287,3.8004595060310162,43.615048822515796,1.8258472142446867,51.22113727742676
2002-02-18,10232.65633964429,3.799196787148594,43.625014343086626,1.8279977051061387,51.20826161790017
2002-02-19,10185.009203865624,3.800046019328118,43.720087436723425,1.831454210768523,51.30004601932812
2002-02-20,10185.25677685005,3.799382363033284,43.702504861031684,1.8277479126158072,51.29131876930116
2002-02-21,10203.827146305022,3.7995632685898175,43.77496839443742,1.8308240432134237,51.319388576025744
2002-02-22,10204.492969017949,3.7961586829770204,43.894821081513655,1.8314850805990626,51.322739224877104
2002-02-25,10178.668042182486,3.8004355800091703,43.83757450710683,1.8316139385602936,51.381247134342054
2002-02-26,10175.005759041696,3.8000460723335636,43.82008753743378,1.8326422483298779,51.325731398295325
2002-02-27,10185.443403861718,3.801133078968667,43.84275638802174,1.8367441322696265,51.359694762400274
2002-02-28,10149.416252456364,3.799791931568605,43.73748699572304,1.8344700034678072,51.24725465264132
2002-03-01,10101.163728540154,3.800437838460652,43.67507777393709,1.8303952068210623,51.106118216384374
2002-03-04,10072.759856630824,3.7980113307896866,43.547230893744945,1.8284194704590124,51.04867614753151
2002-03-05,9982.135452660677,3.7990094448283807,43.59744298548722,1.8274591108039624,51.135683022345084
2002-03-06,9955.578512396694,3.800275482093664,43.54247015610652,1.8274793388429753,51.10307621671258
2002-03-07,9937.96211775445,3.7982656321314474,43.25011410314925,1.8204016430853491,50.97672295755363
2002-03-08,10012.731613049904,3.7991360691144704,43.320222803228376,1.8202796407866317,51.2140502444015
2002-03-11,9945.00629218625,3.8000228806772682,43.34515501658849,1.8216451206955726,51.00102963047706
2002-03-12,9969.437764800183,3.799839688537731,43.18756441085537,1.822054276880797,50.86224665063552
2002-03-13,9973.860773986718,3.799633615754523,43.29505381268606,1.82436455232425,51.21937256697962
2002-03-14,9981.801658525503,3.8026809042371923,43.229467227081685,1.8217653072816085,50.9996592070885
2002-03-15,10003.479046650853,3.8032305433186493,43.301818592567486,1.8208516886930985,50.9985315712188
2002-03-18,9969.938580527752,3.8000454959053687,43.397520473157414,1.8257506824385805,51.02479526842584
2002-03-19,9965.001698946653,3.800090610488164,43.360063427341714,1.8268207044965454,51.12583531543776
2002-03-20,9891.445427728613,3.7998638529611983,43.33753120036306,1.8291354663036081,51.022237349670974
2002-03-21,9870.00113417262,3.8000453669048424,43.29998865827378,1.8288533514800953,51.06952478167177
2002-03-22,9826.117111995452,3.800454803865833,43.39499715747584,1.8303581580443433,51.056281978396825
2002-03-25,9706.66742778856,3.799862998059139,43.40746660577692,1.8367393538075123,51.12227423221829
2002-03-26,9576.101636717407,3.8005036053565298,43.36499942772118,1.8482316584640035,51.156003204761355
2002-03-27,9659.455751200549,3.7997941916304594,43.317516579007545,1.8422135833523896,51.02789846787102
2002-03-28,9823.876662081615,3.7996331957817517,43.45002292526364,1.8405547913801008,51.02475928473178
2002-04-02,9767.789665376735,3.799226041429547,43.72012292283178,1.846915547461871,51.08809469610745
2002-04-03,9803.067136203566,3.80029535385664,43.702487788254004,1.8425536748835627,51.157559922753606
2002-04-04,9655.556815604446,3.800181447040145,43.622476752097974,1.8389657518711724,51.1283737809027
2002-04-05,9589.369451399953,3.8017300250398356,43.609947643979055,1.835989073526064,51.123378101525155
2002-04-08,9549.179767600821,3.8008658008658007,43.539986329460014,1.8367509683299157,51.03668261562998
2002-04-09,9669.976035604244,3.8020084445966,43.55232226406482,1.8371562250370879,51.05215108980943
2002-04-10,9581.64355535349,3.8005228461013867,43.442486928847465,1.833484882927938,50.955899067969995
2002-04-11,9549.465544689561,3.7987264043666134,43.5176256538549,1.8364794177848534,50.96770525358199
2002-04-12,9544.462115188004,3.7998409633079637,43.52754742701352,1.8386913552198116,51.024650687265705
2002-04-15,9390.74074074074,3.7983412860713477,43.45035219268348,1.835264712565326,50.95205635082936
2002-04-16,9447.324775644667,3.7987049869362717,43.44768828808361,1.8355106213790753,50.978075656026355
2002-04-17,9431.06981981982,3.800900900900901,43.314864864864866,1.8284909909909908,51.00675675675675
2002-04-18,9393.17594154019,3.8017987633501966,43.32467678471052,1.8245081506464307,50.988195615514336
2002-04-19,9350.461399954986,3.800247580463651,43.28021607022282,1.8228674319153726,50.842898942156204
2002-04-22,9350.979509119568,3.799819860391804,43.23260526908354,1.8160324251294753,50.97275388426031
2002-04-23,9430.004508566275,3.8007213706041476,43.33002705139766,1.8192064923354374,50.98399458972047
2002-04-24,9325.000000000002,3.8000449842555106,43.300044984255514,1.8168016194331984,50.87494376968061
2002-04-25,9373.664845579216,3.801092652469617,43.22689263017059,1.8116846917159104,50.839558479206154
2002-04-26,9306.56560026753,3.8006911158176346,43.25727343662914,1.8083825660461488,50.86389477204325
2002-04-29,9320.369550785572,3.7985173710998006,43.17857933171055,1.8078114627129893,50.615180349634876
2002-04-30,9331.5608348135,3.800510657193606,43.23723357015985,1.811500888099467,50.63055062166962
2002-05-02,9340.522586359612,3.800265721877768,43.16242249778565,1.8116696191319752,50.218113374667844
2002-05-03,9307.959925134868,3.7991852912033472,43.04051524826599,1.8043597930199273,50.09468237366509
2002-05-06,9289.009186351706,3.800087489063867,42.94006999125109,1.8027121609798775,49.77580927384077
2002-05-07,9294.071232876713,3.801643835616438,42.938849315068495,1.8085479452054796,49.746849315068495
2002-05-08,9283.362676056337,3.7973151408450705,42.89931778169014,1.8086487676056335,49.78983274647887
2002-05-09,9286.546738770556,3.800684251186403,42.91711731596954,1.8114998344553581,49.903984107714386
2002-05-10,9284.49221320465,3.7998464575564816,42.917635446369815,1.8059881552972143,49.62272428164071
2002-05-13,9276.497038824302,3.800614169774073,42.81772318490897,1.8046720772099143,49.483439350734805
2002-05-14,9270.006621054954,3.800044140366365,42.87000662105495,1.8053409843301698,49.60052968439638
2002-05-15,9239.490586932447,3.7998892580287924,42.87763012181617,1.807419712070875,49.6423034330011
2002-05-16,9154.011398509427,3.8015124945199474,42.83877685225779,1.8017316966242876,49.544059622972384
2002-05-17,9088.013548951049,3.7992788461538463,42.610686188811194,1.7953452797202798,49.444930069930074
2002-05-20,9032.145185829166,3.796674635948707,42.56302977613562,1.7925450988915452,49.282764616387745
2002-05-21,9032.063388689894,3.7988711603169434,42.64615217627266,1.792032996852274,49.448605231737766
2002-05-22,9065.496760259179,3.800215982721382,42.76231101511879,1.793196544276458,49.77753779697624
2002-05-23,8949.853467925757,3.8023445131878866,42.86822967545859,1.8033213936828394,49.86540757625095
2002-05-24,8960.916412712235,3.801480191554201,42.85633434915106,1.8008271658685244,50.37440139312147
2002-05-27,8905.005440696408,3.800108813928183,42.82002176278563,1.7980413492927094,50.550598476605
2002-05-28,8867.509454349,3.8001080497028634,42.6,1.7936250675310643,50.07563479200432
2002-05-29,8849.527896995707,3.799678111587983,42.48272532188841,1.7912017167381973,50.06974248927038
2002-05-30,8839.701333333333,3.7986133333333334,42.409173333333335,1.784,50.05653333333333
2002-05-31,8691.946308724833,3.7976989453499526,42.32289336316182,1.7852348993288591,50.183232129540855
2002-06-03,8546.38677118007,3.8007086867819178,42.411897347793406,1.7869644582841189,50.36400730162139
2002-06-04,8654.13884472708,3.801907790143084,42.330153683094856,1.7838897721250664,50.449390567037625
2002-06-05,8927.393021022302,3.8010884644114817,42.526411268808026,1.7950058691708461,50.908120798207236
2002-06-06,9048.870658427446,3.8017259748561685,42.58821649264863,1.7989558917536757,50.94715533773706
2002-06-07,8895.006347862885,3.799830723656369,42.44498518831993,1.7931654676258992,50.92255607278882
2002-06-10,8730.003171582619,3.799873136695211,42.400042287768265,1.7930013743524686,50.575113648377204
2002-06-11,8778.729956461719,3.8016353403419347,42.33800573431029,1.7912286290750772,50.46724009769566
2002-06-12,8739.631823952603,3.802369868810833,42.35241218789674,1.7877697841726619,50.477147693609815
2002-06-13,8748.146968248911,3.7992991398534564,42.24105341403844,1.784007645747053,50.43432090899437
2002-06-14,8730.460012660898,3.8016459168600973,42.172188225363996,1.7872968980797637,50.46634311036084
2002-06-17,8687.078294080204,3.799596859749629,42.165605771270954,1.7894122639507746,50.23976235943136
2002-06-18,8658.656684943062,3.8016659637283845,42.22785744411641,1.792387178405736,50.16659637283847
2002-06-19,8624.55810061709,3.7996025520343064,42.07781612802009,1.7860056479447757,50.21964229683088
2002-06-20,8600.896580483735,3.800667222685571,42.074437030859045,1.779086738949124,50.253336113427856
2002-06-21,8633.13615608136,3.8008509755085096,42.015255292652554,1.7733499377334994,50.33623910336239
2002-06-24,8593.344238830385,3.8037010530620594,41.805643594724465,1.7657703711276966,50.47438912176669
2002-06-25,8654.829077429984,3.7990115321252063,41.91700988467875,1.7713138385502472,50.31198517298188
2002-06-26,8676.938590299485,3.798931128365433,41.680346879096504,1.7612181103156195,50.31057779570435
2002-06-27,8645.27687296417,3.801811889250814,41.685464169381106,1.7674063517915308,50.34812703583062
2002-06-28,8713.874686716792,3.800401002506266,41.52421052631579,1.7630075187969922,50.329824561403505
2002-07-01,8701.220619388683,3.7962271764349844,41.49308988197317,1.7662665187128013,50.37425602743872
2002-07-02,8800.081317340924,3.797926407806465,41.5068103273023,1.7731246188249643,50.74710306972962
2002-07-03,8968.21063394683,3.8014314928425357,41.60490797546012,1.7711656441717791,50.743353783231086
2002-07-04,8851.389172625128,3.798467824310521,41.55301327885598,1.767926455566905,50.54954034729316
2002-07-05,8870.025706940874,3.8045244215938303,41.68709511568123,1.7715167095115683,50.785604113110544
2002-07-08,8900.457875457876,3.8002645502645502,41.45217745217745,1.763024013024013,50.72751322751322
2002-07-09,8910.453172205438,3.8002014098690835,41.25216515609265,1.7568982880161128,50.27794561933535
2002-07-10,8890.856738735098,3.792887452010507,41.0680945645585,1.7511618508789655,50.1313396645787
2002-07-11,9136.498576657177,3.8025620170801138,41.2593533956893,1.7527450183001219,50.383285888572594
2002-07-12,9080.056720348424,3.8004659171477773,41.13298895978932,1.7481008811911274,50.49022586853033
2002-07-15,9043.894652833202,3.798483639265762,40.73373902633679,1.7390263367917,50.4050279329609
2002-07-16,9036.88160363385,3.7987558013231957,40.346104473190486,1.734768440801817,50.40782067739706
2002-07-17,8938.443958664548,3.801371224165342,40.543322734499206,1.7400635930047696,50.34280604133546
2002-07-18,8965.450387751045,3.8002585006959633,40.612050109365676,1.7430900775502087,50.37780870948499
2002-07-19,8967.21860831855,3.8010053222945004,40.510053222945004,1.7317169327813917,50.38734476641041
2002-07-22,8819.69066032124,3.801011302795955,40.44001586357327,1.7338885583977792,50.38766607178267
2002-07-23,9002.280524722502,3.798890010090817,40.947628657921285,1.744702320887992,50.56004036326942
2002-07-24,9063.872919818456,3.8006051437216337,41.25627836611195,1.745839636913767,50.73323247604639
2002-07-25,9002.756141402037,3.7990812861993204,41.07978829638506,1.7444577591372077,50.66307169962053
2002-07-26,9148.631095123903,3.7994604316546767,41.81374900079936,1.7572941646682654,51.31794564348522
2002-07-29,9258.48691579269,3.8034823337745647,42.54902759393137,1.763975155279503,51.54261276855717
2002-07-30,9118.718861209964,3.8015251652262325,41.92709710218607,1.763192679206914,51.19674631418403
2002-07-31,9064.039660635797,3.7998568946131046,42.0228968619033,1.7636716753552082,51.27261576203618
2002-08-01,9147.02868852459,3.79672131147541,42.108299180327876,1.7639344262295082,51.13012295081967
2002-08-02,9077.757520510482,3.8011749215030894,42.13785070394004,1.7519497619771094,51.31064519396334
2002-08-05,9087.505083367221,3.8000203334688893,42.13003253355023,1.755795038633591,51.52501016673444
2002-08-06,9085.942821756633,3.8003921973371866,42.494375064506144,1.7723191247806793,51.78036949117556
2002-08-07,9055.805320684676,3.7983089296762222,42.490307279851514,1.7702619096720975,51.65188698700763
2002-08-08,8992.329926705896,3.8010736037989057,42.48105708681739,1.7678331784866315,51.68886136058635
2002-08-09,8987.706855791961,3.7990543735224587,42.364168979340114,1.7666769452153357,51.761743241854255
2002-08-12,8855.87934560327,3.802556237218814,42.23803680981595,1.7577709611451944,51.759713701431494
2002-08-13,8884.529033574856,3.802020614348403,42.18154913766711,1.7596693540157158,51.96652719665272
2002-08-14,8779.902607284164,3.8021710459571874,41.938419397382575,1.7449528254032667,51.77437354164553
2002-08-15,8864.30397872558,3.8029047765163138,41.88217244553544,1.7474685486345503,51.81548532269612
2002-08-16,8817.241730279899,3.8008142493638677,41.82066157760814,1.7466666666666666,51.80559796437659
2002-08-19,8847.055822022656,3.79946933360547,42.122869680579655,1.7493621798142667,51.91754260638841
2002-08-20,8842.749183006536,3.7990196078431375,41.919321895424844,1.7487745098039216,51.911764705882355
2002-08-21,8883.200163900841,3.8035238680598242,42.098852694120055,1.7499487809875025,52.02315099364884
2002-08-22,8844.554759467757,3.7997952917093145,42.25281473899693,1.7545547594677584,52.122824974411465
2002-08-23,8887.965350108281,3.8002474992265647,42.28225224296174,1.7574507579663812,52.37805506857791
2002-08-26,8924.482012163695,3.7977528089887644,42.343882074012996,1.7579630965879807,52.19358828986703
2002-08-27,8888.41825250665,3.8003887865766317,42.16431348475547,1.751892776754655,52.130141190914664
2002-08-28,8885.548544677387,3.7998168125381637,42.19784245878282,1.748015469163444,51.90311418685121
2002-08-29,8865.45768566494,3.8002641471096212,42.20217413390227,1.7494666260286498,51.777913237834
2002-08-30,8854.551001728873,3.7987389403030614,42.1750228821316,1.7487033458761314,51.84277433133327
2002-09-02,8849.76071683128,3.8010385907748705,42.25078912534366,1.7494145199063231,51.85826290601772
2002-09-03,8841.614530776995,3.7996972754793137,42.1957618567104,1.7473259334006055,51.66498486377397
2002-09-04,8869.558660902783,3.7998391474816526,42.177943098421636,1.7462551523072283,51.82266009852217
2002-09-05,8860.781954887218,3.799097744360902,42.12942355889724,1.7449624060150375,51.71228070175438
2002-09-06,8874.02702157693,3.8017745513208308,42.289171203871746,1.748336358136721,51.898568259729785
2002-09-09,8859.383295895444,3.7984480294057588,42.41270165407392,1.7511741882785379,51.909332244231166
2002-09-10,8872.366803278688,3.800512295081967,42.44149590163934,1.7534836065573771,51.982581967213115
2002-09-11,8890.727254077341,3.799056313468048,42.429172222792076,1.7558723971689405,51.96225253872192
2002-09-12,8919.503945885006,3.8000409962078505,42.4649994875474,1.7594547504355846,51.97499231321103
2002-09-13,8981.865443425077,3.802956167176351,42.74271151885831,1.765749235474006,52.265035677879716
2002-09-16,9049.550759062275,3.799855416709697,43.26283176701435,1.7809563151915726,52.4228028503563
2002-09-17,9063.757902373303,3.8016374753860505,43.072857290910974,1.7814281272670744,52.46657684734169
2002-09-18,9002.323907455013,3.8010282776349613,42.991053984575835,1.773573264781491,52.308483290488425
2002-09-19,8996.494803342164,3.7953943346240067,42.9374363154677,1.769411045445282,52.231506011819846
2002-09-20,9032.042900919307,3.7997957099080697,43.28784473953013,1.77926455566905,52.293156281920325
2002-09-23,9075.007628928897,3.8000203438103957,43.31003967043027,1.7757094903875497,52.32529752822704
2002-09-24,9026.4652014652,3.7953805453805454,43.36701261701261,1.7785917785917786,52.310744810744815
2002-09-25,8991.249616211238,3.796336096612425,43.39780984546106,1.7839525125370996,52.34981066421042
2002-09-26,9005.869742752144,3.7982850142915474,43.55502245814618,1.7839934667211106,52.45100040832993
2002-09-27,9016.11616729727,3.799468248287146,43.373351058390426,1.7783004397177626,52.437877083546375
2002-09-30,8994.462474645032,3.8002028397565923,43.29229208924949,1.779107505070994,52.42799188640974
2002-10-01,8998.630970489809,3.799513233951932,43.44346415170875,1.7862285772234054,52.43687252814116
2002-10-02,9005.632943568888,3.8015251652262325,43.54773767158109,1.785053380782918,52.667005592272496
2002-10-03,9014.964610717896,3.8002022244691607,43.54721941354904,1.7850353892821031,52.67846309403438
2002-10-04,9013.127217435378,3.799493157627978,43.49842878864673,1.7803345159655346,52.66700456158135
2002-10-07,9008.115823817292,3.7971044045677,43.77151305057096,1.79221044045677,52.83442088091354
2002-10-08,8998.112244897959,3.7982653061224494,43.7115306122449,1.7889795918367348,52.67142857142858
2002-10-09,8998.79763603016,3.8009985734664764,43.746178928061944,1.7887711432647238,52.78887303851641
2002-10-10,9007.72658227848,3.7990886075949364,43.743898734177215,1.793721518987342,52.71189873417721
2002-10-11,9008.369686517195,3.800649284772243,43.901694227452566,1.794663690778127,52.78279395353555
2002-10-14,9346.69300111415,3.798642763091259,44.02937303757723,1.8011749215030892,53.006178466524865
2002-10-15,9284.80122324159,3.797349643221203,44.16350662589195,1.8073394495412844,53.08766564729868
2002-10-16,9194.472157182123,3.80026468492314,43.787234042553195,1.7900844955716178,52.96243510129288
2002-10-17,9150.486530779475,3.8002663115845543,43.66731537437263,1.7794735224828435,52.978592645703166
2002-10-18,9217.318952234205,3.8014381099126857,43.75079609655881,1.7900359527478171,53.30457113507961
2002-10-21,9196.306934755847,3.8013951579811245,43.615613459171115,1.780775543701272,53.215018465326224
2002-10-22,9334.531122031121,3.7998566748566747,43.62285012285012,1.785933660933661,53.272932022932025
2002-10-23,9210.291560102301,3.7980562659846546,43.542710997442455,1.7769820971867007,52.99846547314578
2002-10-24,9215.947833230643,3.800472376257958,43.519511193263504,1.7805504210310126,53.131033066338055
2002-10-25,9241.216839086348,3.7975007682064943,43.40725186930247,1.775683703779576,53.103554235378475
2002-10-28,9224.002052334532,3.8,43.505079527963055,1.78163160595177,53.07542329399692
2002-10-29,9209.847250509165,3.7978615071283093,43.32077393075356,1.7705702647657842,53.11914460285132
2002-10-30,9228.885496183206,3.8008142493638677,43.393893129770994,1.7689567430025444,53.13587786259542
2002-10-31,9230.474452554745,3.8001824817518246,43.307177615571774,1.7675385239253851,53.127534468775345
2002-11-01,9217.144575897333,3.796771606176058,43.21816723481051,1.7637858431923001,53.08000802085422
2002-11-04,9210.116653258248,3.7994770716009656,43.23853580048271,1.7641794046661303,52.98672566371681
2002-11-05,9201.785714285716,3.798683160415004,43.12998802873105,1.7557861133280128,52.8072625698324
2002-11-06,9212.395781014566,3.800602712204922,43.30155700652938,1.7620291310899046,52.9633350075339
2002-11-07,9202.247078797562,3.7986617397383395,43.23209827224608,1.767402376910017,52.93917906721262
2002-11-08,9186.633026615218,3.7971702780251313,43.005243890373016,1.7619471653309589,52.83862669437025
2002-11-11,9150.167884653367,3.8015998419909147,42.95990519454869,1.7600237013628284,52.96859569425243
2002-11-12,9075.002479912708,3.8000198393016564,43.15504414244619,1.764805078861224,53.224878484277355
2002-11-13,9046.553436630911,3.7998609455701233,43.34286849423918,1.7650973381009138,53.20321811680572
2002-11-14,9028.400198117879,3.800396235760277,43.319366022783555,1.757602773650322,53.37989103516592
2002-11-15,9030.152557583011,3.8013760095722406,43.5901884534849,1.7633861800777746,53.39415694485991
2002-11-18,8998.132141082962,3.801390958768008,43.40009935419772,1.7638350720317935,53.3939393939394
2002-11-19,8964.345679012345,3.798913580246914,43.342222222222226,1.7627654320987654,53.409382716049386
2002-11-20,8964.81684798882,3.7988821239644674,43.48198422996307,1.7704361712745784,53.659047809162594
2002-11-21,9008.321706198923,3.79509667131752,43.338748255929836,1.7672912098863862,53.40542156667331
2002-11-22,8989.036312849163,3.8017757382282524,43.3945530726257,1.768754988028731,53.84976057462091
2002-11-25,8975.456839979808,3.8002019182231193,43.447248864209996,1.7736496718828874,53.82836951034831
2002-11-26,8994.09687184662,3.799596367305752,43.380625630676086,1.7662966700302725,53.61957618567104
2002-11-27,8975.904099929485,3.800443235620026,43.4093885363151,1.7624660018132365,53.63050266948725
2002-11-28,8987.477350513389,3.8015904972820618,43.38906784779545,1.7619287296154622,53.61183813166902
2002-11-29,8977.959101440516,3.8002417648836504,43.497229777374834,1.7655887982270575,53.52775259393573
2002-12-02,8983.416067267755,3.8025529328335526,43.7037787458211,1.7712491135649884,53.54067470367744
2002-12-03,8980.004013243704,3.8000401324370423,43.63499548510083,1.7700411357479682,53.52563459416073
2002-12-04,8992.243960870434,3.800958275104811,43.695947294869235,1.7703134358155321,53.588540626871634
2002-12-05,9005.745170653589,3.8067260534481036,43.84175758182364,1.775297767991192,53.56921229106196
2002-12-06,8987.757345592645,3.79912052768339,43.654107535478715,1.7741355186887868,53.461922846292225
2002-12-09,8978.836817596353,3.80055483998811,43.33855147131675,1.7645893193302287,53.28346378678292
2002-12-10,8979.725051923646,3.8010088022945303,43.39580654732469,1.7644149935713578,53.33794876866778
2002-12-11,8890.742028409655,3.8025230952617464,43.39306645475315,1.7617959670209598,53.40915863713123
2002-12-12,8864.887751083103,3.7989365892083495,43.33221740842851,1.7570894052776682,53.30937376920047
2002-12-13,8875.442715976911,3.8002152431268956,43.292143625868306,1.747872028177282,53.57792779571471
2002-12-16,8816.294555424989,3.8006267136701917,43.18634939287113,1.7501958480219348,53.66333725029377
2002-12-17,8881.294266032794,3.8006209372271273,43.03628601921025,1.7453187154361114,53.733385078102266
2002-12-18,8906.064453125,3.8069335937499997,43.102734375,1.746875,53.7724609375
2002-12-19,8896.30098315974,3.800545118271196,43.056263992991326,1.7441837827314317,53.733086732210644
2002-12-20,8893.203315455874,3.802242808386153,43.09019990248659,1.7451974646513895,53.7571916138469
2002-12-23,8883.028593658823,3.801303248395254,43.014685858782336,1.7395448356350904,53.39330869480646
2002-12-24,8889.568764568765,3.799048174048174,43.007964257964254,1.7406759906759905,53.37315462315462
2002-12-27,8919.651117964533,3.8008866615265995,43.340497301464914,1.7394949884348494,53.3384734001542
2002-12-30,8952.149299558627,3.800901938207638,43.33045480713874,1.7360391479562463,53.33813087699098
2002-12-31,8951.282540287975,3.800610279393535,43.13616858968246,1.7353866692094977,53.70267950796224
2003-01-02,8928.968026038676,3.803848363009765,43.15336013785181,1.7411449358606166,53.528623396515414
2003-01-03,8930.513856812933,3.8012894534257122,43.02954195535027,1.7448036951501156,53.52290223248654
2003-01-06,8932.799389778795,3.799294431731503,42.811880244088485,1.7362700228832952,53.364797864225785
2003-01-07,8928.0,3.801342925659472,42.84441247002398,1.7414868105515586,53.49352517985612
2003-01-08,8929.575021682565,3.7998458128553527,42.80794063794931,1.744434807747904,53.52317625517972
2003-01-09,8933.77748167888,3.8006091177310366,42.70610069477491,1.7363662320357858,53.60331207766251
2003-01-10,8916.652385032847,3.7996762829667716,42.845948776540034,1.7385508902218414,53.519946681900414
2003-01-13,8872.006825291497,3.796568395108541,42.74651625746517,1.7378898473788984,53.47710683477107
2003-01-14,8874.605275597994,3.800888720809303,42.63515174435094,1.7330055781412497,53.38753899971636
2003-01-15,8865.418962568878,3.800209006270188,42.667015010450314,1.7338020140604218,53.47805434163025
2003-01-16,8864.199166982204,3.8017796289284367,42.70020825444907,1.732582355168497,53.50056796667929
2003-01-17,8868.757040931281,3.7994742771310555,42.74399173864064,1.7336650394292152,53.56740518212543
2003-01-20,8872.918426734253,3.7991176194499205,42.75997371632404,1.7322819862949406,53.682530742513855
2003-01-21,8885.421946869426,3.8001501924340566,42.8470853280766,1.7360367971463437,53.74823993241341
2003-01-22,8843.021086023511,3.7949244261989175,42.662250419854445,1.73166635566337,53.62194439261056
2003-01-23,8887.738216974993,3.8005019986985213,42.68597192525797,1.7305940317932507,53.65250534535651
2003-01-24,8894.566023738871,3.8009087537091992,42.689910979228486,1.7313612759643917,53.587722551928785
2003-01-27,8892.907083716651,3.8001839926402945,42.59696412143514,1.7260349586016561,53.67801287948482
2003-01-28,8857.873797187269,3.8012583271650624,42.7438934122872,1.7339933382679498,53.74259807549963
2003-01-29,8848.776223776224,3.7995031284504965,42.669120353330875,1.7282848730217153,53.737578211262424
2003-01-30,8869.594343133607,3.799869743208039,42.75800148864905,1.740230740602903,53.79233345738742
2003-01-31,8872.466715976332,3.8010355029585803,42.741863905325445,1.7350221893491127,53.83968195266272
2003-02-03,8875.170099729705,3.799701742939696,42.795973529685895,1.742846490819275,53.920216236368724
2003-02-04,8870.00554426169,3.800036961744594,42.75004620218074,1.739327296248383,53.9549066715949
2003-02-05,8863.345554537122,3.798441796516957,42.682401466544455,1.7377635197066912,53.97800183318057
2003-02-06,8870.637195967816,3.8007028576713218,42.78794044206048,1.7407749930639047,53.98501803384815
2003-02-07,8870.145518583742,3.800722958568913,42.89303920659931,1.7449253869682084,54.060617295393456
2003-02-10,8880.412657290897,3.8001480384900073,43.112046632124354,1.7561991117690599,53.877683197631384
2003-02-11,8962.908649355502,3.799084625443677,43.08994956099384,1.7572389314403138,53.87726508499907
2003-02-12,8967.934022924239,3.801230081073526,43.01407138197745,1.7532382816140155,53.94278259248905
2003-02-13,8945.417363822271,3.800148726529094,43.042015244469226,1.7557166759620746,53.97750511247443
2003-02-14,8929.509867506718,3.8040396553321596,43.14592791624201,1.7538219216158624,53.9924024830909
2003-02-17,8906.252332960059,3.8005785740948115,43.126073161627474,1.7553191489361701,54.21332586786114
2003-02-18,8878.747433264889,3.8005413477692747,43.006066828448766,1.7492066455105473,54.1833115549748
2003-02-19,8880.414295045253,3.800223943267705,43.022021087991035,1.7522627601007743,54.27731641317532
2003-02-20,8848.703892966645,3.801635231812692,42.89789092260522,1.7465390690327973,54.247886277060296
2003-02-21,8915.916220704927,3.8001476287137845,42.8520022144307,1.7438641815833178,54.24801623915851
2003-02-24,8892.099617572987,3.800205204738364,42.8370487827628,1.739110157634549,54.37739016882753
2003-02-25,8882.550584741044,3.7978466679042144,42.65138295897531,1.73389641730091,54.29552626693893
2003-02-26,8887.091974332745,3.799869803775691,42.73309774016553,1.7354226727424906,54.34297405375245
2003-02-27,8898.327481057106,3.800314174829052,42.56394381814822,1.7320273516909999,54.379966734429864
2003-02-28,8884.733815618623,3.8016138007790765,42.77592283435355,1.7381747356705621,54.53255425709516
2003-03-03,8885.555555555555,3.800925925925926,42.69990740740741,1.7371296296296297,54.587962962962955
2003-03-04,8852.165949262753,3.7987910980859048,42.61635680923161,1.7354153310742741,54.45828372561589
2003-03-05,8869.387196790078,3.799288710559912,42.5723144264089,1.7332664599671712,54.745577238737916
2003-03-06,8863.176137918454,3.7987777068320714,42.611420231688406,1.7360211620906685,54.80799051354556
2003-03-07,8888.631216595706,3.8016124648971825,42.5573874445149,1.7334903523869913,54.87725337439985
2003-03-10,8882.602789349756,3.799855098714001,42.47310269878645,1.7347400833182394,54.903097264988226
2003-03-11,8880.09927797834,3.799007220216606,42.40857400722022,1.7355595667870034,54.86010830324909
2003-03-12,8901.777294160318,3.8039535727239757,42.74455930359086,1.7472796517954299,55.13329706202394
2003-03-13,8904.593151693667,3.7997974963181145,42.798048600883654,1.7507363770250366,54.94293078055964
2003-03-14,8917.921113689095,3.800185614849188,42.77197215777262,1.7564733178654295,54.777726218097456
2003-03-17,8969.586149430606,3.7998333487640026,42.688084436626234,1.7567817794648641,54.872696972502546
2003-03-18,9042.565652748914,3.801058001133572,42.97222747024372,1.769979217834876,55.040619686378236
2003-03-19,9086.641438032168,3.7996215704824983,42.94597918637654,1.7688741721854304,55.030274361400195
2003-03-20,9035.762839879155,3.8066465256797586,43.020015105740185,1.7686933534743203,54.520392749244714
2003-03-21,8978.443057132048,3.8024971623155506,43.07850926976921,1.7687287173666288,54.46651532349603
2003-03-24,8950.846341922137,3.8003573443671246,42.889035170208764,1.7658454015422231,54.48091028775626
2003-03-25,8899.58843887382,3.7976802918342534,42.798989804508466,1.7647554017397813,54.271817416518566
2003-03-26,8915.421393081466,3.8002249929689698,42.88703478016312,1.7695697009468454,53.69832192743977
2003-03-27,8899.589667070783,3.7998694395225217,42.88799776182038,1.768255152475986,53.32742702601884
2003-03-28,8912.917054986021,3.800186393289842,42.982013047530295,1.771761416589003,53.547996272134206
2003-03-31,8901.5052776503,3.8000000000000007,42.900045892611296,1.7632859109683343,53.52547039926572
2003-04-01,8895.4090533468,3.8002020016527407,42.847029657515385,1.7710035809383897,53.34771829951336
2003-04-02,8883.5918744229,3.799815327793167,42.91809787626962,1.7695290858725763,53.172668513388736
2003-04-03,8885.357877032331,3.7961128760979252,42.98579704728088,1.7763034946738927,53.050831620257895
2003-04-04,8897.901119402984,3.802332089552239,43.11613805970149,1.7764925373134328,53.25746268656716
2003-04-07,8886.023436023435,3.8010773010773016,43.26223776223776,1.7835002835002833,53.290493290493295
2003-04-08,8873.75234521576,3.798405253283302,43.06181988742964,1.7821763602251406,52.8030018761726
2003-04-09,8865.74194749581,3.8005026996834848,42.98603611990318,1.7822565630236455,52.582386892571215
2003-04-10,8850.550670985655,3.79898195279963,42.87811198519204,1.7758445164275798,52.51087459509486
2003-04-11,8882.87843502562,3.8023288309268755,42.99105728924081,1.7793199813693528,52.407079646017706
2003-04-14,8853.674210673373,3.799664710813076,42.906025891776096,1.7811306696470148,52.57055043308186
2003-04-15,8841.68212166172,3.799610534124629,42.916079376854604,1.780322700296736,52.36090504451039
2003-04-16,8807.096714654856,3.7998338870431896,42.818106312292365,1.7768549280177188,52.27297895902548
2003-04-17,8727.802197802197,3.801190476190476,42.79377289377289,1.7682234432234432,52.192307692307686
2003-04-22,8751.554097165254,3.8050314465408808,42.77650168626379,1.7736760550542339,52.54489107647434
2003-04-23,8729.605263157895,3.7998903508771926,42.75804093567252,1.7778691520467835,52.49269005847953
2003-04-24,8733.421148255815,3.799327761627907,42.772256540697676,1.7775254360465118,52.815225290697676
2003-04-25,8743.58880889456,3.8016039369361163,43.08766973480361,1.7872049576232572,53.096691880069265
2003-04-28,8734.040816326531,3.7982766439909295,42.895600907029475,1.776780045351474,52.87619047619047
2003-04-29,8717.43336984301,3.8043994158451993,42.97900693683827,1.7786600949251554,52.88517707192407
2003-04-30,8672.338514059833,3.799478932710448,42.849249842781425,1.775581708741353,52.5280747462043
2003-05-02,8651.259008808613,3.795978289883442,42.7094047513124,1.768306788860219,52.49399412759143
2003-05-05,8582.501337136746,3.800053485469781,42.69504367980032,1.7627919415225533,52.37564628275986
2003-05-06,8601.904090267983,3.8009520451339913,42.594411142454156,1.7437411847672777,52.28667136812412
2003-05-07,8497.66342872145,3.797847203990549,42.50083136431259,1.7419270149645576,51.9961494705522
2003-05-08,8546.873633581112,3.8008745080892004,42.44932225623087,1.7367730651508526,52.086576300830785
2003-05-09,8560.003488574916,3.8000174428745854,42.575004360718644,1.7423687423687424,52.2754229897087
2003-05-12,8415.003880313874,3.8000344916788826,42.37501077864965,1.7336380098301285,52.04535655773045
2003-05-13,8437.628060427158,3.8023094287202643,42.37072408404237,1.7325056433408579,52.156624413960756
2003-05-14,8450.369597356292,3.8001565353509,42.22184537785895,1.7315418732063659,52.16279676493608
2003-05-15,8453.325187641822,3.8015360446849367,42.041543026706236,1.7180136149415257,52.095479141211385
2003-05-16,8462.582666202576,3.801166028541594,42.15784893839193,1.7270274973894884,52.611381830838845
2003-05-19,8408.196017851013,3.7992619292825265,42.065997253690355,1.725197391005836,52.41417782354961
2003-05-20,8389.282033665406,3.799725180350395,42.106406733081414,1.729388526279629,52.79113706630024
2003-05-21,8315.364872957482,3.7990418342030963,41.93925913251775,1.7259816921892377,52.61185730173667
2003-05-22,8338.916382252559,3.8017918088737206,41.96970989761092,1.7192832764505122,52.84982935153584
2003-05-23,8271.407972858355,3.800678541136556,41.902120441051736,1.7229007633587785,52.683630195080575
2003-05-26,8175.349191568612,3.800220096503852,41.79674934394311,1.7223397951409465,52.796918648946075
2003-05-27,8178.632047727082,3.7993445928913543,41.61305772624149,1.720863792958575,52.86614570204185
2003-05-28,8240.356108365992,3.800221502811382,41.81674902027603,1.7325779519509288,53.09763162378599
2003-05-29,8355.333446750596,3.8024838380401498,41.8767437904049,1.735369173188159,53.258761483497786
2003-05-30,8314.574522077482,3.8021485366266288,41.69294535611572,1.7294873963796313,53.27440365420403
2003-06-02,8266.37251542152,3.8029472241261133,41.68214530500343,1.727467443454421,53.26679232350926
2003-06-03,8216.053911114903,3.800562995820183,41.68037191845091,1.7258380960504993,53.132304017742904
2003-06-04,8151.1162432640485,3.7993328201180394,41.657942006671796,1.725344281926268,53.23582242750834
2003-06-05,8217.214437367304,3.7987261146496816,41.55592356687898,1.7228025477707005,53.322292993630576
2003-06-06,8190.781342588673,3.7865063912638615,41.42224667738932,1.7226784051468722,53.1507661051384
2003-06-09,8189.2461197339235,3.8008698618454715,41.70390585024731,1.727272727272727,53.35664335664335
2003-06-10,8210.000854773913,3.800068381912985,41.825027780152155,1.7328831524061885,53.32507051884777
2003-06-11,8227.647259107933,3.79826353421859,41.750425604358185,1.7355294518215865,53.44994892747702
2003-06-12,8259.655701380603,3.7998125106528042,41.678285324697455,1.7373444690642579,53.57337651269814
2003-06-13,8213.956259041783,3.7995915241256064,41.62471279040082,1.732958897115139,53.517998468215474
2003-06-16,8199.65412518981,3.7998987683482373,41.51830605702717,1.7271806984983973,53.37270119790788
2003-06-17,8183.266932270916,3.7991862337882516,41.52123421208782,1.728405526828855,53.41357972365856
2003-06-18,8232.703649884606,3.800324814086674,41.63860158987948,1.7323702880588085,53.395161979656386
2003-06-19,8242.565422565422,3.8005148005148004,41.62539682539683,1.7327327327327327,53.33247533247533
2003-06-20,8225.705705705705,3.8003432003432,41.6036036036036,1.7335049335049335,53.37966537966538
2003-06-23,8234.292399688014,3.7985960655169433,41.538781523528904,1.7387988560533845,53.334777710373515
2003-06-24,8219.645482057933,3.7998270644185035,41.52321660181582,1.739904885430177,53.418071768266316
2003-06-25,8223.357285083543,3.8001904597004583,41.50186131070903,1.7387239200069258,53.32785040256255
2003-06-26,8264.275717284814,3.7996850944716583,41.65132960111966,1.7529741077676697,53.32050384884535
2003-06-27,8277.175151143432,3.8010163848243232,42.006045737317095,1.7557171646368177,53.63970910365373
2003-06-30,8271.453574866544,3.8007351010763974,42.047431521834255,1.7632799509932615,53.41471952393454
2003-07-01,8237.139391839208,3.801004938057697,41.960928701377455,1.7577752750584767,53.38906696699298
2003-07-02,8220.0,3.8000000000000003,41.92501083658431,1.7532726484612053,53.32553099263113
2003-07-03,8224.282098280528,3.799685781618225,41.70638037880772,1.7540368333769747,53.321113729597634
2003-07-04,8181.571603000174,3.799406942264085,41.67277167277167,1.748299319727891,53.365602651316934
2003-07-07,8175.061619718312,3.7993838028169016,41.592693661971836,1.754049295774648,53.365316901408455
2003-07-08,8221.817058096416,3.8008122903054917,41.65919124139148,1.7563129083524633,53.4575313438107
2003-07-09,8195.499779832673,3.8,41.67001321003963,1.75112285336856,53.375605460149714
2003-07-10,8218.003879386351,3.80003526714865,41.650061717510134,1.7512784341385996,53.415623346852406
2003-07-11,8214.635439681839,3.7998232434821038,41.62315510384446,1.7545735749005746,53.37251436146708
2003-07-14,8226.099654836711,3.8005133197628114,41.61049650411542,1.7550225683688825,53.4826090804496
2003-07-15,8221.415319374504,3.799540595458963,41.51956886650765,1.7555437759519394,53.56833642547929
2003-07-16,8234.243131621477,3.800323217812893,41.648769976656496,1.7620757766205783,53.610163404560964
2003-07-17,8260.341910782656,3.8009082005164276,41.659246727806966,1.7597720594782298,53.587392039889586
2003-07-18,8329.62962962963,3.799821508255243,41.76314145470772,1.7626952253458277,53.70281124497992
2003-07-21,8308.897554058844,3.799539170506912,41.69948599787309,1.7570896845090391,53.673342786246
2003-07-22,8416.115666049545,3.80049369655294,41.85550559816627,1.7575597284668958,53.85700431984484
2003-07-23,8605.385492500658,3.80019296552934,42.061836680992904,1.756074028593983,54.0277168669415
2003-07-24,8590.381093572862,3.8002092962413885,41.876864044649864,1.7474492020580796,53.91296764628935
2003-07-25,8505.375969329965,3.800209113879934,41.9468502221835,1.7484534285963231,54.02282826522611
2003-07-28,8528.514231003568,3.799373313604317,41.99268865871703,1.750195839498651,54.365915223257026
2003-07-29,8614.3779445123,3.8008201012039775,42.01919385796545,1.7542313732332924,54.6571279008899
2003-07-30,8508.887915936954,3.7995621716287222,41.97950963222417,1.7563922942206656,54.66812609457093
2003-07-31,8510.3816928786,3.8002297225658244,41.94186251987984,1.7583495317193851,54.69782647110797
2003-08-01,8543.450622258037,3.8015936968394666,42.061957202972515,1.7621989435043424,54.94762288477035
2003-08-04,8497.010701335455,3.802069514460069,41.9772707172548,1.7621827186698504,54.834173520827804
2003-08-05,8627.671402100063,3.801200035295156,42.08806141357099,1.7649342627724345,54.84249536751081
2003-08-06,8600.526685393257,3.8013518258426964,42.094803370786515,1.76343047752809,54.79459269662921
2003-08-07,8585.757068616225,3.800317096802607,41.94371531753721,1.7574209460054613,54.67982031181186
2003-08-08,8563.385131555711,3.8001942433339218,41.89184177997527,1.7551651068338336,54.72717640826417
2003-08-11,8536.219566179725,3.7983178397521025,41.801505090748115,1.755112881806109,54.83045595396193
2003-08-12,8533.115275813296,3.796587694483734,41.81082036775106,1.7544200848656293,54.86297736916549
2003-08-13,8545.003103662322,3.8000354704265322,41.760042564511835,1.7536578877361002,54.82575152966215
2003-08-14,8552.280390417036,3.8010647737355816,41.691126885536825,1.7527950310559006,54.889973380656606
2003-08-15,8540.801991642216,3.8017249044189563,41.648528496487955,1.7499777718502711,55.08491153196408
2003-08-18,8536.619592420451,3.7998748659277792,41.613156953879155,1.7512513407222023,55.0929567393636
2003-08-19,8475.11974694984,3.7998192498870313,41.71314957071848,1.7525530953456845,55.12788070492544
2003-08-20,8415.734989648034,3.798991808443604,41.64875326311999,1.7471419569718247,55.16068052930056
2003-08-21,8393.432646016896,3.8015260241620497,41.53701516940685,1.7331274411844855,55.298392224543555
2003-08-22,8429.227097484854,3.7996144666789067,41.3612080044061,1.7441711033596476,55.22030475491096
2003-08-25,8441.94526083762,3.8008817046289494,41.40457384276267,1.745775165319618,55.438096987509184
2003-08-26,8464.617233727811,3.799833579881657,41.36307322485208,1.754992603550296,55.4474852071006
2003-08-27,8466.122673512424,3.7982946731456866,41.19611258824608,1.7519941322086734,55.30026588429449
2003-08-28,8520.114517916512,3.8022718876985593,41.199759881787955,1.7556335426671592,54.95844107868489
2003-08-29,8488.11201610689,3.80140935297886,41.125102955980594,1.7536377779811476,54.8750800768738
2003-09-01,8471.162790697674,3.800547195622435,40.925581395348836,1.752485180118559,54.93296853625171
2003-09-02,8470.393584662183,3.8001659139091157,41.07687344455711,1.7585030878421974,54.828094755276986
2003-09-03,8465.399239543725,3.8001483817119537,40.85189650375591,1.7583232866549197,54.77789112491885
2003-09-04,8486.291366241448,3.800332778702163,40.82880384544278,1.7563320391939359,54.93067110371602
2003-09-05,8484.619609997253,3.79987183008331,40.6981598461961,1.7562025084683692,54.85306234550947
2003-09-08,8482.702556227983,3.7990244783669045,40.689007316412244,1.7557582874175774,55.109746183723246
2003-09-09,8460.71845532106,3.7990121239335433,40.49914683430624,1.7561742254153572,55.16030534351145
2003-09-10,8422.753311851056,3.8003938417472254,40.3936627282492,1.7492839240959541,54.940028643036165
2003-09-11,8465.00846928769,3.800035660158688,40.73005259873407,1.7524293483106002,55.025407863065
2003-09-12,8454.018976011457,3.8006623702112425,40.722341568206225,1.751700680272109,54.96061582527748
2003-09-15,8464.506692669089,3.800726885914369,40.6972786100523,1.754543036964808,54.9703040510593
2003-09-16,8461.504227859368,3.800712060525145,40.48722741433022,1.7506898086337341,55.03515798842902
2003-09-17,8474.768105601142,3.8010167677488407,40.615858009275776,1.7509810916874777,55.140028540849094
2003-09-18,8490.124003542958,3.799822852081488,40.54827280779451,1.7493356953055803,55.172719220549155
2003-09-19,8466.84936350778,3.8008309759547383,40.49681753889675,1.747436350777935,55.01679632248939
2003-09-22,8443.930938262993,3.7491280083711196,40.037582839204745,1.72602023020579,55.024415765608644
2003-09-23,8416.102581995812,3.800505931612003,40.00026168876482,1.7316817864619678,54.97732030704815
2003-09-24,8439.10692482121,3.8005407291121576,40.060265131693704,1.731728588871446,55.082853654282225
2003-09-25,8440.302793004437,3.799008091882015,40.08457321848082,1.7322718176281213,55.15096145479857
2003-09-26,8437.868895272917,3.800208931835989,40.146774614781926,1.7319578654130756,55.037868895272915
2003-09-29,8415.89415578726,3.799526855340402,40.07973363708052,1.7317094541312539,54.88302812582143
2003-09-30,8397.167868177135,3.8009783728115343,39.96035015447992,1.7271713010641951,54.88928939237899
2003-10-01,8384.003084568589,3.8000171364921598,39.830005997772254,1.7282152343415302,54.77508354039928
2003-10-02,8376.436879917892,3.8007184399589464,39.66678070475539,1.7256243585357507,54.95980157372562
2003-10-03,8371.076501797023,3.8005305493753205,39.465086428204685,1.7246277597124764,54.88276570255005
2003-10-06,8388.349598410918,3.801969081958719,39.6205199067277,1.727351239312549,55.05397702737715
2003-10-07,8386.072399728075,3.800475866757308,39.43507817811013,1.7232324949014273,55.07222977566281
2003-10-08,8364.485188014602,3.8011204481792724,39.28172481113658,1.7246413717001954,55.02164502164502
2003-10-09,8376.493043773327,3.801153715643027,39.16669494401086,1.7221750933152358,54.89141499830336
2003-10-10,8381.065490329149,3.800559891414998,39.100016966406514,1.7242958941296231,54.70732948761452
2003-10-13,8375.573237508555,3.800564681724846,39.35506502395619,1.7233059548254621,54.53713210130048
2003-10-14,8435.654117242566,3.7980917998968544,40.074351040055014,1.7440261303077187,54.701736290183945
2003-10-15,8425.366355300368,3.8002399520095977,39.9267289399263,1.738023823806667,54.59765189819179
2003-10-16,8445.372363323288,3.8001721911321567,39.88170469220835,1.7395609126130007,54.627636676711155
2003-10-17,8440.366180153727,3.8001554538388462,39.846791605492704,1.7407375421020814,54.687796873650576
2003-10-20,8429.28024765672,3.7997248258663685,40.001633846418436,1.7450339668071202,54.59540803164502
2003-10-21,8449.367633141186,3.802030456852792,40.00567839628323,1.74593478447905,54.85330809601651
2003-10-22,8466.085171883016,3.800495980844878,39.97015563536857,1.7373866940311269,55.23174277407217
2003-10-23,8480.722891566264,3.8003563549974544,39.818428644154075,1.7436789411165787,55.25538774817579
2003-10-24,8493.752652576182,3.798573975044564,39.88481453187336,1.7424666836431544,55.304303539597655
2003-10-27,8551.004426285324,3.800051072522982,39.94501191692203,1.7413176710929519,55.474974463738505
2003-10-28,8582.575173477255,3.80116508181273,39.956994774265404,1.7459950312687398,55.367086438790366
2003-10-29,8529.638822321123,3.7998972954467645,39.97329681615884,1.7372475179732965,55.22252653200959
2003-10-30,8483.25664621677,3.8014655760054534,39.920330606680295,1.7342365371506476,55.30163599182004
2003-10-31,8498.330752022028,3.80089485458613,39.903631044570645,1.7392875580795044,55.332128721390475
2003-11-03,8519.104323064976,3.800500474587971,39.95021140736905,1.7417378548623694,55.49745448269911
2003-11-04,8505.371468433901,3.800226717823509,39.936780606906176,1.7454656435298221,55.352284618067664
2003-11-05,8475.743048897411,3.8004009413405386,39.88852087509806,1.7404340625817136,55.2052645341236
2003-11-06,8492.278801642064,3.799021748624334,39.89457594549742,1.7430343261420211,55.07555244999563
2003-11-07,8486.650910364146,3.7991946778711485,39.921306022408956,1.7410714285714286,55.26348039215686
2003-11-10,8478.524775755463,3.7993555691021506,39.86806583645389,1.7359575023948444,55.315684054689534
2003-11-11,8480.655823258241,3.7992519787770727,39.886318169957384,1.734104549012786,55.16308602244064
2003-11-12,8479.46551724138,3.8006896551724143,39.961896551724145,1.7338793103448276,55.28448275862069
2003-11-13,8527.55993150685,3.8011986301369864,39.93698630136986,1.7267123287671233,55.336472602739725
2003-11-14,8498.249043773905,3.801529961750956,39.91525711857203,1.7212069698257542,55.39651508712282
2003-11-17,8487.366548042706,3.8002033553634984,39.88671411625149,1.7249618708693444,55.42789357735977
2003-11-18,8481.083375785363,3.800475462727119,39.920105281032434,1.7222788249278318,55.407539480387165
2003-11-19,8477.413937867339,3.80176322418136,39.92342569269521,1.7154492023509653,55.37615449202351
2003-11-20,8552.87597615249,3.801326727684944,39.938449911831384,1.7174405911495507,55.29431522378032
2003-11-21,8518.581393394403,3.800487435918985,39.950079838641905,1.7202285906378687,55.5819816791327
2003-11-24,8516.78085088387,3.7997124249344503,39.89165186500888,1.7240970988750743,55.575573035608556
2003-11-25,8518.59595444501,3.800526942036376,39.930137684854664,1.722760496345402,55.532041475437694
2003-11-26,8518.227933716604,3.800388907676699,39.91841393304024,1.7242982752789988,55.554616165032115
2003-11-27,8516.434212737357,3.7995294908418753,39.920013443118805,1.7247521424970593,55.693160813308694
2003-11-28,8506.069701517425,3.800483575120894,39.930048357512085,1.72269468067367,55.73203268300817
2003-12-01,8502.670771278808,3.7987353357184457,39.90173891338714,1.7226890756302522,55.50711373658374
2003-12-02,8492.86012526096,3.8001670146137787,39.914237995824635,1.721920668058455,55.53235908141962
2003-12-03,8491.356800528838,3.8017683027598745,39.898116013882,1.7160799867790448,55.400760204924815
2003-12-04,8498.20274971012,3.8003147258572136,39.913367566672186,1.7167467285075368,55.27994036773232
2003-12-05,8492.545710267228,3.798957557706627,39.89343923223297,1.7161413088442126,55.34954910234135
2003-12-08,8493.804223277131,3.7997217220494353,39.85676870191521,1.7110820101489603,55.32083810770993
2003-12-09,8493.506281612008,3.7999673682493067,39.80502528960679,1.712595855767662,55.275738293359446
2003-12-10,8491.764033009233,3.7991665985783154,39.80692867064303,1.713620393823025,55.36400032682409
2003-12-11,8487.560515303194,3.7988840567818167,39.7736112250759,1.7132190038565684,55.429556084352186
2003-12-12,8472.237636690059,3.7987595887057286,39.63709809041946,1.7107883140199118,55.45699363473151
2003-12-15,8480.23712183156,3.8008176614881433,39.688143908421914,1.7093213409648405,55.49141455437449
2003-12-16,8484.593565118728,3.801361536591296,39.619499149039626,1.7062971067347434,55.530431963692365
2003-12-17,8492.502229067035,3.800032422793224,39.660047013050175,1.709978114614574,55.43487071411202
2003-12-18,8494.477142626785,3.799483995807466,39.63524953640248,1.7081351285979198,55.3132306699992
2003-12-19,8494.894507972298,3.801014656144307,39.62119503945885,1.7074408117249154,55.4155258495732
2003-12-22,8491.185459224707,3.800305613640019,39.6532089432202,1.7078976998552358,55.51954318803281
2003-12-23,8498.846029696579,3.800193673337637,39.62161071659135,1.7084409296320207,55.56730148482892
2003-12-24,8494.66430240993,3.79987104054163,39.588458128475864,1.7075038284839206,55.52833078101073
2003-12-29,8432.138571085687,3.771901752140171,39.297063765101214,1.70325626050084,55.119609568765505
2003-12-30,8478.337067861716,3.8001760563380285,39.63164212548015,1.7027848911651728,55.532170294494236
2003-12-31,8426.84085510689,3.8019794140934287,39.62042755344418,1.6983372921615203,55.558986539984176
2004-01-02,8448.324332909782,3.7992376111817023,39.55217598475222,1.701635959339263,55.49396442185514
2004-01-05,8388.978430907799,3.801769771667851,39.33862684680414,1.6996918701114008,55.30141423718101
2004-01-06,8334.634681718406,3.8007212292254624,39.10771401693321,1.6977892756349953,55.13562245217937
2004-01-07,8363.987696190552,3.8004574493256564,39.00465336382995,1.6978468333464782,55.23148513289692
2004-01-08,8341.704923223047,3.7984802912775053,38.984644609783125,1.6956624980212125,55.153553902168746
2004-01-09,8333.602889220381,3.801680144461019,39.00690900526027,1.69474758577373,55.31914893617021
2004-01-12,8302.089179918928,3.798643592142189,38.87636420330527,1.6914561895852822,55.255690676644846
2004-01-13,8333.273197897875,3.8015530629853322,38.94532904541533,1.6932308416346382,55.397286061651904
2004-01-14,8342.018594390167,3.799558777182477,39.01544279861329,1.695083517176174,55.46879924361802
2004-01-15,8368.642659279778,3.8016620498614957,39.062049861495844,1.695449149188761,55.5195884447962
2004-01-16,8348.331065396622,3.799247578644041,38.997198431121426,1.700392219643,55.52389338029296
2004-01-19,8376.828578356097,3.799725208114442,39.04687626283035,1.7085589590236805,55.62111048250222
2004-01-20,8401.005105296745,3.800494575622208,39.07969049138481,1.7084396936821953,55.682035737077214
2004-01-21,8403.339414610931,3.7992385182834933,39.0322836519394,1.699690648052669,55.56436900134846
2004-01-22,8335.239968528718,3.768450039339103,38.71597167584579,1.6938630999213218,55.11408339889851
2004-01-23,8404.67223447841,3.79987393633785,39.11597856917743,1.6949259375984869,55.612984557201386
2004-01-26,8457.996023856858,3.7995228628230615,39.340357852882704,1.6952683896620278,55.81868787276341
2004-01-27,8427.850123831588,3.800591195973476,39.10625549253016,1.6993688583526403,55.78892705919949
2004-01-28,8419.51763113906,3.8009233463344745,39.109368781342035,1.692987343787312,55.88872084693146
2004-01-29,8431.857555341676,3.8006095604748156,39.229788257940335,1.6997914661533526,56.044273339749765
2004-01-30,8457.816537467701,3.799660852713178,39.2468507751938,1.699450904392765,55.92054263565891
2004-02-02,8460.195810930101,3.800738303506942,39.23288660621138,1.693925046143969,56.036433673059946
2004-02-03,8449.018673023442,3.8009535160905843,39.09932459276917,1.6926499801350814,56.21851410409218
2004-02-04,8456.411689556053,3.8028585116576172,39.08966783775152,1.6939476205685087,56.2080804854679
2004-02-05,8453.365652070253,3.801557657156481,39.03552411984423,1.6922832392911071,55.92227608678376
2004-02-06,8462.542900470908,3.8014207039667975,39.15404262111901,1.6949477212866153,55.99568999920185
2004-02-09,8441.99638165657,3.8009911114607093,39.03925116022968,1.6839455675293007,55.89789978761897
2004-02-10,8390.402695079913,3.7979473519272955,38.90864932623002,1.672986524600439,55.814791601378886
2004-02-11,8416.66403785489,3.800788643533123,38.95772870662461,1.6736593059936906,55.93611987381704
2004-02-12,8408.998593969693,3.80003124511795,38.86002187158257,1.67317606623965,55.975628807998746
2004-02-13,8402.832397003745,3.8001716604244695,38.8915418227216,1.674547440699126,56.10720973782771
2004-02-16,8388.642963660623,3.8007220783298017,38.957695628286636,1.6753002119142926,56.13609606781257
2004-02-17,8404.619692020531,3.8012132524498363,39.01213252449836,1.6748327889251828,56.08259449370042
2004-02-18,8401.676543980037,3.7999064254522774,38.998518402994385,1.6750623830318152,56.12289457267623
2004-02-19,8467.706696007544,3.829770512417479,39.30501414649481,1.6827255580006286,56.56397359320968
2004-02-20,8439.335070678355,3.7997315012240387,39.16694306246545,1.6865671641791045,56.320777067045725
2004-02-23,8439.670801526718,3.799856870229007,39.23847010178117,1.6939408396946565,56.25318066157761
2004-02-24,8455.86343787217,3.8019849146486697,39.260262008733626,1.6949583167923776,56.27709408495434
2004-02-25,8440.335735212606,3.8001425290996913,39.20159949322987,1.6914244991685803,56.18259561327105
2004-02-26,8470.347155255546,3.800144648023144,39.321600771456126,1.702989392478303,56.32754741240758
2004-02-27,8451.94073119665,3.7986793364470928,39.29578031889193,1.6999516830407475,56.30938959574811
2004-03-01,8462.840435757771,3.8001441845562325,39.271627683434794,1.6996956103812881,56.2776353732778
2004-03-02,8491.711014352524,3.80083857442348,39.30793420416062,1.7044025157232705,56.23689727463313
2004-03-03,8567.470970929753,3.801119986823685,39.57144033599605,1.711273985011941,56.24145598287079
2004-03-04,8560.640487363136,3.802502675557751,39.536099448423485,1.7159792541368242,56.27233061661316
2004-03-05,8595.74311023622,3.7992125984251963,39.411909448818896,1.7149770341207349,56.32381889763779
2004-03-08,8584.50145678213,3.8000161864681123,39.38005827128521,1.7103431531239885,56.225315636128194
2004-03-09,8554.502062939891,3.802038670010517,39.40077663619448,1.7046355472858183,56.21470754793301
2004-03-10,8588.145377672981,3.801447272135946,39.39442231075697,1.7099764208472232,56.21595251646475
2004-03-11,8635.280678851175,3.80230091383812,39.414164490861616,1.7122225848563968,56.28998041775457
2004-03-12,8658.93747445852,3.79950960359624,39.435145075602776,1.7141806293420516,56.308132407029014
2004-03-15,8638.906988108813,3.8006189933213883,39.506515719172505,1.7086659064994298,56.31454634305261
2004-03-16,8608.607287449391,3.7993522267206474,39.48364372469636,1.7014574898785426,56.24615384615384
2004-03-17,8562.150028569096,3.7998530732185123,39.55840339564117,1.6992082278997633,56.27295730960737
2004-03-18,8538.74887855803,3.8008319060435527,39.42353804746758,1.6904820161487646,56.27681265802138
2004-03-19,8559.729423201556,3.7987686325340246,39.4002754374595,1.6914290343486713,56.37151652624757
2004-03-22,8561.118756577349,3.799400955233546,39.46863110175666,1.6903586173399172,56.41625516068971
2004-03-23,8587.202671880092,3.8003421309872922,39.4832192896709,1.68931247963506,56.37992831541219
2004-03-24,8571.490652673008,3.798458510987209,39.47884552312234,1.6891603804526072,56.30206625122991
2004-03-25,8614.729640619847,3.799208704253215,39.551846356742494,1.6929607649192218,56.41361688097593
2004-03-26,8612.462006079028,3.798488458062926,39.49330485500698,1.6893124127166679,56.40187299761768
2004-03-29,8609.27545799637,3.8007922099356333,39.568163063211756,1.6898002970787258,56.3871926060406
2004-03-30,8611.389185197342,3.8017559694756713,39.56790022154755,1.6840075490276525,56.34036268154592
2004-03-31,8565.248691099478,3.8008017015706805,39.27805955497382,1.6736747382198953,56.15674083769634
2004-04-01,8582.21590909091,3.798782467532468,39.137337662337664,1.672077922077922,56.15665584415585
2004-04-02,8572.649780808573,3.799886345185907,39.1384153271635,1.6732424094820588,56.28267575905179
2004-04-05,8590.37153756842,3.7979764471720023,39.09396251451319,1.6766462099850723,56.31530933819871
2004-04-06,8577.923904052936,3.80066170388751,39.15153019023987,1.6810587262200165,56.28453267162944
2004-04-07,8585.819353772416,3.8024130237170484,39.07420874307909,1.6769688455499547,56.259813238575326
2004-04-08,8591.534391534391,3.802744708994709,39.14748677248677,1.6784887566137565,56.16484788359788
2004-04-13,8595.732776617953,3.801503131524008,39.174780793319414,1.6658037578288099,55.84634655532359
2004-04-14,8603.50553505535,3.799983227104999,39.325058705132506,1.6752767527675279,55.84535390808454
2004-04-15,8635.762256548018,3.8014607118871724,39.67503357958361,1.6810779046339825,55.896574882471455
2004-04-16,8621.312437143815,3.8007877975192756,39.43580288300369,1.6827019778746228,55.881662755615146
2004-04-19,8603.570242444372,3.8004815675855204,39.359930255729,1.6752739953503821,55.63184988375955
2004-04-20,8614.531276203254,3.7984236122757,39.38185477108838,1.678098272681536,55.621331544524566
2004-04-21,8650.870226427847,3.8001858736059475,39.581699898614396,1.691872254139912,55.8271375464684
2004-04-22,8651.183357197,3.7992082877116142,39.626631853785895,1.6967068137791628,55.83340352059294
2004-04-23,8619.781236853178,3.7998317206562895,39.52671434581406,1.6935633151030711,55.743374000841406
2004-04-26,8627.592608218714,3.800354400472534,39.680027001940765,1.6976626445025733,55.67968947768121
2004-04-27,8622.099772861107,3.7987717674770756,39.641709430470264,1.697232270547657,55.60612433751157
2004-04-28,8643.041908121273,3.8011253884269753,39.73670949861426,1.695389266817838,55.77139497774418
2004-04-29,8704.211060375443,3.801116184677828,40.095213935396586,1.7061559276171148,56.04177236597328
2004-04-30,8785.879300242737,3.8002008872520294,39.98769565581317,1.7026868669958983,56.0575876789152
2004-05-03,8705.37103655986,3.8002175186145735,39.94670793942943,1.7009955659667029,55.76758972642852
2004-05-04,8720.810878036647,3.8008457010198162,39.95829533206202,1.6958792803250144,55.71677307022635
2004-05-05,8694.994227280224,3.7989444169553033,39.76356589147287,1.68596404420254,55.43377865743032
2004-05-06,8705.719709475074,3.800511720039617,39.89831627599868,1.6882634532849126,55.65698250247606
2004-05-07,8733.05723515282,3.7993870620392607,40.02841050277479,1.6902178414644247,55.69618156216351
2004-05-10,8975.377860339442,3.8005572912268857,40.56674829012919,1.726758422696952,55.70210250781053
2004-05-11,8991.909522195867,3.8008302270416814,40.658675025415114,1.7252626228397157,55.98695357505931
2004-05-12,8954.153664501982,3.8018048410221805,40.57383823901493,1.715020662899553,55.8615164038121
2004-05-13,8995.627167385606,3.799627844032818,40.75327750993826,1.726127040514252,55.96041613803604
2004-05-14,9035.383833248603,3.80011862396204,40.926792069140824,1.7279274699203526,55.977800372818166
2004-05-17,9010.005822174166,3.799550860850038,40.85502786326208,1.7240289445229977,55.91782417034019
2004-05-18,9071.142451806727,3.800550780272052,40.8001335224902,1.7246098639739633,55.832429274805975
2004-05-19,9048.869797314204,3.799899908249228,40.699974977062304,1.7147385103011092,55.747768788055716
2004-05-20,9052.424089917798,3.801459486663312,40.78040597215233,1.7178325784264386,55.87149807079349
2004-05-21,8970.409774748565,3.767018535450087,40.4109384091098,1.7136563876651982,55.36530629207879
2004-05-24,9122.292780748661,3.800635026737968,40.76529077540107,1.7148228609625666,55.98429144385026
2004-05-25,9265.39003564619,3.8004642294619915,40.85169526651745,1.7173174168946368,55.992704965597284
2004-05-26,9257.500413018339,3.8000165207335206,40.735007434330086,1.7108045597224517,55.954898397488854
2004-05-27,9289.412248253186,3.800822030415126,40.68335388409372,1.7049732840115086,55.88655980271271
2004-05-28,9270.382165605097,3.800179650498122,40.61170994610485,1.7036583374162995,55.86722195002451
2004-05-31,9272.44630267257,3.8020167240531233,40.57165109034268,1.6986391211674046,55.79521232989014
2004-06-01,9365.391219033601,3.8001798708200467,40.641648270787336,1.7005150846210446,55.82781456953642
2004-06-02,9445.772238514173,3.800179211469534,40.65330726621049,1.7060931899641576,55.72743564679048
2004-06-03,9444.618027155244,3.7998527727793228,40.73335514477344,1.7120889906756094,55.77294290855554
2004-06-04,9450.38924854544,3.8001311152995165,40.69671392280587,1.7113824469392773,55.8870769482914
2004-06-07,9316.13767351246,3.80047081743648,40.56498092377628,1.7043591200584465,55.79186622290771
2004-06-08,9248.503334960144,3.7994143484626646,40.56344558321132,1.7073369123149504,55.68651374654303
2004-06-09,9283.096158591758,3.799292588632064,40.531710125853415,1.7058484823558442,55.65846837213128
2004-06-10,9368.063391968137,3.7992864254895453,40.636574842349816,1.7123299037504147,55.76335877862596
2004-06-11,9381.567549558555,3.8006829918374154,40.736798267532905,1.7159753456605034,55.894552723638185
2004-06-14,9388.517623531372,3.801433213898842,40.96541954837097,1.72310640779935,55.99616698608449
2004-06-15,9414.612895195418,3.7995187121400713,41.01833872707659,1.7192764085967966,55.99784250269687
2004-06-16,9401.882567589983,3.799552164538066,40.93647371039973,1.7164538066014265,56.21827832144634
2004-06-17,9395.002075550023,3.79983395599834,40.8499792444998,1.7154836031548362,56.35284350352843
2004-06-18,9407.34927752865,3.800697558545093,40.965205115429335,1.7165753197143332,56.43497757847534
2004-06-21,9400.222919418757,3.8014365918097757,40.9318857331572,1.7203599735799207,56.19633421400264
2004-06-22,9410.396162434869,3.8003473658092792,40.931684724175,1.7183855760483004,56.22942684641468
2004-06-23,9422.611069744353,3.799371225283362,41.003309340613875,1.7185405807892775,56.21576900802514
2004-06-24,9420.39267447616,3.800197987130837,40.856706814057084,1.7114337568058078,56.02788318759281
2004-06-25,9417.111550502554,3.799884659746252,40.84338441258856,1.7077772285384745,56.0726643598616
2004-06-28,9420.388269986894,3.800212975098296,40.931684141546526,1.7083879423328963,56.1279488859764
2004-06-29,9405.776974278904,3.8004766209220144,40.868354014298625,1.712466102391322,56.18210206261812
2004-06-30,9400.386672151379,3.8,40.916742081447964,1.7195392842451667,56.12505141916906
2004-07-01,9296.145627876396,3.800460223537146,40.82503287310979,1.7155654174884942,55.99194608809993
2004-07-02,9148.254856766545,3.8007902535396774,40.73839315113598,1.7155910437932167,55.97629239380968
2004-07-05,9144.523111979168,3.7987467447916674,40.74674479166667,1.715006510416667,55.7568359375
2004-07-06,8990.36477374279,3.800146234462588,40.796652855634086,1.714924039320822,55.92737021691444
2004-07-07,9004.27288176742,3.799708667152221,40.77672574249413,1.7074532653556689,55.94076232095169
2004-07-08,8993.367346938776,3.80012957563978,40.82167152575316,1.7074020084224166,55.94752186588922
2004-07-09,8921.807306821855,3.801083090850307,40.75824442289039,1.7032007759456838,55.79130294212739
2004-07-12,8815.713479067515,3.800193595224651,40.68331047834153,1.6974267968056787,55.78769057029926
2004-07-13,8936.808923375364,3.8004364694471384,40.70328160362108,1.6987552537989008,55.77190430003233
2004-07-14,8958.62208222276,3.801066149745578,40.79145464825135,1.7018011469186658,55.871092803489226
2004-07-15,8970.042023597867,3.8011152416356877,40.82156133828996,1.7063197026022305,55.971391627606266
2004-07-16,8913.19517526107,3.799239051242613,40.80676758682101,1.7062252084513883,55.98397150489759
2004-07-19,8959.281340638092,3.7997099581050593,40.81171446986787,1.7008540122462132,55.92088301643571
2004-07-20,8976.092046830843,3.800484457004441,40.83496164715382,1.7040775131207107,55.88211546225272
2004-07-21,9016.834743005855,3.8007482108002604,40.95535133376708,1.7110442420299283,55.936890045543265
2004-07-22,9059.71633518096,3.8009455493968054,40.99902184545159,1.7155200521682428,55.99853276817738
2004-07-23,9082.610122221311,3.801164793700271,41.09679271593799,1.7216799278156016,56.0716922319744
2004-07-26,9136.125955767493,3.7998848968182197,41.225108936939904,1.7207103510647046,56.102112965551264
2004-07-27,9068.62261669954,3.800460223537146,41.255095332018406,1.7197567389875081,56.03221564760026
2004-07-28,9126.898786770815,3.8008143593152734,41.49368456041217,1.7261093568223367,56.00216054512215
2004-07-29,9187.294195908864,3.80093131548312,41.45035755862298,1.7274239148511559,56.049392981872614
2004-07-30,9129.620400365478,3.799900323947172,41.34828474125759,1.7220699393637344,55.94318464988786
2004-08-02,9135.761094981335,3.800829531314807,41.31845707175446,1.7182911654914974,55.7793446702613
2004-08-03,9179.23806355016,3.800532357344868,41.33663283979371,1.7205955747795707,55.87090334386958
2004-08-04,9227.69757155971,3.801134941166653,41.51214220145206,1.7246933155303348,55.911708253358924
2004-08-05,9181.904999169574,3.800780601229032,41.483640591263914,1.7227204783258596,55.78641421690749
2004-08-06,9191.52851458886,3.800646551724138,41.456896551724135,1.7233919098143238,55.8040450928382
2004-08-09,9185.008573528212,3.8000326610598516,41.420021229688906,1.7167469584388015,55.709969788519636
2004-08-10,9213.502728235198,3.799413633032006,41.44327713983223,1.7126801856828733,55.66658522681
2004-08-11,9261.137905665004,3.8004577781410935,41.54508297228807,1.71266247036704,55.847298291506576
2004-08-12,9241.889686684073,3.800750652741514,41.56853785900783,1.7158126631853785,55.68701044386423
2004-08-13,9254.628038301007,3.7998199525329404,41.54832637695392,1.7208445863000246,55.692773549390296
2004-08-16,9287.638810083488,3.80124827753911,41.55183594066629,1.716300559293183,55.74126611007538
2004-08-17,9285.759442373157,3.8002917814880854,41.50340411736099,1.7162425028367645,55.735127249148974
2004-08-18,9272.743492012001,3.7991241586246045,41.49995945178817,1.7139729137945017,55.76676668558917
2004-08-19,9255.756938263614,3.800307468241767,41.46338700542115,1.7092806861396552,55.769884294845866
2004-08-20,9231.25355893598,3.799723419832425,41.441633449930855,1.7092654356137638,55.710566989343526
2004-08-23,9275.379591836734,3.800163265306122,41.48873469387755,1.7088163265306122,55.797551020408164
2004-08-24,9264.791168959553,3.800972073482165,41.470302331328774,1.7110140868275805,55.98896119943983
2004-08-25,9277.0714344839,3.8010926247827173,41.69381673702508,1.7136826421653837,56.09386640178793
2004-08-26,9306.92561983471,3.800826446280992,41.68363636363636,1.7139669421487604,56.03636363636364
2004-08-27,9313.090608191975,3.801323955316508,41.61381878361606,1.710219280099297,56.183698800165494
2004-08-30,9336.340997758778,3.7995351539802438,41.62986635676931,1.7139536814144598,56.21814559641404
2004-08-31,9375.006192717363,3.800016513912971,41.65007018413013,1.7136487490710923,56.17537775575923
2004-09-01,9316.913214990138,3.8007889546351077,41.6085634451019,1.7093195266272188,56.25657462195924
2004-09-02,9270.38284587578,3.8001971738416036,41.53171212619126,1.7027604337824513,56.12717712783437
2004-09-03,9264.624229979467,3.7990965092402464,41.52583162217659,1.7011909650924026,56.061601642710464
2004-09-06,9277.234694722889,3.8001822549913014,41.60657774832242,1.7055753458702676,56.130395161958404
2004-09-07,9276.537792863648,3.8006457488202665,41.66197532908354,1.7027071777465024,56.10977729944533
2004-09-08,9303.845834371625,3.799568070437744,41.66982307500623,1.6984799401943682,56.068610349696826
2004-09-09,9303.149864654251,3.8005085718973013,41.61512591255844,1.6983020260848165,56.092199163317204
2004-09-10,9274.621491120386,3.8001473115639577,41.55831082739995,1.700630166134708,56.15271298796956
2004-09-13,9250.38411245505,3.800179797319385,41.55173259235044,1.6989212160836875,56.21526642693691
2004-09-14,9112.609299664951,3.801095039633897,41.31184113753371,1.6920813924981615,56.181253575222684
2004-09-15,9105.376695538487,3.8002124530151984,41.32170289262951,1.6889197581304134,56.10720705997712
2004-09-16,9003.890442506992,3.7995558480013165,41.2199374897187,1.6895048527718375,56.168777759499925
2004-09-17,9037.220538858406,3.8007534190483985,41.29817377774138,1.691999017279502,56.23863729424289
2004-09-20,9038.996043521267,3.8006923837784368,41.2968183316848,1.689498846027036,56.24464226838114
2004-09-21,9025.333985011404,3.7996904529162596,41.30213424568263,1.6899641577060933,56.3139459107201
2004-09-22,9165.626786443447,3.801143323805635,41.37680685994284,1.6926092282564313,56.331563903634134
2004-09-23,9126.114494518879,3.800487210718636,41.44506699147381,1.6946000812017863,56.38246041412911
2004-09-24,9112.917377528636,3.8000649930944834,41.37825980989519,1.6907141116256397,56.37054187992525
2004-09-27,9193.879549534846,3.799575648767749,41.509955932756654,1.6941406887546924,56.4485066100865
2004-09-28,9230.125658694771,3.800810701256587,41.61005269558168,1.695095257397649,56.38184029185245
2004-09-29,9186.634748032136,3.7998863913008196,41.54832427168709,1.6930942140712488,56.32313560009738
2004-09-30,9160.3674752196,3.8007897493754537,41.431702796357484,1.6872431299863004,56.27770166814409
2004-10-01,9148.843953919277,3.8007733827438974,41.368404092483686,1.684363167646822,56.33690485781035
2004-10-04,9084.632263307598,3.7998374644453476,41.38829744006502,1.6853311661926047,56.27305973181634
2004-10-05,9101.853055916776,3.8006339401820552,41.42343953185956,1.6861183355006504,56.28413524057217
2004-10-06,9106.855560983555,3.8007653476632473,41.40644846116268,1.6912554958475818,56.30679042501222
2004-10-07,9096.72384358995,3.800910495081701,41.39013088366799,1.6889683765547516,56.38891147061215
2004-10-08,9090.133982947624,3.8001624035728785,41.3282988225741,1.6864799025578563,56.32318311002842
2004-10-11,9084.635248547449,3.799870884441575,41.27832472562943,1.6806810845706908,56.32746933505487
2004-10-12,9139.359974009096,3.8004385964912277,41.39343729694607,1.6855100714749838,56.386452241715396
2004-10-13,9141.868427488384,3.8007662835249043,41.39846743295019,1.687209586696014,56.336512594766454
2004-10-14,9098.60224610164,3.800436293124344,41.41504403328755,1.6816676092752685,56.4522905389028
2004-10-15,9097.567262767841,3.800467214435315,41.44675366521669,1.6798775575962621,56.441114870307715
2004-10-18,9110.734327400993,3.8003046336379667,41.46336379669713,1.678932178932179,56.42937309603976
2004-10-19,9081.09361259893,3.8004636661603644,41.34998800863379,1.6751139179790553,56.381805100327774
2004-10-20,9081.445591739477,3.8006354249404293,41.33661636219222,1.6731532962668787,56.334392374900716
2004-10-21,9110.003173092178,3.800015865460892,41.33000158654609,1.6722989052831985,56.31524670791687
2004-10-22,9093.328573695066,3.8018403934634306,41.28470569570047,1.6682532127558307,56.342217991432655
2004-10-25,9071.067854909319,3.800500312695435,41.07489055659788,1.6633051907442151,56.3015947467167
2004-10-26,9091.066958698373,3.8004536921151444,41.03480913642053,1.6645807259073844,56.35168961201502
2004-10-27,9099.648217636024,3.799874921826142,41.06840212632896,1.661976235146967,56.39305816135085
2004-10-28,9157.635119188106,3.8240893714105897,41.33010778066242,1.6639918181102984,56.752419164503195
2004-10-29,9095.006673470989,3.8000314045693644,41.05001177671351,1.6635785506791236,56.32488027007929
2004-11-01,9086.648886099782,3.7998901788515846,41.068402886727334,1.6671634766237844,56.27784750549105
2004-11-02,9097.866981503346,3.8012593467138927,41.08295946477765,1.6675324675324674,56.32270759543488
2004-11-03,9126.791594793789,3.800768386388584,41.21812764622863,1.6677120903246037,56.38623177042496
2004-11-04,9071.446325928227,3.7994407332608353,40.95525866086686,1.656827714773963,56.36631971415255
2004-11-05,9071.468574984443,3.801026757934038,40.941116988176724,1.6592252644679528,56.38845675171125
2004-11-08,8952.999922582643,3.8000309669427885,40.69002090268638,1.6528605713400941,56.2452581868855
2004-11-09,9003.051661374024,3.8004802106730695,40.71473936952986,1.6517698086902644,56.20168848268918
2004-11-10,9044.748401017185,3.8007243584803883,40.67781459505278,1.6544655929721812,56.3358249210141
2004-11-11,9067.812257564003,3.801163692785105,40.72265321955004,1.6580294802172229,56.35065942591156
2004-11-12,9039.300363748936,3.799705905115703,40.34192399969042,1.653819363826329,56.35090163300055
2004-11-15,8989.656503280587,3.7998456194519488,40.37846391354689,1.6507140100347355,56.287919722115014
2004-11-16,8992.69909798782,3.800323799244469,40.383085344229436,1.6502968159740963,56.359571351476376
2004-11-17,8999.078765545832,3.8008598188238905,40.13426992169507,1.6473207431291264,56.36342699216951
2004-11-18,8997.69656019656,3.8002917690417686,40.16308353808354,1.6496468058968057,56.27994471744472
2004-11-19,9002.84946236559,3.800153609831029,40.03149001536098,1.6474654377880185,56.32718894009216
2004-11-22,9004.312130745033,3.7997391237627567,39.81201565257424,1.6447479475178395,56.271004373513385
2004-11-23,9002.59760103904,3.798915119566048,39.85942394376958,1.642371456948583,56.274734509893804
2004-11-24,8977.392362695877,3.801004107713373,39.70028906131142,1.6414118363000152,56.34033165982048
2004-11-25,8963.732687504731,3.801634753651707,39.48611216226444,1.6404298796639674,56.293801559070616
2004-11-26,9002.37951352168,3.801027345520471,39.43042755703278,1.6412600090648133,56.160296117238246
2004-11-29,9015.565788480411,3.8013135049445155,39.49347021967238,1.6373518532497924,56.19461010040009
2004-11-30,9025.874388867996,3.8010530274539303,39.49078600977811,1.6376081233546447,56.169988717562994
2004-12-01,9010.004513314278,3.800060177523695,39.32525951557094,1.636001203550474,56.135098540695054
2004-12-02,9030.681988883884,3.8002854138500832,39.18807270542286,1.6351960342496619,56.084572630313964
2004-12-03,9046.022556390977,3.8004511278195485,39.29924812030075,1.6390977443609023,56.061654135338344
2004-12-06,9062.02456270934,3.8008931894305915,39.153703014514335,1.634164495720134,56.08783029400819
2004-12-07,9094.39655172414,3.8018727705112965,39.14387633769322,1.6344381688466114,56.061979785969086
2004-12-08,9184.488721804511,3.80187969924812,39.47443609022556,1.6466917293233083,56.11278195488721
2004-12-09,9166.035325065764,3.8004509582863584,39.70988350244269,1.6504321683577603,56.13603908305148
2004-12-10,9262.110529906755,3.800849063755591,39.714199075126984,1.65900993101357,56.34826775832006
2004-12-13,9283.501658124813,3.801477238468496,39.449804039795,1.6482514320168828,56.33629785951161
2004-12-14,9320.70286100473,3.8003304047458135,39.50289104152587,1.6442141623488773,56.289704888488394
2004-12-15,9256.728685645969,3.8007173279533735,39.32227452738549,1.6404393633714411,56.30576104012553
2004-12-16,9273.457204686218,3.801432728900828,39.07991940899933,1.6396537571822996,56.28609805238415
2004-12-17,9304.214414957782,3.8017189384800965,39.27246682750302,1.646788299155609,56.29071170084439
2004-12-20,9311.047989236058,3.800044849753326,39.089550007474955,1.644042457766482,56.175063537150535
2004-12-21,9322.308496341646,3.799761087053905,39.021950126922505,1.6412572793788265,56.13110347916978
2004-12-22,9332.44172145846,3.8010310818888224,39.065301852958754,1.6392707710699341,56.139420203227736
2004-12-23,9289.231569560048,3.8007580261593343,39.03760404280619,1.638525564803805,56.200951248513675
2004-12-24,9266.925121843155,3.7987741840200857,38.9971939152267,1.6395657953035,56.056712450155075
2004-12-27,9303.969838101575,3.800029570488652,39.030827234420045,1.640127153101205,56.10482738227249
2004-12-28,9323.76586224602,3.801584390816401,39.03542873908898,1.6336829751338664,56.303088095063444
2004-12-29,9332.458847736625,3.8018077601410933,39.09391534391534,1.640432098765432,56.30731922398589
2004-12-30,9335.68803293149,3.8002793296089385,39.007644810349895,1.638121140840929,56.229050279329606
2004-12-31,9290.000734160487,3.8030981572571765,38.94134057705014,1.6343880772336832,56.17061889729095
2005-01-03,9290.686310801806,3.800325757014881,38.94277041534019,1.6371511068334939,56.17901828681424
2005-01-04,9290.347923681256,3.800149644594089,39.11036288814066,1.6431724653946875,56.14216236438459
2005-01-05,9311.758923169995,3.800741076830006,39.14776164549304,1.6502571082879613,56.236388384754996
2005-01-06,9315.004172039748,3.800045513160889,39.29985587499051,1.6510657665174846,56.05021618751422
2005-01-07,9289.469696969696,3.8010606060606063,39.150757575757574,1.6455303030303028,56.19015151515152
2005-01-10,9290.391513393879,3.798137831031062,39.11546973975425,1.646416851102801,56.127604365412495
2005-01-11,9284.478429582286,3.801339115879175,39.0595754393974,1.6430038803926046,56.09449897283724
2005-01-12,9197.450338686354,3.8010503082426363,38.95045285029302,1.6398508257858282,55.9098865971535
2005-01-13,9141.036880290207,3.8004836759371226,38.802146311970986,1.6291565900846434,55.6816807738815
2005-01-14,9164.250248262166,3.8007027728974108,38.737300435413644,1.6380719578336262,55.850584370941874
2005-01-17,9134.551012609858,3.800458540313336,38.4447841039358,1.633931983186855,55.53152464654184
2005-01-18,9157.457886676875,3.8008422664624804,38.470137825421126,1.636064318529862,55.63782542113323
2005-01-19,9162.302224260491,3.801192387067186,38.47206298249637,1.6312772299931206,55.54230681036459
2005-01-20,9158.54205318491,3.8014842300556584,38.54514533085962,1.637755102040816,55.44681508967223
2005-01-21,9155.47327007637,3.8010491398596002,38.66080382627478,1.6398210290827742,55.54038417033094
2005-01-24,9138.254879448908,3.7993111366245693,38.46306926903942,1.6334481438959052,55.37466513585916
2005-01-25,9145.704414587333,3.8003071017274475,38.55278310940499,1.6381573896353168,55.329750479846446
2005-01-26,9146.766628219915,3.8007689350249905,38.5274894271434,1.6346789696270667,55.345636293733186
2005-01-27,9152.61016428681,3.8009365883617385,38.50913557500384,1.6354214647627823,55.13818516812528
2005-01-28,9150.663598005369,3.801380897583429,38.47334100498657,1.6352128883774453,55.094744917529724
2005-01-31,9169.666283084003,3.8013041810510164,38.56309934790947,1.636670502493287,55.10395090141925
2005-02-01,9235.004222000462,3.8000307054578957,38.64972748906118,1.640132033468949,55.0249481845398
2005-02-02,9188.867621162239,3.8016231528979403,38.46642676671005,1.6357093637546896,55.008039200673764
2005-02-03,9201.438350896085,3.7995538804707327,38.49550034612722,1.6374125067302514,54.918852395969544
2005-02-04,9193.548387096775,3.801512579101713,38.38246643000463,1.6345886710912179,54.69671245562587
2005-02-07,9210.49517284335,3.7989722827779513,38.229523512924324,1.6388196823419496,54.560884459669886
2005-02-08,9290.003133813852,3.7999843309307426,38.548260733312446,1.6488561579442182,55.07521153243498
2005-02-09,9291.81946403385,3.8007365616674504,38.66243535496004,1.6493496317191665,54.835448989186645
2005-02-10,9288.596697190264,3.800500900054786,38.65226579009157,1.6569617281051892,54.78203021053456
2005-02-11,9270.361726954492,3.8001555814858032,38.58187475690393,1.6529754959159857,54.767794632438736
2005-02-14,9246.433253643865,3.800570679416982,38.385902676023754,1.6415516310634688,54.533816611398166
2005-02-15,9271.435156730178,3.799631223110018,38.375845113706205,1.63959741856177,54.66886908420405
2005-02-16,9290.71319018405,3.8003067484662574,38.49233128834356,1.6393404907975462,55.04447852760737
2005-02-17,9295.360785215857,3.8001686987194234,38.55915957365232,1.642665439766889,54.85698949467066
2005-02-18,9257.841859038268,3.801211749367283,38.56660786870159,1.6380857427716848,54.731957972237126
2005-02-21,9270.35618536959,3.8001531980084255,38.5515128303332,1.6376101110685561,54.93757181156645
2005-02-22,9203.956643674677,3.7995906920336546,38.3703479117714,1.627681346168423,54.61911619798378
2005-02-23,9246.406119821253,3.800575626751496,38.520790729379684,1.6263727940619557,54.67393774142241
2005-02-24,9243.959276018099,3.7996229260935137,38.39441930618401,1.6279034690799394,54.718702865761685
2005-02-25,9271.76604633498,3.8007595898214968,38.42764906950247,1.6346372958602355,54.685909608811244
2005-02-28,9256.800181036433,3.7997284453496265,38.286942747227876,1.62646149204194,54.66093384626989
2005-03-01,9273.554782082323,3.800469128329298,38.28238498789346,1.6228813559322033,54.75105932203389
2005-03-02,9287.832989848102,3.801160216777345,38.36653690557973,1.6293412716586517,54.79200061064041
2005-03-03,9291.768107121121,3.8007455873402316,38.4373097991479,1.6266737674984784,54.93609251369446
2005-03-04,9356.073198627524,3.8004574914220357,38.47274113610369,1.6298131910026687,54.981319100266866
2005-03-07,9330.355383799348,3.800181859513526,38.38978555732363,1.6278699704478288,54.627566871258615
2005-03-08,9386.418541446474,3.800619054808999,38.343650913483316,1.6232825003774725,54.6534802959384
2005-03-09,9340.356661171887,3.800164843398771,38.27963434737,1.6213846845496778,54.42229881612469
2005-03-10,9364.65806547841,3.79991050786785,38.328734432097846,1.620627936460586,54.253113580431055
2005-03-11,9365.004472271916,3.800014907573047,38.28488372093023,1.6199314251639834,54.12492546213477
2005-03-14,9379.21029015854,3.8017499252168716,38.36748429554293,1.622345198923123,53.9492970385881
2005-03-15,9357.453485765524,3.8010162146006126,38.418889636105504,1.6198909063737577,54.1492938802959
2005-03-16,9338.697375308457,3.8003439766694087,38.443131683242356,1.6214013310401556,53.879458610633364
2005-03-17,9363.90342353117,3.8005680968754665,38.50575571834354,1.6233368216474808,54.08357004036477
2005-03-18,9364.974772196701,3.8010392348821442,38.53000978989382,1.6276075005648016,54.33918216733187
2005-03-21,9405.712553981362,3.800060610652322,38.587771800894004,1.6307296007273278,54.15561784983711
2005-03-22,9395.362428842505,3.800151802656547,38.64136622390892,1.6347628083491461,54.127514231499056
2005-03-23,9403.92337164751,3.799616858237548,38.66360153256706,1.6393103448275863,54.16858237547893
2005-03-24,9410.730241873363,3.8002619010938226,38.89770451394238,1.6471267909413034,54.204282853181326
2005-03-29,9515.95234411264,3.7983908401671047,39.23332817576977,1.6515550054154415,54.63174996131828
2005-03-30,9507.208529707177,3.8008962373483737,39.374179092945994,1.6513945762188056,54.777872208916015
2005-03-31,9468.443381672323,3.798981795742055,39.069731564331995,1.6489509410675718,54.9205492132058
2005-04-01,9469.99768500656,3.7999074002623656,39.158114052010184,1.6551431437610924,54.74496488926615
2005-04-04,9485.00349297524,3.7998913296592414,39.539703485213074,1.6654505938057906,54.824963129705814
2005-04-05,9495.003903200626,3.79992193598751,39.64871194379391,1.6650273224043715,54.82513661202186
2005-04-06,9480.0,3.799922239502333,39.55832037325039,1.6623639191290824,54.72472783825817
2005-04-07,9490.002321442389,3.7998916660218214,39.61618819159638,1.6546467538497254,54.47496711289948
2005-04-08,9500.0,3.7999063889538967,39.703565020672436,1.6606599578750292,54.59474217957719
2005-04-11,9490.000770950583,3.7999383239534343,39.599876647906875,1.6493716752756151,54.274920977565344
2005-04-12,9487.000385059684,3.7999229880631495,39.669618790912594,1.6471313053523295,54.17481709664998
2005-04-13,9482.502708559046,3.7999535675592018,39.50007738740133,1.643166692462467,54.0752205540938
2005-04-14,9520.0,3.7999219968798754,39.7371294851794,1.654836193447738,54.42511700468018
2005-04-15,9536.998756605533,3.7998912029841474,39.69148274790177,1.6583773702207025,54.62465029530619
2005-04-18,9580.003084753605,3.79995372869592,39.57507519086913,1.6557414976478753,54.67494408884091
2005-04-19,9575.0,3.799938442597722,39.546783625730995,1.652200677131425,54.42520775623268
2005-04-20,9585.500804659361,3.7999080389301865,39.39152425473217,1.648248907962296,54.37504789639053
2005-04-21,9675.003829070301,3.7998927860315512,39.60483994486139,1.6514014397304335,54.555062030938885
2005-04-22,9675.00191175346,3.799954117916953,39.45476791312992,1.6471667813718742,54.1752695572379
2005-04-25,9750.0,3.7999383001696745,39.40536788523832,1.6460743482955422,54.07527379299707
2005-04-26,9685.001155535012,3.7999383714659882,39.48617209768123,1.6473307141206377,54.32478237423928
2005-04-27,9560.0,3.7999226006191953,39.5843653250774,1.6478328173374612,54.37538699690403
2005-04-28,9580.0,3.799922510654785,39.566059666795816,1.64664858581945,54.39519566059667
2005-04-29,9559.998456432815,3.799953692984487,39.44585938102956,1.6354866095546807,54.12518329860306
2005-05-02,9534.99961128819,3.799891160693462,39.516442509523436,1.6377983363134572,54.07525460623494
2005-05-03,9535.00311138768,3.799937772246422,39.53562538892346,1.63954573739888,54.225264467952705
2005-05-04,9509.997683934223,3.799891916930441,39.47965722226511,1.635219640237783,54.074731722380925
2005-05-05,9509.996912150686,3.8010653080129684,39.46580206885904,1.6360969584684268,53.944727497298125
2005-05-06,9487.50289642388,3.799953657217889,39.41685332509462,1.6408434386344328,54.02487062639994
2005-05-09,9482.501559575796,3.7999064254522774,39.53836556456644,1.6441048034934498,54.0751715533375
2005-05-10,9455.002333903842,3.7999066438462736,39.49509880192936,1.644702038276023,54.17535397541621
2005-05-11,9456.00062102158,3.7999534233814627,39.35646638720695,1.6416705480515446,54.18413289861822
2005-05-12,9470.002349072116,3.7999373580768934,39.43857176415316,1.6512410931015584,54.17508417508418
2005-05-13,9474.998021369212,3.7999208547684997,39.53146022952117,1.657222002374357,54.22477245745944
2005-05-16,9475.0,3.799936588459099,39.87951807228915,1.6603519340519974,54.5149017121116
2005-05-17,9425.0,3.7999366888255772,39.863089585311805,1.6566951566951567,54.335232668566
2005-05-18,9450.003961651217,3.79993661358054,39.87481182156723,1.6526424213612232,54.574914824498855
2005-05-19,9450.0,3.7999525391551967,39.911406423034336,1.6542477456098719,54.625059326056004
2005-05-20,9450.003966050608,3.799952407392719,39.955580233203776,1.6582850797176172,54.57523598001111
2005-05-23,9470.003187759005,3.7998884284348105,40.088460312400386,1.6607427478482626,54.709913930506865
2005-05-24,9470.000792581437,3.799952445113736,40.01505904731711,1.6546722675754932,54.52484742807323
2005-05-25,9476.496338745623,3.7999044890162375,40.183062718879334,1.6577523081821077,54.43489334606813
2005-05-26,9490.002395592111,3.7998882057015098,40.404855066677314,1.661023716361894,54.52527349676595
2005-05-27,9487.49900406342,3.7999362600589595,40.45813082622899,1.6585132658752288,54.37495020317105
2005-05-30,9486.000641436818,3.799951892238614,40.386465683130204,1.661321359846055,54.41468890314304
2005-05-31,9507.501419187414,3.8000162192847298,40.59524774957424,1.6666936988078827,54.52031465412375
2005-06-01,9574.999999999998,3.799967288191037,40.77854105332024,1.675744193653909,54.555119398102704
2005-06-02,9574.997961347142,3.7999673815542696,40.68661828263883,1.6729185354317866,54.555165946342655
2005-06-03,9579.998372528276,3.799983725282773,40.71527382211733,1.6675889006428513,54.525185124908454
2005-06-06,9593.00032594524,3.80003259452412,40.57203389830508,1.6627281616688396,54.522490221642755
2005-06-07,9555.002035002035,3.8000000000000007,40.50875050875051,1.65974765974766,54.4997964997965
2005-06-08,9584.996754300551,3.7999837715027587,40.56718597857839,1.6603375527426159,54.70464135021098
2005-06-09,9625.002042650543,3.800800719012991,40.70675708799738,1.6629626603480676,55.000408530108665
2005-06-10,9600.0,3.8008013737836284,40.6419167552539,1.6658761959277126,55.12470357347289
2005-06-13,9630.003316199634,3.800862211905157,40.90946774995855,1.6785773503564916,55.17492953075776
2005-06-14,9605.004128819157,3.800825763831544,40.92650701899257,1.6744013212221303,55.27497935590421
2005-06-15,9607.498550004142,3.8008119976800065,40.950368713232244,1.6760294970585798,55.26472781506338
2005-06-16,9627.503095336358,3.800825423029303,40.940156830375564,1.6723895996698308,55.324803962030536
2005-06-17,9619.996715118667,3.8008540691467525,41.108647450110865,1.671265500533793,55.475075962880844
2005-06-20,9642.497952497952,3.800819000819,41.109746109746105,1.6716625716625717,55.72481572481573
2005-06-21,9664.497188223619,3.8008600727753885,41.214852795236524,1.6752398279854448,55.65497849818061
2005-06-22,9664.503344067376,3.8008422095615555,41.18817603831228,1.6721988275121789,55.61473041037074
2005-06-23,9650.000000000002,3.8008453505718554,41.011934361014426,1.669650256920272,55.75998673959888
2005-06-24,9650.0,3.800860784638305,41.048667439165705,1.6731501407051814,55.65469293163384
2005-06-27,9662.997369286419,3.8008056560342,41.08516935218678,1.675600131535679,55.574646497862545
2005-06-28,9700.0,3.800826787928896,41.250103348491116,1.680859859446052,55.675072343943775
2005-06-29,9717.496266799402,3.8008130081300813,41.316575410652064,1.6852497096399537,55.97478015596482
2005-06-30,9762.504134965266,3.8008600727753885,41.298379093615615,1.685163744624545,55.9750248097916
2005-07-01,9774.997931662116,3.8008604285596093,41.30305286671631,1.6890047158103747,55.830230826507815
2005-07-04,9864.999159239953,3.8008239448461407,41.446107280982005,1.6940474188666554,56.17538254582142
2005-07-05,9874.99789615417,3.800807876798788,41.560212067659684,1.699570815450644,56.27535134225364
2005-07-06,9779.996642323511,3.8008058423570885,41.61168471417779,1.6959623940233357,56.16973054646185
2005-07-07,9800.0,3.8000334532073263,41.68520531905997,1.695408547294472,56.14033620473363
2005-07-08,9802.998991935485,3.799983198924732,42.13793682795699,1.7043850806451615,56.075268817204304
2005-07-11,9762.502082292189,3.800016658337498,42.04814259536899,1.6975678827253042,56.23021822422123
2005-07-12,9781.999013644585,3.8000164392569458,41.76804208449778,1.6880650994575048,56.04964655597567
2005-07-13,9784.99671700591,3.799983585029547,41.796618516086674,1.6875410374261326,56.149868680236374
2005-07-14,9807.4997928234,3.801276207839562,41.848015248197555,1.6901466810309105,55.91033396867489
2005-07-15,9769.999171705458,3.798144620226952,41.76923714072724,1.6855793920318065,55.85024434688975
2005-07-18,9805.002488800399,3.799983407997345,41.81018748963,1.6885681101708976,55.57491289198606
2005-07-19,9818.997074801506,3.8000000000000007,41.97659841203511,1.6915169243627246,55.81027998328459
2005-07-20,9844.997098565864,3.799966840752715,42.060018237586014,1.6869767056287825,55.80038133134378
2005-07-21,9765.003692459179,3.8000328218593586,41.41626323131205,1.65807828013457,55.76023631738738
2005-07-22,9785.497817672735,3.7800378819072717,41.371983859013426,1.6612039858354608,55.82475500288232
2005-07-25,9815.002072109408,3.751015333609615,41.421467053460425,1.6635723166183174,55.7496891835889
2005-07-26,9827.996996746475,3.7503128389088176,41.56002335863852,1.6689747226161673,56.03987653291065
2005-07-27,9831.000834028357,3.751209341117598,41.6930775646372,1.6684737281067556,56.12510425354461
2005-07-28,9829.0,3.7511570247933883,41.81818181818182,1.6653719008264463,56.114876033057854
2005-07-29,9805.002894236335,3.7502687505168275,41.66459935499876,1.662118580997271,56.10518481766311
2005-08-01,9782.003437269825,3.7507979376381044,41.558228987642195,1.6586463704067436,56.124887470333086
2005-08-02,9750.004092657771,3.7462552181386597,41.36531063272489,1.6529426209380371,55.99492510436278
2005-08-03,9760.001624959377,3.746181345466364,41.27640558986025,1.6504712382190447,56.074910627234324
2005-08-04,9740.003247016803,3.7542008279892847,41.22656059745109,1.6529750791460347,55.929864437048465
2005-08-05,9745.002422089456,3.750686258679154,41.198126917487485,1.6524301630873568,55.87518165670919
2005-08-08,9769.999999999998,3.747696038803557,41.13985448666127,1.6504446240905415,55.92481810832659
2005-08-09,9795.002830112397,3.7484434381822593,41.21371391606696,1.6562626344303388,55.875313333872406
2005-08-10,9764.999596024883,3.7460612426274538,40.94853357033207,1.6491072149955563,55.82532116021653
2005-08-11,9812.503022974608,3.7516324062877877,40.908504635227736,1.6495767835550181,55.70012091898429
2005-08-12,9800.0,3.7509031066870033,40.8196194910492,1.6503170907923257,55.624949827406276
2005-08-15,9878.002262809116,3.7561015031517697,40.99967674155487,1.6576693066106352,55.7750121221917
2005-08-16,9909.997563550718,3.766019654024202,41.19304799805084,1.6594656054576462,55.80524648745228
2005-08-17,9900.0,3.7676480156148338,41.254879635653865,1.658750813272609,55.875081327260894
2005-08-18,9964.99631540162,3.7686891017767947,41.276508638336196,1.664374027675428,55.924834193072954
2005-08-19,9985.00369367151,3.7659853894771405,41.258310760896336,1.6682262168595585,56.02478863990807
2005-08-22,10003.998037772872,3.7691930340936963,41.02199329572398,1.6662578693483767,55.87523505845801
2005-08-23,10072.500613095724,3.769476007520641,40.99975476171013,1.6692552930597562,55.92495708329927
2005-08-24,10270.002456801245,3.7701252968634833,41.16370485627713,1.6757022356891325,56.0248955859471
2005-08-25,10325.0,3.7688233376792697,41.07643415906127,1.6721805736636242,56.05035853976531
2005-08-26,10385.000406272853,3.765418054765581,41.018119769237025,1.6718940440399772,55.92995856016901
2005-08-29,10684.001952966066,3.769468630482545,41.21979005614777,1.6812596631133534,56.12498982830172
2005-08-30,10450.004104753305,3.772022001477711,41.35867334373204,1.686807322879895,56.17519087102866
2005-08-31,10294.999180193474,3.7719298245614037,41.35186096081325,1.6881455976389572,56.24528611247746
2005-09-01,10350.0,3.771068776235066,41.1099451081692,1.6823538908621247,56.10510171133355
2005-09-02,10350.003986922893,3.7642931185710866,41.058129335778645,1.6765808149270391,56.104776333625715
2005-09-05,10300.0,3.758892965385229,40.94353166374222,1.6733131280906044,56.205136385388414
2005-09-06,10344.997196186814,3.7663221981895383,41.09829367940399,1.6749178883281264,56.27493391011777
2005-09-07,10360.003212593365,3.7690948518191307,40.984659866677376,1.6768934222150829,56.12480925226889
2005-09-08,10350.0,3.7692865195683685,41.016266709615074,1.6775648252536641,56.075052343372526
2005-09-09,10210.004027386225,3.769391864679823,41.00523560209424,1.6764397905759163,56.07490938380991
2005-09-12,10099.999999999998,3.768943393161699,40.84301145131162,1.674490376025339,56.000162429952084
2005-09-13,10075.0,3.769387422613229,40.96855653307266,1.681166503747149,55.925382860866726
2005-09-14,10000.0,3.7689621568945912,40.9087217800877,1.6775215202208869,55.87461426019165
2005-09-15,10065.000409064878,3.768960157080913,40.95475742452753,1.6781477542338217,55.92489568845619
2005-09-16,10150.004083966349,3.7693375806583354,40.98505268316589,1.678755207057094,56.174957118353355
2005-09-19,10150.004118955434,3.769503253974792,41.10305626493122,1.682181398797265,56.29541148364775
2005-09-20,10185.000822774395,3.7696231693269704,41.05644232351489,1.68059897975975,56.225111074543356
2005-09-21,10215.002044989777,3.7694887525562377,41.039672801635994,1.6790184049079755,56.27484662576688
2005-09-22,10225.000000000002,3.769633507853403,41.03648560209424,1.6797284031413615,56.174738219895296
2005-09-23,10225.004126093414,3.7695989437200854,41.05462947681136,1.682373328932167,56.20481927710843
2005-09-26,10229.99750644169,3.7700108054193335,41.26506524810905,1.688803923198404,56.26464965505776
2005-09-27,10275.00208246564,3.7699291961682637,41.256976259891715,1.6927113702623906,56.28987921699292
2005-09-28,10370.000830771787,3.7697931378250393,41.168065132508104,1.692365207277561,56.074603306471715
2005-09-29,10304.998756528228,3.7701235181961374,41.0586089695764,1.687971483047335,55.92472850866286
2005-09-30,10290.001660853679,3.769224381332005,41.05630293971101,1.6901677462215579,56.02474671981399
2005-10-03,10300.0,3.7697142378278725,41.16316098215034,1.6963881672672423,55.96245705187296
2005-10-04,10194.99916233875,3.7699782208075057,41.11325180097169,1.6937510470765622,56.0051934997487
2005-10-05,10029.999162969783,3.771992968946179,41.04126558968778,1.6926425043944087,55.72528668284925
2005-10-06,10075.002072796617,3.771992372108449,40.98167647790399,1.6846032667274689,55.82538761296742
2005-10-07,10027.503293807642,3.7692687747035576,40.831686429512516,1.6840415019762849,55.72463768115942
2005-10-10,10099.999999999998,3.7714262078093976,40.82809397749834,1.6854731965585703,55.625413633355386
2005-10-11,10069.996672766594,3.7715854267176847,40.89336216935618,1.6884045915820993,55.80019963400433
2005-10-12,10110.001665556296,3.7720686209193866,40.951865423051295,1.691788807461692,55.82528314457028
2005-10-13,10145.0,3.7720367278798,40.94824707846411,1.6929883138564275,55.86978297161937
2005-10-14,10110.000833402784,3.771814317859822,40.90174181181766,1.69164097008084,55.7996499708309
2005-10-17,10109.998336383298,3.773997670936616,40.86175345200466,1.6923972716686078,55.82016303443687
2005-10-18,10105.001256597136,3.7735611962804727,40.88129345731758,1.696154812767027,55.76526765518974
2005-10-19,10105.004184100417,3.7739748953974894,40.97154811715481,1.6946443514644352,55.7347280334728
2005-10-20,10084.999581694972,3.7746172508993556,40.888479879528155,1.6950556345687275,55.70986363256087
2005-10-21,10059.998334998334,3.774059274059274,40.88827838827839,1.694055944055944,55.43040293040293
2005-10-24,10059.996651038178,3.774866041527127,40.95194239785666,1.6949933020763566,55.449598124581385
2005-10-25,9975.002080386119,3.774985437297163,40.86127985354082,1.6929350087376218,55.26004826495798
2005-10-26,9991.99767808276,3.774691102081433,40.846670536528734,1.6927605937474086,54.97968322414794
2005-10-27,10020.0,3.7750206100577084,40.76834295136026,1.687881286067601,55.07996702390766
2005-10-28,10025.004119294777,3.7750041192947763,40.786785302356236,1.6915472071181412,54.92502883506344
2005-10-31,10114.99625717375,3.7749313815187557,40.7868252516011,1.693836812775514,54.89478499542544
2005-11-01,10109.093937375083,3.7767321785476344,40.785309793471015,1.6948700866089275,54.95003331112591
2005-11-02,10059.998332221481,3.7759339559706473,40.834723148765846,1.6967978652434956,54.719813208805874
2005-11-03,10051.000747446225,3.776513578606428,40.82966531019018,1.6962876837471972,54.600116269412844
2005-11-04,10054.998742981647,3.7764183357077012,40.984664376099886,1.6983155954076932,55.13031090253918
2005-11-07,10070.001691474967,3.7775710419485793,41.03856562922869,1.7002706359945876,54.68031123139378
2005-11-08,10104.999574141897,3.777787241291202,41.1949578400477,1.7021548420066435,54.659739374840306
2005-11-09,9939.99829613222,3.7774748679502475,41.204634520361225,1.7011415914125063,54.72993695689215
2005-11-10,9977.503825879954,3.7779289236524405,41.14861418126169,1.7016663832681518,54.680326475089274
2005-11-11,9986.996665811748,3.7792596392237328,41.13362400615542,1.702658801402069,54.40540309481064
2005-11-14,10002.501494066422,3.7789635447793053,41.1747630837531,1.7048578502518568,54.61026210193802
2005-11-15,10010.002571355104,3.7799777149224303,41.20167995200137,1.7047227222079366,54.674723579326304
2005-11-16,10010.002569153037,3.7799948616939285,41.186948702577716,1.7037766549627473,54.569666866489676
2005-11-17,10050.0,3.779934998289429,41.17858364693808,1.7004789599726309,54.379917892576124
2005-11-18,10094.999571881155,3.779861289493964,41.20986385820704,1.7015155407141025,54.56032194537204
2005-11-21,10035.00127000254,3.779781559563119,41.181949030564724,1.6976547286427905,54.730336127338916
2005-11-22,10060.003418511238,3.7799333390308525,41.228100162379285,1.701307580548671,54.37996752414324
2005-11-23,10055.001698369566,3.779976222826087,41.17527173913044,1.6944633152173914,54.31980298913044
2005-11-24,10055.002970381058,3.7800220656878554,41.19833658660782,1.6909106339641857,54.29262496817449
2005-11-25,10051.500467567797,3.779478024313526,41.19867380770212,1.6925104140100315,54.039785768936504
2005-11-28,10054.997441582807,3.779976121439536,41.26471089885724,1.6962305986696231,54.28961282619819
2005-11-29,10039.99830407869,3.779869414059188,41.20156024760451,1.6904943610616467,53.94216908335453
2005-11-30,10034.998725465206,3.777466224827938,41.2286515421871,1.6930070524258645,54.109949868298074
2005-12-01,10032.498935717325,3.7794806300553425,41.24478501489995,1.689740315027671,54.25968497232865
2005-12-02,9994.998717619903,3.7796870992562197,41.42173206805164,1.6916303325639053,54.089937590835255
2005-12-05,9959.998300331436,3.780997705447437,41.371632531656324,1.6865811166822469,53.96022775558765
2005-12-06,9925.002121700756,3.7806161418993467,41.36807264703386,1.686836968513961,53.92005431553934
2005-12-07,9835.004269854826,3.7800170794192995,41.31853116994022,1.687190435525192,53.989752348420154
2005-12-08,9775.0,3.7748214892893572,41.2682760965658,1.6859061543692624,53.64501870112207
2005-12-09,9679.999999999998,3.7668222316504023,41.3016546457361,1.6831565549427236,53.445057276198554
2005-12-12,9754.004192872118,3.7760167714884703,41.23857442348009,1.6815932914046123,53.615094339622644
2005-12-13,9782.49895178197,3.7750104821802934,41.1496855345912,1.6743815513626836,53.655345911949695
2005-12-14,9800.0,3.7790349417637272,41.04159733777038,1.6717970049916806,53.39517470881864
2005-12-15,9835.002916909743,3.776981415117927,40.896741395116265,1.667055587965664,53.21526793899492
2005-12-16,9879.996661937746,3.7786030209463406,40.96303096052741,1.6691145789868984,53.42485187348745
2005-12-19,9854.99707773232,3.7795775235868745,40.9251064540369,1.6643566836436503,53.41487851715789
2005-12-20,9854.997908824758,3.7795064826432454,40.90004182350481,1.6633207862818904,53.53492262651611
2005-12-21,9825.0,3.7795653638814013,40.963611859838274,1.6667789757412397,53.35495283018868
2005-12-22,9835.002537641687,3.7787176450685167,40.95161563187278,1.6718829301302656,53.364912874302156
2005-12-23,9859.99662703432,3.779492368665149,40.91997638924024,1.6660763976726538,53.234674087191166
2005-12-27,9825.0,3.7796152548093143,40.93992575092811,1.666554168072899,53.185116436044545
2005-12-28,9830.001678415576,3.7799597180261832,40.968445787176904,1.666582745887882,53.06478684122189
2005-12-29,9835.002114164903,3.780042283298097,40.95644820295983,1.6646934460887948,53.01479915433403
2005-12-30,9829.999152326864,3.779265915063152,41.05874374841061,1.6638128337712978,53.165211494447746
2006-01-02,9830.001691188905,3.7799763233553185,41.024860476915265,1.6618467782851343,53.07458143074581
2006-01-03,9725.002105263158,3.7780210526315785,40.832,1.654063157894737,52.58526315789474
2006-01-04,9655.002896631631,3.774559298187537,40.48497889596955,1.6442936356865017,52.39510055449806
2006-01-05,9592.496690933156,3.759017207147584,40.387160820648575,1.6468398411647913,52.470218398411646
2006-01-06,9569.999173075332,3.7535764491854793,40.06532704870586,1.6457454725874472,52.524601008848094
2006-01-09,9460.001655903296,3.7487166749461833,39.79135618479881,1.6335486007617157,52.48468289451896
2006-01-10,9454.998342175068,3.748673740053051,39.80852122015915,1.634200928381963,52.65500663129974
2006-01-11,9464.998345466578,3.7470218398411643,39.791528788881536,1.6298808735936465,52.60009927200529
2006-01-12,9369.999174440683,3.741022042433749,39.35523817386279,1.6220589449351936,52.30000825559316
2006-01-13,9371.999335492981,3.7396793753634023,39.573884874158985,1.6320292383088297,52.38973336655869
2006-01-16,9475.0,3.744963672391017,39.67470277410832,1.6340819022457067,52.570178335535005
2006-01-17,9470.00414078675,3.7494824016563144,39.738302277432716,1.6333747412008282,52.569772256728776
2006-01-18,9503.496907216495,3.7562886597938148,39.479587628865985,1.6287835051546393,52.6498969072165
2006-01-19,9397.001573759628,3.7480328004638452,39.379607388387306,1.6305806344736187,52.74993787790938
2006-01-20,9435.001657275438,3.7450281736824658,39.151474975140864,1.6279416639045408,52.94995028173682
2006-01-23,9450.004072656187,3.7484727539301135,39.10645923271158,1.6204284434308056,52.880182454997154
2006-01-24,9491.998044328553,3.7474739243807043,39.26010430247718,1.6213331160365059,52.574967405475874
2006-01-25,9346.998535871156,3.744997559785261,38.95477468683911,1.6181877338539126,52.34992679355783
2006-01-26,9359.99673575975,3.7454708666557854,38.896686796148195,1.6219193732658723,52.40982536314672
2006-01-27,9375.0,3.7504929346040092,39.049457771935586,1.625862635557016,52.389911271771275
2006-01-30,9387.502069193843,3.7700711802681677,39.14169839430558,1.6310213540804503,52.18010263201457
2006-01-31,9373.997359300214,3.750536392143918,39.00891236177587,1.623370193101172,52.14969466908731
2006-02-01,9330.003307972212,3.7504961958319547,39.19037380086007,1.625537545484618,52.07988752894475
2006-02-02,9350.0,3.7484667661196753,39.35024034477043,1.6333499088347425,52.090170727664514
2006-02-03,9309.999170881354,3.7444656330320876,39.38811043860377,1.6330320868916344,51.699693226100656
2006-02-06,9219.99833069026,3.739003422084968,39.43493865286704,1.6265754110675237,51.87964276771555
2006-02-07,9190.002505637685,3.733483671594421,39.554831704668835,1.627411676271611,51.645368746345945
2006-02-08,9264.998326079678,3.7340140609306998,39.748074991630396,1.6335788416471375,51.76012721794442
2006-02-09,9234.998329435348,3.729535583027063,39.574841296358166,1.6291346475108586,51.64968259271634
2006-02-10,9229.999999999998,3.7239766081871344,39.184628237259815,1.6254803675856306,51.45029239766082
2006-02-13,9235.001682368775,3.7235026917900402,39.32873485868102,1.6307200538358009,51.56039703903095
2006-02-14,9227.500420238695,3.7214657925701804,39.32845856446462,1.6280887544125064,51.44982349974786
2006-02-15,9217.002688172044,3.7215221774193554,39.36911962365592,1.627688172043011,51.54989919354839
2006-02-16,9222.499578343735,3.720526227019734,39.41474110305279,1.63788159892056,51.599763872491145
2006-02-17,9242.50189665346,3.7203068363820284,39.33490685324117,1.6358425356149373,51.70024445755711
2006-02-20,9231.000670465974,3.718990948709353,39.35467650016761,1.6281428092524304,51.89993295340261
2006-02-21,9262.497900218377,3.718965227616328,39.405341844448174,1.631194355786998,51.8200907105661
2006-02-22,9354.997894736842,3.7210105263157898,39.51663157894737,1.6327578947368422,51.80042105263158
2006-02-23,9264.999581834909,3.7149786735803296,39.321736221460235,1.6238186836162918,51.63000752697165
2006-02-24,9292.50168123739,3.714525891055817,39.38466711499664,1.624327505043712,52.15030262273033
2006-02-27,9234.998312521093,3.713212959838002,39.24822814714816,1.622848464394195,51.96000674991562
2006-02-28,9182.501052631578,3.7150315789473685,39.17978947368422,1.6236631578947367,51.53010526315789
2006-03-01,9182.499581729964,3.7094696335954493,38.97189225363895,1.6179521499079805,51.36021415425799
2006-03-02,9190.000838855802,3.70698766881973,38.59659424544921,1.6177334116265416,51.249895143024915
2006-03-03,9185.000000000002,3.7054908485856903,38.81697171381032,1.6189683860232946,51.16971713810317
2006-03-06,9184.996255304985,3.706998418906549,38.783390197220605,1.6256969293500874,51.03020720645752
2006-03-07,9252.002014605892,3.7135062536724583,39.10014270125073,1.6326701922269788,51.05011332158146
2006-03-08,9314.999160651334,3.7189860668121533,39.20177941917072,1.6321974148061105,51.200268591572936
2006-03-09,9303.498322147652,3.71996644295302,39.06711409395973,1.6271812080536914,51.36996644295302
2006-03-10,9240.00335598624,3.717006460273513,39.06535783203289,1.6264787314372013,51.25010487457001
2006-03-13,9245.00083878544,3.7190068780405974,39.17715148465023,1.6274115081362188,51.239724878376116
2006-03-14,9168.003013056577,3.7145128891864747,39.199866086374286,1.6248744559758954,51.14998326079678
2006-03-15,9145.002494595046,3.7049725594545153,39.166805255280224,1.6199068684516882,51.040246133377686
2006-03-16,9169.997514292816,3.7045322727649346,39.08857403264562,1.620018228519347,51.12022537078465
2006-03-17,9149.503487894954,3.7044727123512513,38.9749692244563,1.6164136233073452,51.0201066885515
2006-03-20,9148.00394282898,3.6979628716937736,38.67668802365697,1.6137670445211105,50.999671430918355
2006-03-21,9115.003293807642,3.6959815546772075,38.81011198945982,1.6168478260869565,51.11989459815547
2006-03-22,9088.996602866848,3.691026597066865,38.976717209379395,1.6169525229927912,51.12022537078465
2006-03-23,9014.997926171713,3.6905018664454583,39.05018664454583,1.6167565325591042,51.139776026545
2006-03-24,9120.001670983373,3.6964658701645914,39.071768735901074,1.6208538725039685,51.199766062327676
2006-03-27,9044.997920997923,3.6949688149688154,38.92474012474013,1.6182952182952184,51.14012474012475
2006-03-28,9053.003972194638,3.6949685534591197,38.8546838795101,1.6171797418073486,51.15028136378683
2006-03-29,9150.0,3.695970695970696,38.951881451881455,1.6213786213786212,51.280386280386274
2006-03-30,9135.003306878307,3.690724206349206,38.848379629629626,1.6194609788359788,51.25
2006-03-31,9065.003304692666,3.683079973562459,38.836748182419036,1.6178122934567085,51.130204890945144
2006-04-03,9027.49730581116,3.681505429826743,38.851861062753876,1.6164304070297606,51.0801624803117
2006-04-04,8989.997544405336,3.6789719243676844,38.661700908570026,1.6117704837521487,51.019890316771715
2006-04-05,9014.99755341706,3.6719947806230633,38.311857771978474,1.6083836242048606,51.08465176969499
2006-04-06,9005.003248862897,3.666991552956465,38.15464587394412,1.6038011695906431,51.089993502274204
2006-04-07,8989.999178914526,3.6680351424583297,38.12792511700468,1.605222103620987,51.11503407504721
2006-04-10,8982.50268617241,3.6684849987602286,38.13868914786346,1.606413753202744,51.20009918175056
2006-04-11,8995.00206526229,3.66848409748038,38.06856670797192,1.6153655514250311,51.21024370095002
2006-04-12,9007.496907216495,3.67298969072165,38.1319587628866,1.6122886597938146,51.28
2006-04-13,8987.497932859269,3.6709938812634366,38.14040019844551,1.6077393748966429,51.250206714073094
2006-04-18,8982.500816193275,3.6735226901730327,37.9382957884427,1.6018609206660135,51.4503754489063
2006-04-19,8904.997570063179,3.6635347480965494,37.71828932447757,1.5974404665478699,51.30973594686539
2006-04-20,8884.99919002106,3.6612668070630168,37.751498461040015,1.5974404665478699,51.495221124250776
2006-04-21,8885.00203004466,3.6587900933820543,37.84003248071458,1.598132358911896,51.68980917580186
2006-04-24,8836.999595632835,3.648524059846341,37.555196118075216,1.586089769510716,51.59967650626769
2006-04-25,8812.997987927565,3.642012072434608,37.62173038229376,1.5872837022132797,51.89537223340041
2006-04-26,8812.498993963784,3.640482897384306,37.716700201207246,1.5887323943661973,51.90020120724347
2006-04-27,8802.996616723054,3.6300144997583375,37.63251168036088,1.5870791042371515,51.730304494925086
2006-04-28,8807.003270319854,3.6244715641700562,37.52492621839355,1.5835526840551966,51.797878280290334
2006-05-02,8782.496242980305,3.614490231748794,37.62477260143953,1.5782646523768094,51.60009491418176
2006-05-03,8775.003961337346,3.6084614165742352,37.65330375534781,1.574869275867533,51.31991760418317
2006-05-04,8795.997458703938,3.6114993646759848,37.80019059720457,1.5798125794155018,51.509688691232526
2006-05-05,8789.99842370744,3.606005674653216,37.86018284993695,1.5763713745271124,51.629886506935684
2006-05-08,8735.003135779241,3.592975854499843,37.48980871746629,1.5680464095327689,51.309971777986824
2006-05-09,8740.001575175238,3.58998188548476,37.636449555012994,1.569268331101835,51.40033078680003
2006-05-10,8721.997026371391,3.5802488457625787,37.6148368416934,1.565145942562016,51.47038109398231
2006-05-11,8730.001572821642,3.5805284680717206,37.818496382510226,1.5680245360176155,51.63966656181189
2006-05-12,8735.000774353413,3.58053275514945,37.83568220535852,1.562877497289763,51.68034691032987
2006-05-15,9130.001559332606,3.610478715109933,38.231716825198816,1.5815530952752224,52.239981288008735
2006-05-16,9215.003510962004,3.6024810798158695,38.14699227588359,1.5774362175236012,52.36014668019037
2006-05-17,8930.003105107902,3.5764632820990525,37.909486104642134,1.5691662785281788,52.06489675516224
2006-05-18,9185.003915426782,3.6044635865309322,38.19107282693814,1.580814408770556,52.58966327329679
2006-05-19,9210.0023498081,3.6179995300383805,38.186731416934286,1.5872170439414117,52.63961776454923
2006-05-22,9324.998039676939,3.6294989414255467,38.39567160668078,1.5905277189680858,52.625264643613264
2006-05-23,9260.50151857332,3.615528385639747,38.235339926796975,1.5778366170858966,52.75990966435636
2006-05-24,9380.001556299121,3.642518091977278,38.46004202007626,1.5868025834565405,52.879931522838696
2006-05-25,9374.998039984319,3.64735397883183,38.34339474715797,1.5818894551156408,52.97530380243041
2006-05-26,9259.998437133703,3.642494334609674,38.23864968351957,1.579901539423302,52.78502774087677
2006-05-29,9217.502743376705,3.630976642106913,38.20661545696817,1.5789308669070388,52.780216334848724
2006-05-30,9189.99922112314,3.6189734402990883,38.150167458524805,1.5754342238492094,52.58509229690785
2006-05-31,9254.996891513832,3.631022691949021,38.11858874728008,1.5763133354056575,52.90021759403171
2006-06-01,9339.996859296481,3.6399968592964824,38.24670226130653,1.5860552763819096,52.88002512562814
2006-06-02,9265.00195083886,3.6404994147483416,38.20678891923527,1.5790870074131875,52.83964104564963
2006-06-05,9279.996913103874,3.634511498688069,38.13860163605494,1.5745485414415803,52.73035962339867
2006-06-06,9344.998832412237,3.6439635712617733,38.19646610103526,1.5780337822059625,52.83490309021561
2006-06-07,9372.49980451951,3.656970834310736,38.28680897646415,1.5848776292126046,52.9196966142779
2006-06-08,9425.001963093835,3.667530427954456,38.50019630938359,1.5959167648213584,53.224970553592456
2006-06-09,9400.0,3.6670353108460385,38.337941385575476,1.5943597440556125,53.12978908286595
2006-06-12,9419.99681832644,3.6757874642061723,38.4370028635062,1.5944161629016862,53.070314985682465
2006-06-13,9494.99642033251,3.6848301646647044,38.53154084798345,1.5962135072786572,53.320340466152246
2006-06-14,9479.001830772904,3.6725304465493913,38.38016397357319,1.5947623975165166,53.23012019422113
2006-06-15,9382.498017446473,3.6520222045995245,38.406819984139574,1.5902458366375893,53.134813639968286
2006-06-16,9300.000000000002,3.642004584617817,38.344794877875266,1.5888862540510633,53.124654177535376
2006-06-19,9380.001588436184,3.668493368278929,38.46795329997617,1.5974902708283694,53.28012072115002
2006-06-20,9380.001594133588,3.6649928263988523,38.381954407779375,1.5936553483181892,53.24964131994262
2006-06-21,9362.499999999998,3.6670360987967068,38.38505383153895,1.5921469284357188,53.19981000633312
2006-06-22,9357.50278175171,3.6564934032745193,38.43188682244476,1.5927515498330949,53.21014147194405
2006-06-23,9402.503599424092,3.682530795072789,38.488241881299,1.599344104943209,53.26027835546313
2006-06-26,9400.0,3.687524878592469,38.46827481888385,1.59780272271316,53.400206989889334
2006-06-27,9355.001193602293,3.6849685684729847,38.46502745285271,1.5971990132887723,53.474974138617014
2006-06-28,9340.501193317423,3.684486873508354,38.43993635640414,1.5973747016706443,53.5799522673031
2006-06-29,9365.998882592387,3.686966238327081,38.469949716657354,1.5987708516242318,53.550163620400674
2006-06-30,9262.998505466843,3.6745064107606384,38.20892000314638,1.5839691654212222,53.11020215527413
2006-07-03,9150.0,3.662001563721658,38.06489444878812,1.5844409695074277,52.98983580922596
2006-07-04,9063.998123680714,3.6414666562426707,37.88132280509734,1.5790008599796732,52.65968258932062
2006-07-05,9120.001563232765,3.6510082851336563,38.14131624198843,1.5810536188838518,52.83023292168203
2006-07-06,9120.0,3.6665096191597955,38.23871221044366,1.5828818217510796,52.69022379269729
2006-07-07,9070.00313038034,3.648536547190483,38.02316481452496,1.5782595085302864,52.329785568946626
2006-07-10,9050.0,3.6424874529485574,37.85523839397742,1.5738707653701383,52.13535131744041
2006-07-11,9044.99842964824,3.6520100502512562,37.831344221105525,1.5790672110552761,52.255025125628144
2006-07-12,9109.998427920138,3.655007074359377,37.893412985379655,1.5839490646124823,52.17025624901745
2006-07-13,9105.003151591553,3.6600220611408756,37.93807122596911,1.5829656476520642,52.31484399621808
2006-07-14,9175.003947576188,3.6710090004737093,37.974893415442914,1.5847939365229748,52.35038686246645
2006-07-17,9294.003667969062,3.6894984451000714,38.23857746591181,1.596044972490232,52.750179411530176
2006-07-18,9239.996807916366,3.683026095283696,38.12704492857713,1.5918123054824034,52.66538983321363
2006-07-19,9254.999198846339,3.695000801153661,38.22143887197564,1.5951770549591413,52.7351385995834
2006-07-20,9165.000395475758,3.680534683223918,38.03685834058373,1.5852250257059242,52.30483271375465
2006-07-21,9146.001577287065,3.6790220820189274,37.94637223974763,1.5810725552050473,52.10015772870663
2006-07-24,9184.999604211192,3.694530198685981,38.01947280930895,1.5851341724056043,52.14517533444154
2006-07-25,9119.998417220639,3.687480215257993,37.978790756568536,1.5837290281734724,51.87480215257993
2006-07-26,9100.0,3.6799872884722333,37.97012790974816,1.582823548105188,51.7502184793835
2006-07-27,9070.000785114233,3.6729999214885765,37.80796105833399,1.5785506791238126,51.500353301405355
2006-07-28,9095.001579279848,3.6665350600126345,37.95325331648768,1.5850442198357548,51.539797852179404
2006-07-31,9095.002741442782,3.6570063444818675,37.84365943447952,1.5773478499255893,51.480379102373305
2006-08-01,9100.0,3.6715259816600043,37.876792852104394,1.5804530135590564,51.470334665726156
2006-08-02,9110.001562744179,3.675496171276762,37.93952180028129,1.582278481012658,51.61978434130333
2006-08-03,9107.503325248415,3.6820280103278304,37.86949377982943,1.578671465456537,51.654800093889364
2006-08-04,9084.498123827392,3.675500312695435,37.85021888680426,1.5761413383364604,51.51969981238274
2006-08-07,9070.000000000002,3.6620233463035023,37.740077821011674,1.574396887159533,51.4147859922179
2006-08-08,9089.99922112314,3.6674974686502066,37.68673572708155,1.5726302671547627,51.349793597632214
2006-08-09,9089.9992235422,3.6634831896886406,37.57512229210342,1.5724823355850608,51.350260113362836
2006-08-10,9047.997199968888,3.662285136501516,37.44808275647507,1.569339659329548,51.24990277669751
2006-08-11,9074.003913894325,3.6755381604696673,37.41135029354207,1.5765166340508803,51.199999999999996
2006-08-14,9089.998427425695,3.678723069665042,37.401320962415475,1.5813020915238243,51.29973266236829
2006-08-15,9095.497053045186,3.68188605108055,37.47347740667977,1.5810609037328094,51.464833005893915
2006-08-16,9092.50371296803,3.6820136011881495,37.42515438130227,1.5791448448370202,51.19987493160322
2006-08-17,9092.499417656649,3.671480705023682,37.61472163987887,1.5717058777855424,51.09014675052411
2006-08-18,9065.497578503358,3.6705202312138727,37.55975628807999,1.5735822527730041,51.120137478518984
2006-08-21,9065.500425729544,3.669479061846892,37.455685424568465,1.5702453750290268,51.13011843021906
2006-08-22,9070.496409615986,3.6760068685607243,37.614736184826725,1.574851701529816,51.30970964720575
2006-08-23,9099.50046831096,3.6745238838588823,37.608492038713706,1.5738370277864504,51.31985638463941
2006-08-24,9139.996882550075,3.6789805938742113,37.672044267788955,1.5761826825656615,51.57976774998052
2006-08-25,9132.502742516846,3.679987462780128,37.66807710390221,1.5788277699420152,51.387713524525935
2006-08-28,9123.5,3.68046875,37.653124999999996,1.5759374999999998,51.21484375000001
2006-08-29,9092.496876951906,3.678013741411618,37.529668956901936,1.5729231730168647,51.03529044347283
2006-08-30,9120.00312061164,3.6799812763301603,37.579965673271964,1.5742705570291777,50.950226244343895
2006-08-31,9096.996342697066,3.6810364952143804,37.53871294062719,1.572173371722045,50.79993774803518
2006-09-01,9095.997503315908,3.6670047593040493,37.51033783256612,1.5718966996957164,50.70999453850355
2006-09-04,9082.500778089014,3.6589635854341735,37.34982882041706,1.5681605975723625,50.44973544973545
2006-09-05,9080.0,3.642466822794692,37.349726775956285,1.56768149882904,50.34972677595629
2006-09-06,9087.500977096848,3.649026811537559,37.33995153599624,1.5684358633627764,50.26967873055577
2006-09-07,9119.998429031499,3.6474746681329044,37.34820516848637,1.5690047914539316,50.2599952870945
2006-09-08,9126.500432628018,3.6615275702037278,37.44985447966648,1.571540942342484,50.44993313930622
2006-09-11,9135.003539683788,3.671989302288995,37.45929363643514,1.5747659875717765,50.54039172500589
2006-09-12,9152.0025179007,3.6744826500904875,37.46478873239437,1.5790384766700765,50.42961680698717
2006-09-13,9112.502958113118,3.672477715547842,37.38187268281139,1.5767926165496566,50.33998580105703
2006-09-14,9132.500196494539,3.6735046765699915,37.348109722549715,1.5779297335534073,50.34976027666431
2006-09-15,9120.0,3.671005917159763,37.25838264299803,1.5815384615384613,50.22011834319527
2006-09-18,9149.498618239242,3.6799842084484804,37.34465061192262,1.5889459139360442,50.22029214370312
2006-09-19,9157.997471155366,3.6815236288920494,37.254623044096725,1.5867709815078233,50.09483167377904
2006-09-20,9167.497633322813,3.6804985799936887,37.72798990217734,1.5859892710634271,50.14988955506469
2006-09-21,9139.996858062996,3.6704893566883987,37.41889875108004,1.580865603644647,50.10525488963947
2006-09-22,9189.997659358663,3.67550908949052,37.41671217913708,1.5826636498400561,50.309744870094406
2006-09-25,9247.50156641604,3.679981203007519,37.4765037593985,1.5848214285714286,50.34461152882206
2006-09-26,9204.001575423394,3.680976762504923,37.49980307207562,1.5879480110279636,50.31035840882237
2006-09-27,9209.996846420687,3.6819615263323877,37.52995900346894,1.5890886155786819,50.21523178807947
2006-09-28,9224.998033509006,3.686462676000944,37.537953276173994,1.5871155510107764,50.190356328168015
2006-09-29,9225.0,3.687519747235387,37.57661927330174,1.585781990521327,50.15007898894155
2006-10-02,9204.99802916831,3.6894757587702016,37.60977532518723,1.5867560110366574,50.01970831690974
2006-10-03,9205.00117767135,3.686503886315459,37.565360759990575,1.5816126246368845,49.87516683677475
2006-10-04,9220.001576789657,3.6925260170293286,37.6001261431725,1.585698517817723,50.0
2006-10-05,9209.99921389828,3.6839871079317663,37.58823991824542,1.582815816366638,50.0
2006-10-06,9207.501579279848,3.6875394819962097,37.49368288060644,1.58433354390398,50.0
2006-10-09,9228.001269538998,3.694993255574069,37.575180512576374,1.5900975958105212,50.145203522970725
2006-10-10,9224.501515393205,3.6945286329558145,37.525123624182484,1.5906843196682086,50.05024724836497
2006-10-11,9222.49860479949,3.6955273857928725,37.49820617077254,1.5874192776847644,50.01993143586064
2006-10-12,9219.50363099513,3.6940387838161355,37.51496289202777,1.5870241800335168,50.02473864815258
2006-10-13,9205.498007968128,3.68199203187251,37.43824701195219,1.5831075697211157,49.975298804780884
2006-10-16,9165.49740311626,3.683499800239712,37.45505393527767,1.5836995605273672,50.01038753495805
2006-10-17,9154.998403066113,3.6755030341743855,37.38821462791441,1.5809645480677101,49.940114979239866
2006-10-18,9157.498206170772,3.6715299370166625,37.378617555608706,1.5751415131946105,49.909909909909906
2006-10-19,9160.003184459836,3.675503542711567,37.31629647321073,1.5743969429185574,50.015126184221
2006-10-20,9157.497226184816,3.6764938976065937,37.238072594705976,1.5719606910762403,50.099857346647646
2006-10-23,9164.99681427206,3.676489327811405,37.24195603695444,1.5757406817457789,50.04539662312838
2006-10-24,9165.002790846025,3.676501076469181,37.21872258990511,1.5757116657363845,50.05501953592218
2006-10-25,9130.0,3.676470588235294,37.11526232114468,1.5726550079491255,49.94992050874404
2006-10-26,9109.997629020785,3.668537105824705,37.01493716905082,1.5687979135382912,49.870386469611944
2006-10-27,9104.998817314516,3.6515020105653235,36.87140266498463,1.5640621304107862,49.790270440747456
2006-10-30,9100.0,3.6425257529291497,36.72800188723755,1.5612959031218054,49.79476291578202
2006-10-31,9112.5,3.6524889729048517,36.73519218651544,1.5614366729678637,49.84010712035287
2006-11-01,9102.500587912518,3.6501528572548407,36.65673747746335,1.5599278827310497,49.84008779493611
2006-11-02,9111.999686692254,3.650505208741286,36.67815461737291,1.5616041356622543,49.63969609148587
2006-11-03,9115.501567398118,3.6470219435736677,36.69670846394985,1.5613636363636363,49.67006269592476
2006-11-06,9133.498661628091,3.65800661313179,36.72492520862856,1.567548417572036,49.94489056841442
2006-11-07,9126.499411995295,3.646961975695805,36.66797334378675,1.560172481379851,49.854958839670715
2006-11-08,9107.498434564808,3.64253287413901,36.68675641828428,1.5611302442078896,49.88963681903569
2006-11-09,9121.498905908096,3.645514223194748,36.731791184745234,1.562128790246952,49.945295404814
2006-11-10,9116.50342039801,3.6379819651741294,36.62157960199005,1.5563588308457712,49.87484452736319
2006-11-13,9127.498051441933,3.6354637568199535,36.513639906469216,1.5582229150428684,49.7498051441933
2006-11-14,9128.501247660635,3.638490330630069,36.40361821584529,1.5565346225826575,49.89004990642545
2006-11-15,9182.496873045655,3.6475140712945593,36.536898061288305,1.5602720450281427,50.09537210756723
2006-11-16,9155.498281786942,3.6544829740706026,36.493283348953454,1.558809746954077,50.12496094970322
2006-11-17,9163.002974792547,3.6524972600594956,36.64631282292156,1.5594958509472365,49.985126037263186
2006-11-20,9153.500506191107,3.6500272564442025,36.60151078576435,1.5579004750408847,49.840355112530176
2006-11-21,9140.003121585765,3.649992196035586,36.589667551115966,1.558919931325113,49.81504604339004
2006-11-22,9133.998137513581,3.644963526307621,36.57690516839982,1.5555641781778675,49.74002793729629
2006-11-23,9130.502586273451,3.6375357060140514,36.5313054890759,1.5484443758202735,49.715123909519036
2006-11-24,9141.000152928582,3.635494723963909,36.494876892491206,1.5506958250497018,49.710200336442874
2006-11-27,9141.497636114078,3.6374866554826903,36.41146865944792,1.549794113161507,49.64999237456154
2006-11-28,9185.502395983875,3.6399939149615883,36.336806876093405,1.550543850308055,49.914809462234736
2006-11-29,9166.496921790682,3.6274986699095537,36.08497377821691,1.5454130880899901,49.730181652352364
2006-11-30,9164.999999999998,3.618030303030303,35.90833333333333,1.5418181818181818,49.61969696969697
2006-12-01,9170.001510117789,3.5934762911507097,35.92343702808819,1.5458320749018422,49.53488372093023
2006-12-04,9150.003756856262,3.588023142234578,35.86971222481028,1.543016004207679,49.77533999549177
2006-12-05,9115.49771209962,3.5565223914184982,35.62298402220389,1.5384442277398545,49.579926487135246
2006-12-06,9120.001506704837,3.549495253879765,35.665210185324696,1.540379689618804,49.50504746120235
2006-12-07,9072.497555839664,3.5425283898623743,35.56666917349778,1.5378656839888696,49.42994660449725
2006-12-08,9069.50135583007,3.547981319674601,35.55815004519434,1.543612533895752,49.6248870141609
2006-12-11,9087.500948622599,3.557031190711087,35.57865978599074,1.543674584503301,49.587159444486595
2006-12-12,9066.996375717306,3.539489580187255,35.27182120205376,1.5410752038659015,49.4903352461492
2006-12-13,9070.003769317755,3.5445156426686775,35.2679984922729,1.539464756879005,49.40520165849981
2006-12-14,9068.50363856883,3.5454821103699214,35.260006064281384,1.54047907822923,49.37537901758642
2006-12-15,9085.998779185107,3.550511216236838,35.291469555928586,1.5426522203570883,49.36517625515031
2006-12-18,9087.002672775869,3.5550210003818252,35.90836197021763,1.544864452080947,49.3348606338297
2006-12-19,9139.998480012158,3.5763033895728835,35.775193798449614,1.5447636418908648,49.40036479708162
2006-12-20,9090.00227221086,3.5439672801635993,35.90093160645308,1.538741195182913,49.37968643490115
2006-12-21,9070.003035361968,3.5355137350129,36.5449992411595,1.5406738503566548,49.26999544695705
2006-12-22,9077.501516070346,3.534490600363857,36.40009096422074,1.5395694360218315,49.30033353547606
2006-12-27,9032.502469792538,3.53248727106923,36.306710236340145,1.536362945512577,49.16027053727486
2006-12-28,9037.50094891065,3.532528657101648,35.87034084870569,1.5341228269946103,49.09967357473621
2006-12-29,8993.500379650723,3.5299924069855733,35.5125284738041,1.5339407744874716,49.00987091875475
2007-01-02,8987.498116051243,3.529992464204974,35.76639035418237,1.5303692539562925,48.89977392614921
2007-01-03,8970.002267402313,3.5125085027586733,35.55513566623838,1.5320081626483262,48.90030987831608
2007-01-04,9010.003052037235,3.521516862505723,35.57530901877003,1.5364718449565085,48.82496566458111
2007-01-05,9012.503821461327,3.512534393151941,35.800214001834306,1.535004585753592,48.84974014062978
2007-01-08,9039.996924496387,3.5145317545748114,35.65354451791481,1.5376749192680301,48.77979394125788
2007-01-09,9034.99769549854,3.507988938392994,35.91488707942848,1.5365647564910125,48.620371792902134
2007-01-10,9079.996920234064,3.5154758238373884,36.061749307052665,1.5373421619956884,48.84970742223591
2007-01-11,9120.502156500308,3.518484288354898,35.920363524337645,1.541743684534812,48.974892174984596
2007-01-12,9130.000775614675,3.5144652136818433,35.93965717831382,1.544869308927325,49.00023268440239
2007-01-15,9114.998840893284,3.5065296344950156,35.934626381268835,1.5417664786337997,48.840120547098365
2007-01-16,9072.500579016445,3.5019686559098284,35.888211225198795,1.539102910522659,48.69991507758821
2007-01-17,9108.00216902936,3.5015105740181274,35.83159036331242,1.5382291424587498,48.84963978619568
2007-01-18,9103.002631171645,3.501779910230615,35.21668472372698,1.5373007274415724,48.79972140535521
2007-01-19,9077.496527241858,3.499768482790554,35.22534341719401,1.53673406389875,48.90029325513196
2007-01-22,9089.99690785405,3.5020098948670375,35.258194186765614,1.5378787878787878,49.04993815708101
2007-01-23,9085.0,3.5015337423312882,34.910276073619634,1.5332055214723928,49.0
2007-01-24,9078.815840061516,3.5000384467512498,35.15801614763552,1.5356401384083045,48.811995386389846
2007-01-25,9094.999229465247,3.5004623208506707,34.15010016951764,1.535598705501618,48.90507011866235
2007-01-26,9119.998449732579,3.5015115107356016,33.374932175800325,1.5380978218742734,49.07991628555926
2007-01-29,9122.498258648711,3.502515285194644,34.01671697237056,1.5400510796377989,49.13474189304233
2007-01-30,9100.000000000002,3.502312673450509,34.26611162503855,1.5379278445883444,48.96238051187173
2007-01-31,9099.999999999998,3.5004631773969432,34.54994596263702,1.5375173691523853,48.87988266172611
2007-02-01,9081.497695852535,3.5005376344086017,35.14976958525345,1.533563748079877,48.69969278033794
2007-02-02,9076.996927803379,3.5005376344086017,34.964669738863286,1.5356374807987712,48.69969278033794
2007-02-05,9064.998065764023,3.50073500967118,34.55009671179884,1.534468085106383,48.665377176015475
2007-02-06,9054.00231570822,3.4960247008876877,34.21844847549208,1.5328444615978385,48.50019297568506
2007-02-07,9038.500038500038,3.4934934934934936,34.2981442981443,1.5330715330715332,48.34988834988835
2007-02-08,9052.497883149874,3.4944961896697713,34.17827726887846,1.5338311138480487,48.40504964975753
2007-02-09,9052.50249865457,3.493811024832783,33.94941185515492,1.532943799492581,48.300146075190284
2007-02-12,9043.501080580425,3.493825254708243,33.75038592158073,1.5385149737573325,48.18462488422352
2007-02-13,9074.497005068346,3.4999999999999996,33.82736906773153,1.5410843188450316,48.470281062816774
2007-02-14,9068.001834581868,3.4984711817764866,33.30683381745911,1.5369209600978444,48.37486622840544
2007-02-15,9040.99870594504,3.4960036538022377,33.394230037299224,1.5352820278602421,48.240085255385544
2007-02-16,9050.003811266102,3.4930253830322426,33.399649363518556,1.5322814238890161,47.97469319307874
2007-02-19,9074.002436795614,3.492994212610417,34.198903441973805,1.533049040511727,48.100060919890346
2007-02-20,9062.50285279574,3.4919741346519593,33.35108406238113,1.5332065424115633,48.01977938379612
2007-02-21,9068.999619627235,3.493495625713199,33.83035374667174,1.5339672879421833,48.05020920502092
2007-02-22,9080.49748206928,3.4949641385624903,33.92339386540516,1.5342591179612393,48.30001526018617
2007-02-23,9079.503578498554,3.4935282472970917,33.54652048119385,1.5332724227196588,48.14984010963911
2007-02-26,9067.5,3.491489361702128,33.826747720364736,1.528115501519757,48.06003039513678
2007-02-27,9092.501889644747,3.49546485260771,34.099773242630384,1.525472411186697,48.200302343159485
2007-02-28,9131.49648020589,3.5029899326318974,33.98682915752025,1.52796911664522,48.54969343728711
2007-03-01,9152.499054820417,3.506994328922495,33.78298676748582,1.5258979206049148,48.4
2007-03-02,9167.499810073692,3.506495479753855,33.64734483020588,1.5260199042771405,48.52465243485528
2007-03-05,9255.002675227393,3.5174654131315446,33.1498891691508,1.5294657188718184,48.799969425972634
2007-03-06,9220.0,3.513511450381679,32.51679389312977,1.52824427480916,48.62519083969465
2007-03-07,9210.003806623527,3.511001141987058,32.765131328511615,1.5270650932622762,48.50019033117625
2007-03-08,9172.498479318736,3.5069951338199514,32.88321167883212,1.5269160583941606,48.42533454987835
2007-03-09,9176.001520334476,3.5039908779931586,32.6636259977195,1.5257316609654124,48.469783352337515
2007-03-12,9172.499239890543,3.50098814229249,32.881574946792334,1.5263757981149286,48.25022803283672
2007-03-13,9214.502950522014,3.5074897866545616,33.06702980783779,1.5281434407625962,48.474807081252834
2007-03-14,9219.502389440946,3.5114920731244785,32.92118637639384,1.5347796404460288,48.56481832663278
2007-03-15,9225.502797520036,3.5124754271888703,33.03341902313625,1.5332678058369875,48.585362165431725
2007-03-16,9226.499061913695,3.5085178236397745,32.908067542213885,1.526604127579737,48.65515947467167
2007-03-19,9225.00187927535,3.5004886115913703,33.05269488085394,1.5265729534691423,48.63489438472525
2007-03-20,9155.001504211794,3.4964651022864026,32.849729241877256,1.5266997593261133,48.425090252707584
2007-03-21,9135.003385240352,3.474008876852479,32.01685097419695,1.5233581584292486,48.25020687579929
2007-03-22,9106.501385663996,3.467530522058273,31.94667066137368,1.5172646243727061,48.054827353756274
2007-03-23,9110.002251069258,3.456516845501613,31.816612891123285,1.5169955728971263,48.025061904404595
2007-03-26,9103.497926875236,3.452468903128534,32.83075763286845,1.5185073501696194,48.07463249151903
2007-03-27,9120.498988536749,3.4505132239454563,32.36682400539447,1.5165954896231364,48.01003970929796
2007-03-28,9149.498052142642,3.462166616721606,31.998052142643093,1.5178303865747675,48.300119868145046
2007-03-29,9127.501497902937,3.4544637507489515,32.3247453565009,1.5184242061114441,48.20026962252846
2007-03-30,9125.003754317464,3.4575011262952393,32.329929418831654,1.517044601291485,48.20543625168944
2007-04-02,9114.499476283107,3.459524165793805,32.43154272033518,1.5181804578781983,48.36974412688912
2007-04-03,9092.498877077407,3.4604731247192686,32.50636322802814,1.5185656535409493,47.92483904776164
2007-04-04,9115.997603355303,3.457010185739964,32.43334331935291,1.51467944877172,47.84976033553026
2007-04-05,9100.0,3.450983324609288,32.58356389740522,1.51431989830255,47.85014581619682
2007-04-10,9100.0,3.446968568449278,32.64859228362878,1.518248175182482,47.90481155966035
2007-04-11,9084.997764197346,3.4499925473244892,32.69861380235504,1.5166194663884334,47.87524221195409
2007-04-12,9110.997252543255,3.4482809831439813,32.44003861290562,1.5180069800252467,47.945347887428525
2007-04-13,9096.002069169375,3.44147206621342,32.65001477978126,1.5155187703221995,47.89979308306237
2007-04-16,9092.50184501845,3.4410332103321037,32.633210332103324,1.5134317343173431,47.625092250922506
2007-04-17,9087.497232268064,3.4355302974389255,32.61642925677172,1.513322016384973,47.67510517381356
2007-04-18,9089.997790380792,3.4280032407748404,32.48140237165796,1.5113058849524932,47.52522648596892
2007-04-19,9102.499816189986,3.427468568487611,32.4976104698184,1.5112124108521432,47.54503345342254
2007-04-20,9090.496839629575,3.4215052182860504,32.4481846244304,1.511024547993532,47.35998824048214
2007-04-23,9089.503577487645,3.42199601681788,32.44301836689533,1.513166629785351,47.55034299623811
2007-04-24,9088.499484611986,3.422029156236195,32.5364452952437,1.5142099838020908,47.445147989986744
2007-04-25,9081.998681222069,3.42047036412924,32.38332478569859,1.5113927760275478,47.254743937284786
2007-04-26,9080.001471020889,3.4204913209767582,32.70814945572227,1.5149308620182407,47.26978523095028
2007-04-27,9077.497617825991,3.4208018764201418,32.6980869310269,1.5160155391043024,47.2747929341054
2007-04-30,9082.998897464167,3.421977214259463,32.8151414920985,1.5199558985667032,47.47519294377067
2007-05-02,9072.49779216956,3.421989991168678,32.65675596114219,1.5256108330880187,47.68030615248749
2007-05-03,9046.49966943363,3.4207742598986264,32.866377727172555,1.5237640490707414,47.55013589950783
2007-05-04,8974.500405574809,3.4204704667797357,32.614851412137746,1.5192832386992108,47.43013052134798
2007-05-07,8885.001836210064,3.4149834741094383,32.56334924715388,1.5139919206757255,47.25009181050313
2007-05-08,8889.496975955155,3.4078772680336336,32.70393863401682,1.5153414957958402,47.07478979200472
2007-05-09,8814.99815293683,3.403029183598079,32.67676394532693,1.5163649796823053,47.27004063538973
2007-05-10,8765.003326679973,3.4014933096769426,32.66651881422341,1.517039994085902,47.15014415613218
2007-05-11,8869.998516980571,3.4095358149191752,33.241880468634136,1.5187601957585644,47.16965742251223
2007-05-14,8800.0,3.401505646173149,33.389918075134695,1.5159052328585136,47.13484389991881
2007-05-15,8805.000738661545,3.4019796129413504,33.256758753139316,1.518171074013887,47.04978578815187
2007-05-16,8805.00221010756,3.4007661706203036,33.356416678945045,1.5193016060114926,46.95005156917637
2007-05-17,8794.998520272271,3.4013021604024862,33.42630955904114,1.5244894939331166,46.72980171648417
2007-05-18,8819.99703198041,3.400979446464347,33.19136306299622,1.5239296579357424,46.46508866958523
2007-05-21,8759.99702469503,3.3919964296340375,33.09357334126748,1.5259595358524247,46.239958345730436
2007-05-22,8679.002527129478,3.3870224468559536,32.79842426044299,1.5335216292552403,45.87483276349041
2007-05-23,8710.0,3.389473684210526,33.0,1.529132690882135,46.04002965159377
2007-05-24,8739.998512790005,3.389500297441999,32.8837001784652,1.527215942891136,46.20984533016062
2007-05-25,8750.00371996131,3.3909679339334873,32.77806710810208,1.528606502492374,46.099992560077375
2007-05-28,8743.001560990113,3.3874972125176543,32.833568720731435,1.5273173269902625,45.969672192076125
2007-05-29,8814.997409134652,3.3944777555703607,32.93508031682582,1.5274261603375527,46.09963727885114
2007-05-30,8840.0,3.400745156482861,32.79806259314456,1.5305514157973172,46.28017883755588
2007-05-31,8830.000743328626,3.398498476176318,32.95696127257861,1.5300676429049282,46.249907083921805
2007-06-01,8827.002083953557,3.39900267936886,32.90637094373326,1.5293242036320336,46.14989580232212
2007-06-04,8775.003708648568,3.3954902833407505,32.89200415368639,1.5292983236908468,45.60970182465509
2007-06-05,8794.997044043748,3.4060005911912503,32.90644398462903,1.5285249778303283,45.7596807567248
2007-06-06,8905.002590098424,3.4199659587064315,32.7151631762007,1.5315621993635757,45.94982609339155
2007-06-07,8875.003711952486,3.425018559762435,32.648106904231625,1.5344469190794359,46.00519673348181
2007-06-08,9104.996628960971,3.4655030339351263,32.60693684920219,1.543111843583789,46.53981571653307
2007-06-11,9074.998128041932,3.468513665293898,32.347435417446654,1.5436166229876453,46.50018719580682
2007-06-12,8980.0,3.4439865118021733,32.57474709629074,1.5385537654552266,46.1701011614837
2007-06-13,9082.99841950779,3.4745239707985247,32.56491307292843,1.5436140588545195,46.69978174155189
2007-06-14,9070.001503307276,3.465499098015634,32.55637402285027,1.5426939266386048,46.67017438364402
2007-06-15,9045.500976415804,3.457488358119273,32.506384257172904,1.5426618596965602,46.34970707525913
2007-06-18,8900.0,3.422485825126828,32.54252461951656,1.5372276932259028,45.86988958519845
2007-06-19,8925.001865254048,3.4375139894053572,32.27187942997836,1.5376408266805939,45.97030515556219
2007-06-20,8944.998882847993,3.4295077083488494,32.3199523348477,1.535190288225218,45.90005213376033
2007-06-21,9015.003358960961,3.4550272449055766,32.39829812644622,1.5366873180562814,46.149884302455774
2007-06-22,9004.999628003869,3.4530168886243584,32.24536864816606,1.5373112119633956,46.01964139572948
2007-06-25,9034.997399895996,3.465492905430503,32.29032018423594,1.5377757967461554,46.05007057425154
2007-06-26,9080.0,3.476523031203566,32.100297176820206,1.5376671619613669,46.3001485884101
2007-06-27,9133.00342312844,3.483033189462718,31.875279059383836,1.538249739544575,46.55008185741926
2007-06-28,9077.500556916908,3.4664736021385614,31.825202346476573,1.5333036310982402,46.350337862924185
2007-06-29,9035.001851166235,3.452499074416883,31.554979637171417,1.5300999629766752,46.250277674935205
2007-07-02,9012.99676184869,3.4345010303208716,31.83985869885193,1.5251692670002943,45.950103032087135
2007-07-03,9014.998897139914,3.4465112859348572,31.80501433718109,1.5235644437908977,45.800308800823466
2007-07-04,9007.497429872228,3.4460273167866062,31.550154207666328,1.5207078866206492,46.050080775444265
2007-07-05,9009.999999999998,3.447507331378299,30.999999999999996,1.51891495601173,46.1400293255132
2007-07-06,9044.998528979111,3.449029126213593,31.612974404236542,1.522285966460724,46.000294204177706
2007-07-09,9019.998531679024,3.440496292489538,31.745099478746052,1.5191248806989206,45.970193084208205
2007-07-10,8998.002341577638,3.4399970730279525,31.344943655788086,1.517635006585687,45.900043904580706
2007-07-11,9032.501999563732,3.4514651348796628,30.65003999127463,1.515233040063986,46.149930924162
2007-07-12,9060.001450536698,3.4504641717435454,31.000145053669858,1.5155932695097187,45.9297940237888
2007-07-13,9022.500362792047,3.445000725584095,30.47162966187781,1.5148019155420112,45.65012334929618
2007-07-16,9044.99673463464,3.440969450692983,30.150206806472674,1.5161454176039473,45.45025760104491
2007-07-17,9054.99963691816,3.444993101445066,30.19969501125554,1.5173190037034348,45.179725510129984
2007-07-18,9100.0,3.4519921619856304,30.240220625589668,1.5190507293707818,45.250018143551785
2007-07-19,9090.0,3.4374819102749643,29.945007235890017,1.5126628075253257,44.85021707670044
2007-07-20,9057.501992320509,3.4099833369557344,29.74498297471564,1.5109758748098239,44.79968122871839
2007-07-23,9072.498372042544,3.408508790970262,29.500036176832353,1.5081397872802256,44.700094059764126
2007-07-24,9042.499819272754,3.4015036506903784,29.699992770910146,1.5053133810453265,44.80011566543772
2007-07-25,9104.998908535254,3.423488321327221,29.975260132431053,1.5091319217055954,45.04984355671978
2007-07-26,9137.997376475732,3.439003060778312,29.624690278385074,1.515085264538697,45.30972161492493
2007-07-27,9194.996703538203,3.4590139916489635,29.778038238956853,1.5132957292506042,45.60032232070911
2007-07-30,9210.000732118018,3.4624789516069994,29.800131781243138,1.514752178051102,45.40010249652244
2007-07-31,9225.001823885605,3.4545122929889835,30.0,1.5110527467717225,45.30021157073028
2007-08-01,9304.998902144478,3.4725170167605945,29.84483641952719,1.5193588523750272,45.74983532167167
2007-08-02,9300.0,3.4694818501170963,29.849970725995313,1.5184426229508197,45.849677985948475
2007-08-03,9273.00277493793,3.4620271651818313,29.813056813202863,1.517671973126917,45.349788228421204
2007-08-06,9300.0,3.4664929801707918,29.950065132435952,1.514256766536402,45.40020263424519
2007-08-07,9335.000724952879,3.467522111062781,30.36682615629984,1.5143540669856461,45.42989705669132
2007-08-08,9294.497607655503,3.4559953603015803,31.066405683630567,1.5110192837465564,45.15006524575903
2007-08-09,9330.00218515551,3.4695170806322384,31.244810255663197,1.515186830796125,45.29973049748707
2007-08-10,9347.501831501831,3.4769963369963373,31.36190476190476,1.5237362637362637,45.64981684981685
2007-08-13,9342.502380777965,3.4749835176910113,31.433594608453593,1.520181671672405,45.60032232070911
2007-08-14,9354.999632109484,3.4784784048267237,31.696711058788907,1.5210801265543374,45.800161871826944
2007-08-15,9426.001780943901,3.487904422677353,32.44879786286732,1.53257643217572,46.19991095280499
2007-08-16,9475.001864975755,3.5054830287206262,32.949645654606485,1.542633345766505,46.39985080193957
2007-08-17,9475.00371636688,3.515534413557307,33.37520440017838,1.5356027947078936,46.855210346365396
2007-08-20,9389.997031760166,3.4884980706441087,32.81389136242208,1.5276788364499851,46.74977738201247
2007-08-21,9439.998519395913,3.497482973053006,32.85830618892508,1.5261326621261475,46.799674267100976
2007-08-22,9394.997406062403,3.482472393092715,32.54131772029942,1.52753279478248,46.42036611576373
2007-08-23,9352.998379254457,3.4824664800353617,32.5666715780168,1.5213643730661561,46.49992632974805
2007-08-24,9405.001836210064,3.48747704737422,32.43187660668381,1.5239074550128537,46.710246052148364
2007-08-27,9379.997071313517,3.4835261385268708,32.7668765558647,1.5202811539024748,46.65031483379705
2007-08-28,9395.001463700233,3.4939988290398127,32.67857142857143,1.5219555035128807,46.72497072599531
2007-08-29,9415.00256767662,3.5029711686596725,32.715134619617054,1.5240261169393294,46.7999413102487
2007-08-30,9420.0,3.503967670830272,32.58192505510654,1.525422483468038,46.80014695077149
2007-08-31,9390.003648303538,3.50149580445093,32.490331995622036,1.5211966435607442,46.53994892375046
2007-09-03,9388.99647887324,3.5024941314553995,32.324677230046944,1.522887323943662,46.569835680751176
2007-09-04,9405.0,3.508983799705449,32.474963181148745,1.5288659793814432,46.65022091310751
2007-09-05,9398.498675301737,3.5089785104503974,32.54489255225199,1.5272299087430086,46.64483367677362
2007-09-06,9397.497988148365,3.5032555417367766,32.545175213987854,1.5262272294974029,46.54985734142951
2007-09-07,9397.502920560748,3.504526869158879,32.52482476635514,1.5235835280373833,46.5347546728972
2007-09-10,9414.998187749185,3.512504530627039,32.45668720550925,1.5240304458137006,46.595143167814435
2007-09-11,9440.002893518518,3.514467592592592,32.341579861111114,1.5226417824074074,47.06018518518518
2007-09-12,9407.497299243787,3.493482175009002,32.12675549153763,1.5167446885127833,46.749729924378826
2007-09-13,9402.496941785997,3.477513132330719,32.046484852845936,1.5101820536806505,46.309994962941644
2007-09-14,9380.0,3.4824675324675325,31.94011544011544,1.5125541125541127,46.160173160173166
2007-09-17,9387.497297686821,3.4890105930676665,31.978093247820134,1.5150969229660591,46.2599985587663
2007-09-18,9377.500540852383,3.4884978726472924,31.916780846614262,1.516261628326242,46.11018965890243
2007-09-19,9225.001788908767,3.455527728085868,31.918425760286226,1.5074776386404294,45.6
2007-09-20,9160.0,3.4469707769066287,31.679971489665004,1.5037063435495368,45.30007127583749
2007-09-21,9159.997152822265,3.444515623887821,31.71328920207844,1.5066552779557263,45.270125987614776
2007-09-24,9124.998228583576,3.4284702047757385,31.74803372776872,1.4994685750726282,45.130021965563664
2007-09-25,9167.503190131858,3.436977172834255,31.948107188430455,1.5009924854671772,45.17510279313767
2007-09-26,9160.996673037445,3.426488284844624,31.846818149642527,1.497345508600552,45.21483683726198
2007-09-27,9140.0,3.4174894217207337,31.678420310296193,1.4915373765867421,45.07475317348378
2007-09-28,9145.003173707597,3.4075040552930393,31.781507863742156,1.4857183158191691,45.02503702658862
2007-10-01,9084.998594716133,3.3950252951096123,31.829679595278243,1.4794828555368185,44.81520517144463
2007-10-02,9090.497705612424,3.405506530180021,31.746558418637484,1.4821743734557005,44.859865866572534
2007-10-03,9124.001408946813,3.411482916519901,31.666079605494893,1.4799577315956323,45.049665375132086
2007-10-04,9124.998228081366,3.4100219717910556,31.6500106315118,1.4809695938762493,44.899709405344105
2007-10-05,9089.99717034522,3.4010328239954726,31.61502546689304,1.4747453310696097,44.70996038483305
2007-10-08,9069.997870679252,3.393001632479239,31.391865994747675,1.4714316133153524,44.19973028603876
2007-10-09,9075.001781007339,3.3965234736767114,31.419819049654485,1.4737479518415617,44.30006411626416
2007-10-10,9075.003534568075,3.3745228333097694,31.44987982468542,1.465078467411282,43.999717234553934
2007-10-11,9059.997182900206,3.3645327135713785,31.4782731178252,1.4623565039791535,44.01014155926474
2007-10-12,9060.001411133846,3.369999294433077,31.404783743738093,1.4640513652719962,43.649897692796166
2007-10-15,9060.002811753127,3.368972304231688,31.530296639955008,1.463025446365809,43.89990158864051
2007-10-16,9060.0,3.3824734982332156,31.39505300353357,1.4676325088339224,44.34982332155477
2007-10-17,9095.0,3.375492957746479,31.406338028169017,1.4633098591549296,44.2
2007-10-18,9092.502972235821,3.3654801035037414,31.54416392754738,1.4591230155954962,43.94992656829149
2007-10-19,9089.998600223964,3.358482642777156,31.425671892497203,1.4624860022396415,44.099944008958566
2007-10-22,9134.999294084426,3.3744882112099392,31.489481857969782,1.4667513765353661,44.09995764506565
2007-10-23,9140.00280622983,3.373018100182405,31.48589869510313,1.4652729058509892,44.09990178195594
2007-10-24,9177.498243148279,3.369501054111033,31.605059732958534,1.4617709065354882,44.12508784258608
2007-10-25,9155.000349430427,3.355021315256132,31.550073380389964,1.4558669368928647,44.04989866517576
2007-10-26,9122.497219132369,3.345522803114572,31.71996662958843,1.45488042269188,44.05728587319244
2007-10-29,9094.996873045653,3.3384754360364117,31.680216802168022,1.4513932318810365,43.82530748384407
2007-10-30,9104.99757062539,3.3444853196362874,31.63184563059624,1.4505448740195737,43.84465884639411
2007-10-31,9097.002837959437,3.3350176507233336,31.693085069564614,1.4488129023326644,43.67965667612653
2007-11-01,9107.002704014423,3.332177771614782,31.58843513832074,1.4490050613603274,43.300284268182764
2007-11-02,9132.502244630155,3.3400787347192487,31.76669659506872,1.4486497686304305,43.29995165411976
2007-11-05,9160.001380452788,3.348495306460519,31.659994478188842,1.450372722252899,43.70030369961347
2007-11-06,9117.50189042414,3.3375266377947344,31.4979033477693,1.4475836942324876,43.60486698288307
2007-11-07,9119.997282977856,3.330525743784812,31.633609563917947,1.4386632251052847,43.274690938731155
2007-11-08,9134.501568253103,3.330492295104323,31.549843174689762,1.4398609027683076,43.150143188326744
2007-11-09,9125.001702649322,3.3185316352244096,31.543962405502967,1.4418715521351224,42.880201593679764
2007-11-12,9169.997942245696,3.3374717058783183,31.606420193428907,1.4481788874408397,42.939844982509086
2007-11-13,9184.000821523927,3.3499691928527415,31.643047853768735,1.448552064078866,42.984870267679874
2007-11-14,9220.0,3.3450340136054426,31.47482993197279,1.4458503401360545,42.78027210884354
2007-11-15,9312.002185941663,3.371473461302002,31.566363822665483,1.4519434387594783,43.1996721087506
2007-11-16,9319.998634905467,3.3799740632038766,31.543239369326322,1.4520510545355267,43.500102382089956
2007-11-19,9329.998635184933,3.3725262726900502,31.503343796915516,1.4473181383922478,43.199808925890544
2007-11-20,9350.003381805884,3.362529590801488,31.48326006087251,1.447548190733852,43.11531958065608
2007-11-21,9405.00202511138,3.38247603618199,31.466855677062238,1.4524098825435399,43.26987984339138
2007-11-22,9380.497673477645,3.382493762222672,31.403331310270413,1.450873288825949,43.19981118079439
2007-11-23,9366.000405159024,3.360996691201296,31.216827604834894,1.4419609696805997,42.85029374029306
2007-11-26,9380.0,3.3564836645335134,31.206466823846416,1.4411586392724824,42.67969013135736
2007-11-27,9400.0,3.3734704854107833,31.175205055802067,1.4439962350410112,42.7000134462821
2007-11-28,9417.501864786058,3.3825184783345765,30.93985217332339,1.4438868922492714,42.845324472774124
2007-11-29,9379.997285927535,3.3714886687474555,30.82507802958339,1.4494504003256887,42.76021169765233
2007-11-30,9370.00203238263,3.364473951629294,30.733012668518395,1.4454305263871012,42.77013752455796
2007-12-03,9330.00136369835,3.355516159825447,30.690031365062048,1.4497477158052638,42.30533206054821
2007-12-04,9292.999118105963,3.341971372362798,30.61800420595618,1.4473916287904485,42.06973746692898
2007-12-05,9265.0,3.3434782608695652,30.190217391304348,1.444633152173913,42.02513586956522
2007-12-06,9264.99931290367,3.348976226466951,30.396454582932524,1.4471622921533598,41.899821354953964
2007-12-07,9272.503242542152,3.3275308894805105,30.308553484879514,1.4413270530411633,41.69977472865042
2007-12-10,9266.00081532817,3.3189971463514065,30.294877021334422,1.4395977714363364,41.51990759614078
2007-12-11,9275.0,3.314476553980371,30.274672846237728,1.442270992366412,41.35973282442748
2007-12-12,9300.497444633731,3.3174787052810903,30.230323679727427,1.4412947189097103,41.120272572402044
2007-12-13,9309.997956820815,3.312265885718178,30.21998229244705,1.4407137505959275,41.010011578015394
2007-12-14,9327.500172306844,3.318974429664346,30.146805431111723,1.4461368805568955,41.19994486180991
2007-12-17,9415.000347391093,3.340512749253109,30.38977280622525,1.459806850552352,41.42986173834503
2007-12-18,9394.998612652607,3.352524972253052,30.573668146503888,1.4591426193118757,41.99986126526082
2007-12-19,9430.003475842892,3.352033368091763,30.69864442127216,1.4604101494612445,41.61001042752868
2007-12-20,9430.002090738031,3.352010593072688,30.650219527493203,1.4613561920691338,41.625200362394594
2007-12-21,9427.503477051461,3.3495132127955496,30.333796940194713,1.4558414464534077,41.459666203059804
2007-12-24,9415.002083622725,3.33997777469093,30.087512154465898,1.4544381164050564,41.330045839699956
2007-12-27,9417.497933314964,3.3339763020115734,29.93937723890879,1.4510195646183521,41.47492422154863
2007-12-28,9394.500408385515,3.317996188401851,29.975496869044377,1.4460931118976312,41.27484345221889
2007-12-31,9392.500509476258,3.3069764282317777,29.753413490931322,1.4376061408871679,41.24991508729026
2008-01-02,9379.997276688453,3.31052559912854,29.965277777777775,1.4389297385620916,41.169662309368185
2008-01-03,9417.501525113536,3.2890259608215273,29.866467837050088,1.4332000271131293,41.07639124245916
2008-01-04,9434.99694438786,3.283017586745434,29.79153934949413,1.4328783866367896,40.970326610986625
2008-01-07,9440.50125653739,3.281532296406983,29.750050940705023,1.4342185695850032,40.89995245534198
2008-01-08,9450.4998299898,3.2709962597755866,29.766746004760286,1.4312818769126148,40.76504590275417
2008-01-09,9439.50272479564,3.2649863760217985,29.57765667574932,1.4316076294277928,40.56267029972752
2008-01-10,9437.498294912019,3.2681762378938757,29.4100395580412,1.4318646842177059,40.740008184422315
2008-01-11,9435.498918334235,3.258991346673878,29.5598972417523,1.4325987020010815,40.72471606273661
2008-01-14,9430.00335683115,3.2525008392077877,29.660960053709296,1.4296743873783149,40.54514937898624
2008-01-15,9430.00134354427,3.25702001880962,29.729947601773482,1.4283219132070402,40.49979846835953
2008-01-16,9444.997295835587,3.268523526230395,29.698485667928608,1.429286100594916,40.71998377501352
2008-01-17,9437.002246273229,3.2764958137635287,30.098019195425767,1.4348921108161459,40.750119120549996
2008-01-18,9447.498977783835,3.271023579119531,30.973149788741996,1.4345100177184136,40.69987733406024
2008-01-21,9459.99861897528,3.2925010357685407,31.064770059384063,1.444551857478249,41.14970307968513
2008-01-22,9479.99862011867,3.2944666758658756,30.89209327997792,1.4449427349247965,41.35987305091762
2008-01-23,9390.002744613696,3.2824893646219295,31.014134760532457,1.4385206532180594,41.08000548922739
2008-01-24,9376.498670122077,3.272522676123576,31.303280365545934,1.430062060969788,41.130055241083
2008-01-25,9330.003400204014,3.2414824889493374,31.3770826249575,1.4236654199251957,40.814688881332884
2008-01-28,9350.003388681802,3.241003049813622,31.44967807522874,1.4214164689935616,40.824805150796344
2008-01-29,9323.00142151222,3.2375279225614295,31.340959859202595,1.420090706017735,40.5198673255263
2008-01-30,9287.501688048616,3.234976367319379,31.525320729237,1.4192437542201215,40.569885212694125
2008-01-31,9246.503026227303,3.2355077336919975,31.237390719569603,1.4174848688634836,40.50033624747814
2008-02-01,9207.502182819531,3.2354758546578015,31.100141043723557,1.4148700382832964,40.33514675263618
2008-02-04,9214.498617573672,3.2294827702474875,31.101220581293408,1.4143907208847526,40.65007755074516
2008-02-05,9210.001361655772,3.2272603485838776,31.013071895424833,1.4163262527233114,40.40032679738562
2008-02-06,9242.001231105944,3.231516312153752,30.98488475480473,1.4154982559332467,40.599822173585935
2008-02-07,9242.00013727778,3.238382867732857,31.40229253895257,1.417393094927586,40.499691124991415
2008-02-08,9237.497416109694,3.231516571349824,31.509680975676975,1.418107903259147,40.58016950320402
2008-02-11,9275.0034383166,3.2430202173016096,31.97634438179068,1.4178929995874021,40.90977857241095
2008-02-12,9265.002063557573,3.2395102490026138,32.194937405420276,1.4165634887880039,40.66033842344201
2008-02-13,9260.002742355684,3.2385163855752093,32.04991087344028,1.4163581516522694,40.90017825311943
2008-02-14,9215.000683713935,3.2345138793928623,31.999863257213182,1.41679201422125,40.94010665937372
2008-02-15,9170.001362954885,3.221480169006406,31.799781927218206,1.4129753305165598,40.69987733406024
2008-02-18,9161.000273298716,3.2207570374419237,31.70265099754031,1.4121344629680241,40.61970483738727
2008-02-19,9169.997286663953,3.222968389635056,31.649708316374983,1.412901912901913,40.600325600325604
2008-02-20,9189.997270742359,3.2244814410480345,31.60002729257642,1.4130049126637554,40.7498635371179
2008-02-21,9164.997285559175,3.2210233441910967,31.39997285559175,1.4101520086862105,40.5700325732899
2008-02-22,9172.002963362069,3.2169989224137936,31.28367456896552,1.405845905172414,40.589978448275865
2008-02-25,9129.999325099549,3.215968144698657,30.721468583383952,1.40622258216913,40.55004386852939
2008-02-26,9086.9974452064,3.2129891085114965,30.449778136345298,1.4054726368159203,40.420196315718705
2008-02-27,9052.997872906142,3.2030045200744484,29.845785695293806,1.3967694762031375,40.22002127093858
2008-02-28,9075.001653329806,3.2024998346670195,29.700416639111168,1.3956087560346537,40.349844586998216
2008-02-29,9098.701127447748,3.1945012197534126,30.849871431397112,1.3952660381090527,40.319773191797985
2008-03-03,9109.998026705256,3.1985134512925084,31.64967440636716,1.3934749720449913,40.59988160231533
2008-03-04,9084.999342364856,3.1849927660134156,31.6250164408786,1.3886623701170593,40.54978298040247
2008-03-05,9088.997104501184,3.1834693340352724,31.59976309555146,1.390431692550671,40.76467491445117
2008-03-06,9059.997388863503,3.1660030028069714,31.56472354592336,1.3855995822181604,40.40015666818983
2008-03-07,9059.99870273075,3.1670234157099304,31.53531815528313,1.384380878251281,41.00019459038723
2008-03-10,9180.0,3.2,31.514993481095175,1.3887222946544981,40.94980443285528
2008-03-11,9187.00175564081,3.200988360751674,31.55016581052084,1.3883217374341634,41.10020157357435
2008-03-12,9159.998707759902,3.184014989985139,31.550041997803188,1.3842475932028169,41.25024229501842
2008-03-13,9215.002888874622,3.1585029209732296,31.43031392437568,1.3798549142967194,41.40014123387045
2008-03-14,9232.999164578112,3.162521688837478,31.420217209690893,1.383972752393805,41.54488786067733
2008-03-17,9265.003170577045,3.193024730500951,31.400126823081802,1.3823715916296768,41.700063411540896
2008-03-18,9200.0,3.1672690381079196,31.207913258512463,1.3764504470230168,41.299854162703696
2008-03-19,9184.998725465206,3.177988784093806,31.15026765230691,1.3794290084119298,41.50012745347948
2008-03-20,9234.999675808856,3.1779809375607857,31.325293392984506,1.3892887246320431,41.30000648382286
2008-03-25,9185.002248057037,3.1975078681996276,31.49977519429636,1.3826835377994733,41.38030702036097
2008-03-26,9190.0,3.192488860598345,31.444939528962443,1.37937619350732,41.57988542329726
2008-03-27,9200.0,3.2094894210059546,31.384771316356264,1.3803370074749777,41.81996705941974
2008-03-28,9205.001266143328,3.1975183590782477,31.44277032160041,1.3794631552291718,41.759939225120284
2008-03-31,9215.00126486213,3.1985201113078676,31.48494814065267,1.379901340753858,41.56020743738933
2008-04-01,9223.001277139207,3.194508301404853,31.48786717752235,1.3794380587484036,41.45019157088122
2008-04-02,9180.002558853634,3.1894831115660187,31.53019447287615,1.379669907881269,41.34979529170932
2008-04-03,9250.0,3.1974752028854825,31.61986345484993,1.3868349864743013,41.449826098157935
2008-04-04,9235.00190815418,3.19450451596489,31.689988551074926,1.3838570156468641,41.550057244625364
2008-04-07,9194.997769706239,3.188491684190404,31.665073599694132,1.3816351239406106,41.719875103549356
2008-04-08,9194.998088441442,3.1884796737606727,31.70511023321015,1.3804001529246845,41.59997451255258
2008-04-09,9210.002543558438,3.178494213404553,31.75632710161516,1.3796260969095764,41.650133536818004
2008-04-10,9192.497637795275,3.151496062992126,31.55905511811024,1.3566614173228349,41.55023622047244
2008-04-11,9182.99753679025,3.152024253142171,31.56698035748121,1.35855491694562,41.400240005052744
2008-04-14,9189.99936984057,3.161509861995085,31.574768416409352,1.35780452454471,41.599974793622785
2008-04-15,9195.002527167046,3.16849886277483,31.595274197624462,1.3565200909780137,41.700151630022745
2008-04-16,9190.996986438975,3.15350326469111,31.484806629834257,1.35302611752888,41.92491210447012
2008-04-17,9190.001260080646,3.146988407258065,31.454763104838708,1.3516255040322582,41.93485383064516
2008-04-18,9185.0,3.142015209125475,31.442332065906207,1.3555133079847907,41.92522179974652
2008-04-21,9184.998112970185,3.1415272361303304,31.50522078248836,1.3538809913196628,41.905271103283425
2008-04-22,9184.997803025548,3.1384721611951543,31.450003138534935,1.351390370974829,41.75004707802398
2008-04-23,9210.0,3.1319949811794228,31.46988707653701,1.3499372647427854,41.92973651191969
2008-04-24,9220.001268311244,3.1435094172109834,31.589828143826495,1.3566491216944638,41.97476060625277
2008-04-25,9225.0,3.1554885868171323,31.71005385996409,1.3654142087714798,41.919723005898945
2008-04-28,9214.998720245714,3.159521371896596,31.695034553365755,1.3624904018428463,42.254927054005634
2008-04-29,9219.998715560978,3.1514995825573178,31.716010532399974,1.3608631430222853,42.18483077515896
2008-04-30,9222.001287001287,3.159009009009009,31.66988416988417,1.3609395109395108,42.220077220077215
2008-05-02,9225.003234571095,3.1639927545607454,31.714969595031697,1.3622719627377409,42.200155259412604
2008-05-05,9213.00129366106,3.156985769728331,31.690168175937906,1.3609961190168174,42.184993531694694
2008-05-06,9210.00128799588,3.151468315301391,31.71496651210716,1.3585136527563113,42.34479649665121
2008-05-07,9225.003240440701,3.1705119896305898,31.742709008425148,1.3650680492546987,42.594944912508105
2008-05-08,9280.002606372582,3.2184791815990095,31.92480615103929,1.377272431094025,42.6852153515345
2008-05-09,9239.998706171562,3.1975029111139865,31.945271057057834,1.3682882649760642,42.60512356061586
2008-05-12,9243.99870382372,3.2145171743357097,32.1749837977965,1.370447180816591,42.6753078418665
2008-05-13,9260.001292574161,3.2194790926129384,32.29496542364118,1.3703871259613523,42.73508692561236
2008-05-14,9294.999676144827,3.2660146382537727,32.45482220351059,1.3807241401645183,42.90498089254485
2008-05-15,9309.99741501874,3.275494377665762,32.39498513635776,1.3820602300633318,42.76528370169316
2008-05-16,9284.998064266356,3.2360304555426507,32.26997031875081,1.3707575170989805,42.75519421860885
2008-05-19,9280.002567888552,3.2359889580792194,32.24754445657058,1.3676574436669446,42.81504782692431
2008-05-20,9284.99904085939,3.245476053456103,31.975190229554318,1.3663277703177952,43.04495172325596
2008-05-21,9292.00152351933,3.2214816225480862,31.882815971560976,1.3577731225798262,43.18479019869231
2008-05-22,9310.003173595684,3.2085052364328783,31.922564265312598,1.3577277054903205,43.50491907331006
2008-05-23,9312.99707788083,3.2164909160208355,32.034684284080804,1.3595477067716937,43.48494473383305
2008-05-26,9350.00317238754,3.2294905145612587,32.135016813653955,1.361588731679462,43.53975001586194
2008-05-27,9334.999999999998,3.241751269035533,32.265228426395936,1.3628807106598984,43.6497461928934
2008-05-28,9300.0,3.239971895758814,32.39013796627491,1.3642054164537558,43.684849259070006
2008-05-29,9309.999356954537,3.2525239534435086,32.480226352003086,1.367564786830429,43.84991318886246
2008-05-30,9314.99871034305,3.240005158627805,32.5025793139025,1.365940159917462,43.7348465308228
2008-06-02,9304.999677855809,3.221506346240577,32.59003930159139,1.364151794343148,43.399909799626315
2008-06-03,9309.99807605977,3.2229846726095044,32.605015070865136,1.3597126915923814,43.74527031360226
2008-06-04,9315.498512866934,3.2444717444717446,32.70011638432691,1.3630544420018103,43.964826070089224
2008-06-05,9304.999350733671,3.2574990261005063,32.91001168679392,1.3701467341903648,44.094922737306845
2008-06-06,9324.998397127652,3.2585112521638777,33.13970635378598,1.3653266653843688,44.13476950695647
2008-06-09,9334.99746578814,3.262987835783071,33.31474911302585,1.3617587430309173,44.00025342118601
2008-06-10,9334.999355919104,3.266005410279531,33.02524797114518,1.3688007213706042,44.47507406930311
2008-06-11,9305.00161134386,3.2719948436996455,33.10280373831775,1.3726716081211732,44.43506284241057
2008-06-12,9324.99837841344,3.2767723941103974,33.149769734708435,1.3802944801193489,44.465200752416166
2008-06-13,9310.002608242045,3.2775169535732913,33.21531038080334,1.3810641627543034,44.51486697965571
2008-06-16,9315.000970308558,3.270974836664726,33.27511481984604,1.3762209716023028,44.40002587489489
2008-06-17,9302.997997027847,3.2435226465077207,33.195063642824834,1.3692576080635783,44.06474122892033
2008-06-18,9284.999677273609,3.2574711159878658,33.2847092235203,1.3693280836506811,44.2651520041309
2008-06-19,9286.996964020413,3.2599961242813773,33.42032168464569,1.3701311284800723,44.504876945933724
2008-06-20,9260.0,3.255989750160154,33.31518257527227,1.3657270980140934,44.324791800128125
2008-06-23,9272.997873848335,3.2624830874299335,33.44500998646994,1.3690483860575993,44.49971007022743
2008-06-24,9263.00102774923,3.254496402877698,33.53031860226105,1.3685123329907503,44.45015416238438
2008-06-25,9254.997115199692,3.2630296813898325,33.57971664850311,1.3683569459580742,44.50028848003077
2008-06-26,9194.997139406269,3.253512173415549,33.57002097768737,1.3650753289682793,44.45489797215689
2008-06-27,9214.99872999746,3.26250952501905,33.540132080264165,1.3620142240284479,44.700279400558806
2008-06-30,9229.998731286476,3.267508246637909,33.45470692717584,1.3604415123065212,44.95496066988074
2008-07-01,9220.0,3.266497622820919,33.48969889064976,1.3607606973058637,45.10491283676704
2008-07-02,9215.000632671137,3.2740098696697455,33.40503606225484,1.3622042262431986,45.1347589522966
2008-07-03,9210.003147623544,3.264526282656594,33.359773371104815,1.3596474661630469,45.40006295247088
2008-07-04,9212.00306298258,3.2685214727841236,33.46946589241274,1.3627719992342544,45.40999298066493
2008-07-07,9210.497731774329,3.2654782442016486,33.64513449619833,1.364193981215258,45.60028113219603
2008-07-08,9204.99776885319,3.2614904060687193,33.72474023076433,1.3638681710970868,45.785044941671444
2008-07-09,9173.000318167356,3.244479796372892,33.650015908367806,1.3625835189309579,45.3999363665288
2008-07-10,9159.001782531193,3.2505092946269416,33.68983957219252,1.361853832442068,45.52521008403361
2008-07-11,9157.998105462584,3.2440164193242818,33.6608778023366,1.3583201768234923,45.63498579096938
2008-07-14,9151.498706379756,3.230516817063166,33.6499021896889,1.3557771186975451,45.21486716728718
2008-07-15,9140.0,3.219512195121951,33.480925578486556,1.345716072545341,45.43527204502814
2008-07-16,9140.999496475328,3.227530211480363,33.45732628398791,1.349131419939577,45.46513091641491
2008-07-17,9148.003028582245,3.2325067827623193,33.43113130165941,1.3511262540223359,44.56495677960755
2008-07-18,9148.002023267578,3.2444992412746587,33.32764289327264,1.3550834597875572,44.27478502781994
2008-07-21,9151.998991045528,3.2379871358304957,33.33522512296632,1.352062050699962,44.230041619371924
2008-07-22,9147.999246183805,3.237012375149192,33.35008480432188,1.3531000690998176,44.450028268107296
2008-07-23,9141.998602375961,3.2395019376151453,33.412743790102276,1.3640175338288545,43.85490121339178
2008-07-24,9132.002296357721,3.252982075652229,33.45984563373094,1.3618039165656695,44.05498500988709
2008-07-25,9121.99694928181,3.2495868819117835,33.43587136138299,1.360556756069658,43.94495995932376
2008-07-28,9118.499936491808,3.267496507049409,33.44722469198526,1.362441254921885,43.90003810491553
2008-07-29,9122.999044890163,3.2625278573702645,33.4950652658389,1.3640241961158865,44.375039796243236
2008-07-30,9122.996985053564,3.263005965745077,33.49477195458336,1.369170568990955,44.1452306113285
2008-07-31,9094.997117417206,3.2559733521235033,33.519953878675295,1.3678816219332524,44.13554544872206
2008-08-01,9095.999743161681,3.2635161166045976,33.53281109541543,1.3692692949788108,44.22755875176576
2008-08-04,9086.99730181164,3.2680200436849542,33.53012977001156,1.3728639342155982,44.1475009636387
2008-08-05,9078.000903983988,3.271518047394589,33.62497578614322,1.3778653063860014,43.998192032026864
2008-08-06,9072.502907352371,3.276973769220829,33.60511694017315,1.3798940431580309,43.7718051427833
2008-08-07,9100.0,3.284984810290221,33.5925279555297,1.3858186284015257,43.798073815525825
2008-08-08,9170.001326787846,3.3015125381451504,33.679846092609786,1.402613772057848,44.248374684887885
2008-08-11,9175.0,3.317013056221689,33.737676525446304,1.4072741806554756,44.317879030109246
2008-08-12,9170.000670825786,3.3264909103105924,33.69021265177434,1.4106795465217683,44.66358086804857
2008-08-13,9179.99731597665,3.317519962423673,33.685164060927335,1.4044823189961755,44.66214856069248
2008-08-14,9180.49909438519,3.330985443080432,33.725095592674585,1.4076608304823237,44.851412088280675
2008-08-15,9189.999321067282,3.348020911127707,33.859732500509196,1.4152352501867063,45.14902573155
2008-08-18,9190.002720348204,3.332494559303591,33.875136017410235,1.4136289445048966,45.31420021762786
2008-08-19,9188.001635211554,3.3339919602098522,34.09007290318185,1.418409756762281,45.45206786127955
2008-08-20,9159.997285190715,3.3324962671372336,34.144835075335955,1.4136690647482013,45.70381430704493
2008-08-21,9150.999054948023,3.3400837046037535,33.950317267449705,1.4111651140812744,45.46375050627784
2008-08-22,9139.998649378715,3.3400189086980014,33.9552944354403,1.4101836844948679,45.502431118314426
2008-08-25,9159.998645628768,3.3740096160357558,34.09968172276021,1.4168754655651115,45.56782013950024
2008-08-26,9175.00342512673,3.391012467461296,34.24989724619811,1.4244417043430608,46.00630223318262
2008-08-27,9159.998645628768,3.379020789598429,34.04482968781743,1.4162659985101917,45.60167942032912
2008-08-28,9160.002708008937,3.38751607880306,34.099925529754245,1.416085573082391,45.697650802247644
2008-08-29,9150.003393281304,3.3934848998982017,34.24024431625382,1.4147268408551068,45.98574821852732
2008-09-01,9160.002735790986,3.4044866972163326,34.29997948156761,1.423158470692839,46.28274399835853
2008-09-02,9210.00275558005,3.4264949021769087,34.444750620005514,1.432970515293469,46.45219068613944
2008-09-03,9207.000900214667,3.4415206703136905,34.47129700159269,1.4382660480576137,46.54109826189322
2008-09-04,9211.002208724462,3.4275262286029813,34.43056322473771,1.428216454997239,46.57647708448371
2008-09-05,9374.998245244613,3.4584824875412363,34.60518003790271,1.4370042816031443,46.86600687864111
2008-09-08,9299.000984944421,3.4354861404249335,34.52019136063036,1.4271141128464895,46.524553257351904
2008-09-09,9320.001414027149,3.4490243212669682,34.54468325791855,1.4306419683257916,46.70531674208144
2008-09-10,9329.998580956437,3.4594863062296013,34.640272456364414,1.4350787569178376,47.055484603377316
2008-09-11,9425.003588345055,3.4735180134921775,34.77034591646333,1.4455289220611456,47.2369743074494
2008-09-12,9430.001421868334,3.452509597611261,34.68505616379923,1.436726859092848,46.8363429546424
2008-09-15,9450.0035333192,3.45502084658328,34.61027489223376,1.4374955833509997,47.00021199915201
2008-09-16,9455.001051377305,3.4565080255134224,34.255274409476414,1.4305740520081305,47.206840961659765
2008-09-17,9399.999999999998,3.454513498312711,34.33492688413948,1.4356017997750279,47.068335208098986
2008-09-18,9400.0,3.4695214453178878,34.06978347814095,1.4286305337194871,47.027996138463664
2008-09-19,9375.0,3.4615060410227594,34.15987636976679,1.4353048609159875,46.34728856420343
2008-09-22,9290.000686294694,3.4189829112620957,33.90021275135543,1.4188456523231077,46.22194770434424
2008-09-23,9329.99796347838,3.4104948747539203,33.76009775303781,1.4126671644830628,46.33765528477361
2008-09-24,9335.00340367597,3.4225323349217156,34.00476514635807,1.4213750850918991,46.29680054458816
2008-09-25,9372.503401360544,3.4270068027210887,33.91972789115646,1.4214285714285715,46.4421768707483
2008-09-26,9385.0,3.4359972677595634,33.95013661202186,1.4245901639344263,46.59836065573771
2008-09-29,9442.999512161126,3.4474876297999857,34.05533486654122,1.4327130810509443,46.91616140497595
2008-09-30,9430.000699154023,3.4424945815563173,33.89009298748515,1.4290009089002307,47.053065790393624
2008-10-01,9495.667921312408,3.4425111852851367,33.98480221575172,1.4342731340103687,47.3474895248917
2008-10-02,9430.000719269223,3.4465223333093573,34.079695029849674,1.4426382795080197,47.004243688412565
2008-10-03,9429.99855428654,3.467471447159173,34.18967760589851,1.4502674569900247,47.02183027323984
2008-10-06,9590.002933841866,3.4875311720698257,34.40516356168403,1.4625935162094763,47.30086548335044
2008-10-07,9550.0,3.492517605633803,34.52024647887324,1.4633215962441315,47.30046948356808
2008-10-08,9670.999927172092,3.497778748816547,34.369674459252785,1.4655159857257303,47.70227951350958
2008-10-09,9625.003654436485,3.5079666715392483,34.32027481362374,1.4700336208156701,47.30302587341032
2008-10-10,9859.997054274982,3.5124825097577137,34.369983062081154,1.4814051108329036,47.75756683113631
2008-10-13,9820.001466383166,3.5015030427450693,34.24517926534204,1.4695358897279862,47.100227289390716
2008-10-14,9719.99709133217,3.494473531122746,34.054682955206516,1.4595695171611403,47.15677719604421
2008-10-15,9780.0,3.51251376146789,34.13504587155963,1.4695045871559633,47.44954128440367
2008-10-16,9974.998149107869,3.5264677574590957,34.265195824387355,1.4801954542089288,48.100984674613166
2008-10-17,9802.499253954044,3.526484631453297,34.25992241122053,1.4807520143240822,47.90361086242912
2008-10-20,9845.001489868891,3.5219755661501786,34.279648390941595,1.4789183551847438,47.899284862932056
2008-10-21,9845.00151699029,3.5270024271844664,34.36969053398058,1.4811134708737865,48.36165048543689
2008-10-22,9900.0,3.5459783539671417,34.519971969166086,1.4981702094526201,48.547847076228294
2008-10-23,10000.0,3.5735362997658084,34.62997658079625,1.504137392661983,48.68852459016394
2008-10-24,10212.996189266434,3.580978088281994,34.69514131470308,1.5092886630676405,48.817084788821845
2008-10-27,10950.0,3.5809791332263243,34.7752808988764,1.5115569823434991,49.39807383627608
2008-10-28,10800.0,3.5824684655915697,34.92974612805365,1.5059875459045187,49.16972696790676
2008-10-29,10800.000000000002,3.580501174628035,34.8974158183242,1.4975724353954583,48.99765074393109
2008-10-30,10674.99808208669,3.532489451476793,34.81472957422324,1.4684311469121594,48.40046029919448
2008-10-31,10899.999999999998,3.5509916124480676,35.05996707689896,1.4837344203182565,48.74970604374069
2008-11-03,11000.0,3.521525503041647,34.950085790048355,1.4733270940570893,48.51817189206052
2008-11-04,10900.0,3.5275351014040566,34.94461778471139,1.4730889235569422,48.29953198127925
2008-11-05,10988.003108003108,3.525019425019425,34.995337995338,1.4791763791763792,47.94871794871795
2008-11-06,11000.0,3.5434612372748635,34.99530148786218,1.4841816758026625,48.58261550509006
2008-11-07,11100.0,3.551975540921919,34.955315145813735,1.4963938538726873,48.651614926309186
2008-11-10,11000.000000000002,3.547048328291056,34.95461950197813,1.486773718097898,48.48343805755954
2008-11-11,11374.998038754216,3.5854710912371544,34.94469286891033,1.4983133286263435,48.70165529144112
2008-11-12,11550.0,3.5924980047885082,34.97525937749401,1.5075818036711892,48.842777334397454
2008-11-13,11850.003992015969,3.598483033932136,34.99241516966068,1.5122554890219562,49.30139720558883
2008-11-14,11800.0,3.595502958579881,34.97514792899408,1.5181854043392504,49.20710059171597
2008-11-17,11900.0,3.6004739336492895,34.984992101105846,1.5229857819905213,49.296998420221165
2008-11-18,12075.00197581601,3.602465818382992,35.02489528175136,1.5262783529597723,49.79846676677467
2008-11-19,12199.999999999998,3.61002057938895,35.025328478708246,1.527544720595219,49.936678803229384
2008-11-20,12250.0,3.623505023122309,35.14511242226121,1.5289427523520969,50.03986605007176
2008-11-21,12400.0,3.622520234883352,35.234883351848914,1.529677828916045,49.85716552928107
2008-11-24,12550.003914507162,3.6295310420418065,35.285367572222654,1.5174978470210598,49.8864792922571
2008-11-25,12500.000000000002,3.621028803372102,35.23534462571228,1.5180704082429164,49.47310904691282
2008-11-26,12350.00386548125,3.6224971008890603,35.252415925782756,1.5118670274449169,49.122535755701584
2008-11-27,12375.0,3.617519379844961,35.41007751937985,1.511705426356589,48.860465116279066
2008-11-28,12250.003928655615,3.6234776459495563,35.51504675100181,1.5109609491631966,48.95104895104895
2008-12-01,12400.0,3.629520939086295,35.72017766497462,1.5301395939086295,48.95304568527919
2008-12-02,12500.0,3.6395211467275734,35.56509411672048,1.5298889501457036,49.421123099944865
2008-12-03,12100.134674799969,3.6400221817317595,35.58504317515646,1.530143389051731,49.298898835459084
2008-12-04,11925.0,3.63946117274168,35.69492868462757,1.5268621236133122,49.413629160063394
2008-12-05,11650.00394788788,3.6375049348598503,35.66521910777734,1.5245953414923017,49.048559020923804
2008-12-08,11649.999999999998,3.637466936362222,35.55469114672475,1.5092578185778744,48.599657694103
2008-12-09,11050.0,3.6174637794048916,35.444773329179,1.5049852001869448,48.543386820377
2008-12-10,10975.001934235977,3.615009671179884,35.39497098646034,1.5004255319148936,48.332688588007734
2008-12-11,11050.003783579266,3.5670071888006056,35.06999621642073,1.4910329171396142,47.771471812334475
2008-12-12,11300.0,3.582533733133433,35.014992503748125,1.4899550224887557,48.14842578710645
2008-12-15,11190.0,3.5624722427831235,34.880088823094006,1.4744633604737232,47.653589933382676
2008-12-16,11163.00219138057,3.5574872169466762,34.780131482834186,1.4752373995617238,47.59678597516435
2008-12-17,11025.001778220358,3.5304786969201225,34.55508926666193,1.4575005334661073,46.9023401379899
2008-12-18,11050.0,3.462506841817187,34.33497536945813,1.4285714285714286,46.70224411603722
2008-12-19,11075.0,3.4705164992826405,34.50000000000001,1.4583213773314205,46.901004304160686
2008-12-22,11300.0,3.482534001431639,34.55476020042949,1.450035790980673,47.31567644953471
2008-12-23,11175.00357704965,3.470525110888539,34.59507797968236,1.4436972385176705,47.453140649592214
2008-12-24,11224.998214923242,3.479471617279543,34.60478400571224,1.4424134237772221,47.51160299892896
2008-12-29,11100.0,3.4800280308339175,34.99509460406447,1.438822704975473,47.47021723896285
2008-12-30,11000.0,3.47850758972904,34.75528443750887,1.4416938572847213,47.55284437508867
2008-12-31,10950.003592728319,3.452468204354387,34.694977365811596,1.4399655098081483,47.373715599626365
2009-01-02,11100.0,3.4674743978075866,34.76994086254147,1.461488533102553,47.10082215491129
2009-01-05,11100.0,3.4974966867913415,34.94477985569136,1.471580032395818,47.18009129730525
2009-01-06,11000.000000000002,3.5095259525952596,35.06975697569757,1.4790729072907292,46.93219321932193
2009-01-07,10850.00367782273,3.5004781169547625,34.82971680764987,1.4703935270319972,46.45090106656859
2009-01-08,11029.999265623852,3.5405008445325703,34.929867077917315,1.4820445031945364,46.80179187779981
2009-01-09,10988.000584624378,3.5404852382344343,34.839959076293475,1.4799766150248463,47.14995615317158
2009-01-12,11175.003733014782,3.5715245632372703,34.95520382260714,1.4855905629386292,47.551142302523516
2009-01-13,11261.996682250037,3.5784949479716484,34.91026994420148,1.4895189262554667,47.511687528276276
2009-01-14,11127.002201472711,3.5725347301298114,34.91004327032567,1.4927503226296213,47.126698550064525
2009-01-15,11255.001910584639,3.5939625525410777,34.89491784486052,1.4977455101260986,47.39778372181888
2009-01-16,11028.00301431801,3.5774679728711383,34.874905802562175,1.4860587792012057,47.1966842501884
2009-01-19,11090.001517220451,3.5804885449855863,34.924897587619476,1.4939311181914732,47.1324533454711
2009-01-20,11309.002320185617,3.6105181747873165,34.965197215777266,1.5095901005413768,47.50193348801238
2009-01-21,11200.000000000002,3.6164988381099925,34.945003872966694,1.5041053446940358,47.49806351665376
2009-01-22,11250.0,3.6082871226124458,34.91528034504005,1.4963031423290205,47.29667282809611
2009-01-23,11330.003907776474,3.62547870261821,34.91520125048847,1.506994919890582,47.34661977334896
2009-01-26,11330.0,3.6254811393379525,34.895304080061585,1.4989992301770594,47.3518090839107
2009-01-27,11325.003795354487,3.625474419310764,34.89524821618339,1.502960376499165,46.74358585091848
2009-01-28,11325.0,3.5865007541478127,34.88989441930619,1.4984162895927602,46.50829562594269
2009-01-29,11374.99809320418,3.5989627030737554,34.90504156814889,1.5045381740523225,46.80802379681184
2009-01-30,11400.0,3.607521847690387,34.96488764044943,1.5095193508114857,46.551186017478145
2009-02-02,11763.00156739812,3.6155172413793104,34.96786833855799,1.515987460815047,46.88087774294671
2009-02-03,11675.001945676706,3.6195034633045373,34.96536695462682,1.5142034399564168,47.64573118530625
2009-02-04,11750.0,3.626462786706194,34.93368700265252,1.5096738960836324,47.08222811671087
2009-02-05,11662.99789539325,3.614623119494895,34.955959155039366,1.5063527944500743,47.33026736300569
2009-02-06,11775.0,3.5990153172866517,35.025007814942164,1.5030478274460768,47.20225070334479
2009-02-09,11764.998462484626,3.5924815498154983,35.01537515375154,1.4941574415744159,47.00184501845018
2009-02-10,11819.996915246395,3.5890337009331383,34.99730084059536,1.4971851623351586,46.68774581630292
2009-02-11,11850.0,3.6042665017777087,35.0850208687587,1.5085020868758694,46.99335291389704
2009-02-12,11960.001558482038,3.615990025714953,35.11493805033897,1.5104807917088754,47.22200576638354
2009-02-13,11850.003899243547,3.604538719488419,35.07525540045231,1.5077594946580364,47.0638696092958
2009-02-16,11960.0,3.6174696435566003,35.18527222875049,1.517352134743439,47.46572659616138
2009-02-17,12299.999999999998,3.640493905334811,35.265157511476964,1.5256450846921006,47.84707930979896
2009-02-18,12050.0,3.657510320736742,35.365195300095266,1.5292950142902508,47.72149888853604
2009-02-19,12080.0,3.655017709563164,35.56001574183393,1.5260920897284536,47.91027154663518
2009-02-20,12100.0,3.6765149710110396,35.735048844412674,1.5375268048606145,48.25669128742752
2009-02-23,11920.003125488356,3.6554930457884045,35.62509767151118,1.5265666510392248,47.9528051258009
2009-02-24,12000.0,3.6644989422549554,35.70085403118389,1.5284807647104914,48.14698738541096
2009-02-25,12025.001953888237,3.6694802657288,35.774912075029306,1.5266901133255177,48.1516217272372
2009-02-26,12037.998748239712,3.670474104209044,35.94038491628853,1.5359881082772648,48.42747613831951
2009-02-27,11979.998418222081,3.7054729515975957,36.15469788041759,1.5468997152799746,48.702942106928184
2009-03-02,12080.001587805651,3.7280088917116543,36.250396951413144,1.5550174658621785,49.01556049539536
2009-03-03,11994.998018232263,3.7094728497820055,36.14982164090369,1.5497423701942132,48.799048751486325
2009-03-04,12070.0039824771,3.713500597371565,36.0900039824771,1.5486260454002387,48.54639585822382
2009-03-05,12125.00199123855,3.7275189167662286,36.215053763440864,1.5556352050975706,48.522500995619275
2009-03-06,12089.99841997156,3.7174909148364668,36.08389951019118,1.545425817664718,48.37257070627271
2009-03-09,12010.003979307601,3.7174691603660968,36.1599681655392,1.5522483087942698,48.50775964982093
2009-03-10,11944.99726198858,3.692482202925761,36.0048501916608,1.534459829461003,48.25940702495502
2009-03-11,12025.003910527139,3.6964648834662914,35.97215704676991,1.5329266385108713,48.30283122164868
2009-03-12,12069.996870599281,3.6925363792833674,35.97246127366609,1.5297293068377407,48.55265216711
2009-03-13,11975.00193723363,3.70546299883766,35.96512979465324,1.5419604804339404,48.446338628438596
2009-03-16,11950.0,3.6725195522159177,35.815059040024536,1.5313602208250268,48.34381229872719
2009-03-17,12000.0,3.6750115901715343,35.82522021325916,1.53291608715809,48.22284036470406
2009-03-18,11940.0,3.6824828636709825,35.81492764661081,1.5235338918507235,48.34729626808835
2009-03-19,11964.998902786921,3.652476044181113,35.42535293687367,1.5060346719332893,48.1530246507205
2009-03-20,11789.99926193815,3.642482840061997,35.314783378847146,1.5156100081186805,48.239722488744555
2009-03-23,11575.003687859567,3.642203864876826,35.32748192948813,1.5115061218468804,47.986428676795995
2009-03-24,11400.0,3.625527504257052,35.40534537647146,1.5123269415858442,48.09358110609313
2009-03-25,11675.003705350528,3.627982807173559,35.489847339558324,1.5100044464206313,48.080628427449234
2009-03-26,11610.002204747556,3.594399941206732,35.00183728963034,1.4954802675093701,48.159035790402
2009-03-27,11496.998871756301,3.6149680330951486,35.369687852576156,1.5163595336592706,48.19857089131253
2009-03-30,11554.998863033428,3.6807397862502844,35.81975289926476,1.5201243083453349,48.495414234821496
2009-03-31,11700.0,3.6454764051698225,35.48467087466186,1.52043883378419,48.33183047790802
2009-04-01,11680.001509889778,3.647516231315114,35.51487241431376,1.5220443907594743,48.26362675524687
2009-04-02,11480.002986857826,3.597520908004779,35.335274790919954,1.5041069295101555,47.94653524492234
2009-04-03,11458.003724394786,3.5800372439478583,35.415270018621975,1.50487895716946,47.8584729981378
2009-04-06,11325.0,3.556535269709544,35.274896265560166,1.5053349140486072,47.762299940723175
2009-04-07,11374.998113919277,3.5925311203319503,35.477178423236516,1.5136929460580915,47.77819690682762
2009-04-08,11328.002418562468,3.630489003098783,35.43496334366261,1.5164386667674403,47.87242082986925
2009-04-09,11375.001883522942,3.6064943871016353,35.44488811873729,1.515181194906954,47.939425902207496
2009-04-14,10900.000000000002,3.586471828864116,35.39017776438687,1.4992467610726123,47.51431153962037
2009-04-15,10894.99734305018,3.607530554922949,35.495331359599184,1.5038335990283156,47.66567979959007
2009-04-16,10699.999999999998,3.5989693846620185,35.375113670809334,1.4971961200363746,47.5977568960291
2009-04-17,10750.0,3.6164803185786494,35.470209833052536,1.5012253024965536,47.76382294378924
2009-04-20,10739.996915008483,3.6325003856239397,35.57535091778498,1.508715101033472,48.04874286595712
2009-04-21,10875.0,3.644525208784411,35.55985153108568,1.507346118156511,48.48437983297248
2009-04-22,10900.0,3.644473623233181,35.56499575191164,1.5068355603614738,48.68540974743184
2009-04-23,10925.003831417624,3.6225287356321845,35.49501915708812,1.501455938697318,48.4904214559387
2009-04-24,10800.0,3.5854746070133015,35.39525392986699,1.4882859733978235,48.272370012091905
2009-04-27,10824.998095238096,3.5970285714285715,35.44990476190476,1.496152380952381,48.55923809523809
2009-04-28,10880.003078817734,3.627001231527094,35.44488916256158,1.501231527093596,48.86468596059114
2009-04-29,10804.997738579828,3.587516960651289,35.36484245439469,1.485602291572441,48.78109452736318
2009-04-30,10600.0,3.5600000000000005,35.260263653483996,1.4779661016949153,48.15367231638418
2009-05-04,10510.194358315057,3.5314981471678135,35.23028057173107,1.483702639340543,48.07834833245103
2009-05-05,10525.001865254048,3.510035066776095,35.11004998880848,1.4707901216145638,47.78855480116392
2009-05-06,10422.999549617174,3.5334784566881847,35.172646749737275,1.4750788169944453,47.676775258970125
2009-05-07,10395.457606824815,3.524507969767268,34.894858938861034,1.466063009803188,47.25884906083963
2009-05-08,10364.998137802608,3.5170204841713217,34.86033519553072,1.4656238361266294,47.06517690875233
2009-05-11,10398.423456608221,3.516502136437307,34.61028436717253,1.4612494474731104,47.22115809636069
2009-05-12,10356.910034349192,3.512533801067017,34.55528758313235,1.4560403420302563,47.09712782284586
2009-05-13,10346.44351464435,3.5255083314982016,34.529839242457605,1.4639213095500256,47.25537693606401
2009-05-14,10390.15704490157,3.5475189854751896,34.58526874585269,1.4665634446656344,47.70773427707734
2009-05-15,10435.049563544904,3.5494895694629385,34.559846131084484,1.4685604379346058,47.57582482615772
2009-05-18,10379.457536682972,3.554468652734549,34.55980435749222,1.4675411293908405,47.46183488958056
2009-05-19,10245.592124595945,3.5304878048780486,34.410079341757275,1.462973846605936,47.141492800470175
2009-05-20,10294.653031409787,3.5374726077428784,34.45507669831994,1.460482103725347,47.18042366691016
2009-05-21,10373.059327572435,3.529518553481955,34.38530244717159,1.4584997458427131,47.243482680996294
2009-05-22,10227.411966790723,3.4904809619238475,34.3350987689665,1.4426710563985112,46.96034926996851
2009-05-25,10197.494646680942,3.489007851534618,34.38258386866524,1.4454675231977159,46.87651677373305
2009-05-26,10267.220304860512,3.5125107851596202,34.48518838078804,1.452761000862813,47.25409836065574
2009-05-27,10388.554780231638,3.5034889576289476,34.38529602186893,1.4522696208905836,47.261348104452914
2009-05-28,10325.0,3.512485565819862,34.414693995381064,1.4539549653579678,47.27482678983834
2009-05-29,10312.994751028515,3.487515959710597,34.31479642502483,1.4434671584621934,47.18116044829054
2009-06-01,10231.054852320674,3.471518987341772,34.099859353023916,1.438466947960619,46.96132208157525
2009-06-02,10260.696727068409,3.4889731703891,34.11996066863323,1.4384042702626774,47.26155358898722
2009-06-03,10120.69402407264,3.48447948194552,34.04518899134229,1.4402759203209683,47.13662279158161
2009-06-04,10087.293366442002,3.492018446257538,34.15466477474281,1.4473217452997518,47.16637105356509
2009-06-05,9930.697608802991,3.4955209141567325,34.18494745009522,1.4481201946815263,47.27093179092898
2009-06-08,10077.63594403577,3.5214914178566277,34.374729554305496,1.4589643732871773,47.50973604500216
2009-06-09,10076.982591876209,3.5264703775342077,34.19514291854718,1.458342288129522,47.49767175299091
2009-06-10,10005.531130336123,3.495532548574671,34.04481633810807,1.4488015884271734,47.40178698057014
2009-06-11,10129.672847018397,3.507480850454578,34.129858973441195,1.4529314911589948,47.781516214474905
2009-06-12,10096.043987432162,3.5054984290202795,34.11025421308197,1.452299343044844,47.42787774921451
2009-06-15,10173.465703971118,3.528592057761733,34.189891696750905,1.4577617328519856,48.414440433212995
2009-06-16,10224.996400287977,3.5200143988480925,34.10511159107271,1.4566594672426205,48.179265658747305
2009-06-17,10277.131502890174,3.5335260115606935,34.17774566473989,1.459248554913295,48.29841040462428
2009-06-18,10280.73275862069,3.5405172413793107,34.14727011494253,1.4577586206896551,48.36350574712644
2009-06-19,10401.234567901234,3.5360321561871952,34.15518231409705,1.4552110249784669,48.349124318116566
2009-06-22,10458.94790012989,3.540482032039255,34.157165536152405,1.4586520421417233,48.25443786982248
2009-06-23,10510.673916153957,3.547002432393762,34.15510087280011,1.4572900271855773,48.29017026756332
2009-06-24,10381.495473661702,3.5329674246204292,34.135006058878034,1.4542020101218902,48.12459904483569
2009-06-25,10278.895265423243,3.5360114777618366,34.124820659971306,1.4588235294117646,48.14275466284075
2009-06-26,10220.722190692395,3.5324914869466517,34.05008513053348,1.4538166855845631,48.18459137343928
2009-06-29,10268.594394650734,3.53947930004268,34.034713330487975,1.4542609190496516,48.216673780054066
2009-06-30,10207.711900382057,3.5149992924862032,34.059714164426204,1.4462289514645534,48.01542380076411
2009-07-01,10230.795970488081,3.5190124858115777,34.04511918274688,1.44672247446084,47.97318388195233
2009-07-02,10231.63214463663,3.519965833867179,34.094953377464584,1.4504235176880917,48.095238095238095
2009-07-03,10189.756585052466,3.5265186665714894,34.09022771075737,1.4527803554857592,48.02769648083375
2009-07-06,10230.366266100596,3.545009714326833,34.125350795135645,1.4582283946175434,48.26149528675254
2009-07-07,10253.534488907912,3.5484699336614596,34.092303302660675,1.4565946215849916,48.2138526285755
2009-07-08,10249.902884684556,3.562477519602907,34.07524638515215,1.461981152435077,48.23322063160924
2009-07-09,10145.268048606147,3.5639742673338097,34.073624017155105,1.4587562544674768,48.110078627591136
2009-07-10,10196.467880008633,3.577512409179196,34.08531760305014,1.4625566506006764,48.21667505934825
2009-07-13,10239.77817531306,3.6020035778175314,34.15527728085868,1.4656887298747763,48.30626118067978
2009-07-14,10209.641912658137,3.5865199056536343,34.13480094346366,1.458366092488028,48.14666571367307
2009-07-15,10132.500532330187,3.5634892469302293,34.0762296827312,1.4521967492369932,47.90971680034069
2009-07-16,10124.225053078557,3.5714791224345364,34.062278839348906,1.4508846426043878,47.939844302901626
2009-07-17,10177.466288147622,3.565507452093683,34.060326472675655,1.4505322924059616,47.953867991483314
2009-07-20,9990.068228177533,3.541534782302877,34.01491172539917,1.4411619891678977,47.9292396426813
2009-07-21,10055.389158405402,3.5420094213597695,33.99493777684033,1.440694649511355,47.923082331435005
2009-07-22,10088.605454161088,3.5530265661334646,34.015220914664226,1.4431682052004793,47.96349799168487
2009-07-23,10027.458008292922,3.540023894862604,33.98481973434535,1.4410007730690841,48.0891137817134
2009-07-24,9999.536093343642,3.52948618823364,33.964996134111196,1.4400084346664792,48.06846137625641
2009-07-27,9967.201625902306,3.518466605928937,33.96523933001612,1.4398346064895928,48.030695914219635
2009-07-28,9924.23220184131,3.5095228055379852,33.944760699978914,1.4405088200154614,48.02445709466583
2009-07-29,9957.430516165625,3.533465683494044,34.02509926262053,1.4430657969370388,48.113301191151436
2009-07-30,9954.856614246068,3.5314879385184654,34.0546502526151,1.444246780046965,48.10503095424465
2009-07-31,9950.749752440233,3.5224925732069603,34.03027302305843,1.4412929693025889,48.055594850756826
2009-08-03,9902.789624554289,3.5075159057540377,34.015241557715164,1.4341746486751032,48.06124589247012
2009-08-04,9878.086763070078,3.4945077864293665,33.98498331479422,1.4336763070077865,47.8476084538376
2009-08-05,9909.70159611381,3.497501734906315,33.99028452463567,1.4332408049965302,47.86675919500347
2009-08-06,9934.481558803061,3.4904662491301317,33.98260264439805,1.4357689631176063,47.75643702157272
2009-08-07,9966.176777878387,3.5005223932576444,33.975064428501774,1.4367904158250333,47.7516194190987
2009-08-10,9930.573158710042,3.504506407548233,34.02478524151528,1.4412054640191525,47.68976200535136
2009-08-11,9921.050402371875,3.5105181420302127,34.04489623041084,1.446350416490188,47.71706903854299
2009-08-12,9994.855328158079,3.530486944248412,34.06986591390261,1.4473535638673252,48.06069160197601
2009-08-13,9952.49422794375,3.5085006646610233,34.047435807738054,1.441194990554817,47.92205974952774
2009-08-14,9967.091087169441,3.5174898558835874,34.02476563593116,1.4431229886665735,48.05862599692178
2009-08-17,10033.442296759522,3.542495736213758,34.07475838544628,1.452103467879477,48.376918703808975
2009-08-18,10022.693425998157,3.53747961137508,34.055031558045535,1.450251755194667,48.25686121551663
2009-08-19,10130.661848072561,3.546485260770975,34.0547052154195,1.4522392290249433,48.49914965986394
2009-08-20,10058.899108333919,3.5265042477006254,34.0251351541108,1.4475180790563786,48.419574527838236
2009-08-21,10015.69434752268,3.5210048848569437,34.03000697836706,1.4389392882065595,48.41451500348918
2009-08-24,10005.697130489423,3.509530126370174,34.01033303078964,1.4405501640717726,48.36975493960763
2009-08-25,10024.643954202736,3.519477799497347,34.014939960904776,1.4419854789165039,48.38034068695895
2009-08-26,10095.739313244569,3.5239663629992988,34.00490539593553,1.4433777154870355,48.73370707778557
2009-08-27,10167.486683487523,3.5335015419119706,34.02509111298009,1.443650126156434,48.874404261283985
2009-08-28,10049.651907546644,3.521512113617377,34.01629072681704,1.4391534391534393,48.79699248120301
2009-08-31,10082.78447309417,3.521510650224215,34.005044843049326,1.4435257847533631,48.81376121076233
2009-09-01,10114.216850635741,3.5269666061198826,34.01215593125612,1.4422243956965208,48.744585720273854
2009-09-02,10162.137834036568,3.5395218002812943,34.05485232067511,1.4434599156118144,48.898734177215196
2009-09-03,10110.247645622603,3.5280083711196375,34.054412277642136,1.4384373910010462,48.70875479595396
2009-09-04,10115.243303884448,3.5255223671294353,34.07446360959192,1.4385780395456458,48.61660356191278
2009-09-07,10060.872295882762,3.5150034891835307,34.04326587578507,1.4330774598743892,48.623168178646196
2009-09-08,9989.995163407724,3.5019691839977884,34.02473571477924,1.4263801561528362,48.351412975886134
2009-09-09,9924.156452279301,3.496488087040353,34.01528715053023,1.4252857733094615,48.407244181242255
2009-09-10,9935.641113784806,3.493984187005844,34.01512547267102,1.4264008250257822,48.362323822619466
2009-09-11,9913.978347265998,3.492531177196108,33.95505002055639,1.421954227764835,48.326709606687686
2009-09-14,9954.934413845203,3.5080008241192226,33.95233843829408,1.4251081656479638,48.495295652771105
2009-09-15,9925.473957976867,3.502498117856409,33.89501060844569,1.423311203887482,48.33481623434398
2009-09-16,9689.768931906483,3.4810169722581965,33.755026923863404,1.4122418376388792,48.048531115806696
2009-09-17,9696.689777052747,3.470500271886895,33.71533442088091,1.4159869494290376,47.74809679173464
2009-09-18,9699.782386943218,3.4799727983679025,33.704862291737506,1.41468888133288,47.70010200612037
2009-09-21,9700.327466230045,3.4800109155410017,33.72492836676218,1.4182016646200029,47.689316414244786
2009-09-22,9686.637347767253,3.479972936400541,33.61772665764546,1.4115696887686062,47.52232746955345
2009-09-23,9701.332611783806,3.4654670905770146,33.55475884461882,1.4123655550294256,47.440303050801596
2009-09-24,9654.130552546047,3.4635021668472374,33.54482665222102,1.4117686890574217,47.304306608884076
2009-09-25,9655.323790047716,3.4710293115201085,33.59509202453987,1.4169734151329243,47.315610088616225
2009-09-28,9730.662116040956,3.48,33.580204778157,1.4191808873720135,47.616382252559724
2009-09-29,9724.998281668843,3.4855316516599077,33.61468142140353,1.4187229362842806,47.59089971819368
2009-09-30,9649.682442122517,3.4609711124769516,33.45489312299392,1.410503312162808,47.338660110633064
2009-10-01,9625.60698810097,3.465988032189284,33.49473829011624,1.4128894697021803,47.05550588073458
2009-10-02,9645.325720575083,3.479466189722776,33.46976680195364,1.4159042443420238,47.03033638302263
2009-10-05,9549.137931034484,3.4605227148330595,33.46469622331691,1.4111247947454844,46.70019157088123
2009-10-06,9415.30362722456,3.434995245211249,33.345333514468145,1.402187202825703,46.591495720690126
2009-10-07,9427.73240778549,3.4175173540220496,33.37484687627603,1.4007077718796785,46.59997277800463
2009-10-08,9433.773623247307,3.3909774436090228,33.315044367675945,1.3908419697893384,46.46142382984488
2009-10-09,9454.610169491525,3.398033898305085,33.31525423728814,1.3921355932203388,46.459661016949156
2009-10-12,9490.077886894684,3.4000000000000004,33.33491364713851,1.3974263460887233,46.58719945817813
2009-10-13,9445.546286329387,3.3914827771797635,33.29520990312164,1.396192142088267,46.45788482238967
2009-10-14,9368.375781197501,3.370472414488274,33.40501310395807,1.3927155433102614,46.44849136482764
2009-10-15,9341.20694294941,3.358517222820237,33.4997308934338,1.392491926803014,46.31996770721205
2009-10-16,9398.130338287712,3.3715111977940677,33.444750823861725,1.396327930593853,46.66352814580671
2009-10-19,9399.396701970774,3.3745140099209006,33.37980962595522,1.3922107521115432,46.67113554095723
2009-10-20,9395.437846503239,3.364504709104268,33.4099258566562,1.3902878899205129,46.676908690134255
2009-10-21,9428.27558474633,3.377521613832853,33.444809329133435,1.3962200924870987,46.909724549292946
2009-10-22,9568.406666666668,3.3985333333333334,33.455333333333336,1.3964666666666667,47.06
2009-10-23,9435.0,3.382490013315579,33.42476697736352,1.3933422103861517,46.98002663115845
2009-10-26,9493.967640988081,3.37951927558426,33.385045608895396,1.3934349823556829,46.99047872694587
2009-10-27,9585.639370713998,3.402514454753261,33.43485276321097,1.3975393303751513,47.26906010488101
2009-10-28,9659.966181941158,3.421981738248225,33.454852891444034,1.4010145417653028,47.473114643219475
2009-10-29,9594.346767649447,3.425006762239654,33.47241006221261,1.3981606708141738,47.737354611847444
2009-10-30,9581.581081081082,3.4125000000000005,33.435135135135134,1.3983108108108109,47.622297297297294
2009-11-02,9559.76848090983,3.4264825345247765,33.43487679393447,1.399201191443271,47.712564310858376
2009-11-03,9644.965206713057,3.4304816482466913,33.47591758766544,1.4016236867239733,47.752080775003414
2009-11-04,9509.640268274508,3.4184675834970535,33.4252421922634,1.396788835444753,47.5286227220378
2009-11-05,9508.683661801306,3.4214703706194936,33.425035313109575,1.39503598574023,47.613506423622795
2009-11-06,9460.092854259185,3.4014937424303593,33.3750504642713,1.392679316377338,47.20024222850222
2009-11-09,9410.104111051789,3.38027229044314,33.31286705819541,1.386412172984517,46.89735718099306
2009-11-10,9414.385941467326,3.3850060136308966,33.31217426165976,1.389015100895363,46.89696645730323
2009-11-11,9394.373877768172,3.37647137061914,33.28522976657578,1.3865132672740574,46.72208552237813
2009-11-12,9426.578206674709,3.3819863289103336,33.31523924406916,1.3882857525800831,46.867041951481035
2009-11-13,9372.69975786925,3.375504439063761,33.282216841538876,1.3865348399246706,46.67002959375841
2009-11-16,9395.302372201804,3.367524223187438,33.20414300033411,1.3854326762445708,46.57801536919479
2009-11-17,9403.300840336135,3.3675294117647057,33.199999999999996,1.3870252100840337,46.70319327731092
2009-11-18,9413.017316306745,3.3659824831182728,33.15771879387578,1.3834325065186868,46.76338838002273
2009-11-19,9559.35544641055,3.390970867254256,33.20325640853125,1.3902980555742446,47.07865168539326
2009-11-20,9467.829902126223,3.3854876814039825,33.25008437394532,1.3902126223422206,47.10023624704691
2009-11-23,9459.680652057723,3.3754676643506145,33.21753073222876,1.384420096205238,46.89470871191876
2009-11-24,9516.747945754561,3.388001870532434,33.23268087380587,1.3853964860712138,47.06259603179905
2009-11-25,9393.416429092356,3.3714778227143145,33.13531790757807,1.3803619969502088,46.72014851156932
2009-11-26,9444.151018512375,3.3884944595580913,33.157056598765834,1.3819255523853757,46.8104306283591
2009-11-27,9534.863922777853,3.39100415605309,33.2249631317871,1.3879206327925995,47.20002681324574
2009-11-30,9467.243559874858,3.392531451773946,33.24968381814551,1.3838114890501232,47.20628369832924
2009-12-01,9453.761443545176,3.3782672150723094,33.19291495289903,1.3813188271195433,46.85683959134934
2009-12-02,9435.58648111332,3.376474486414845,33.15506958250497,1.380384360503645,46.51027170311465
2009-12-03,9423.90873015873,3.3705026455026452,33.11772486772487,1.3788359788359787,46.24867724867725
2009-12-04,9415.244226174675,3.3804751791876826,33.11786567560393,1.3809397398460315,46.000132731616674
2009-12-07,9445.188341110435,3.3975113275174142,33.15479813349564,1.3923040508554814,46.104010279299395
2009-12-08,9506.958169757681,3.3944767835386487,33.18532557195072,1.3923108162989033,46.05726275890077
2009-12-09,9463.278710725896,3.3984967497291447,33.17510834236187,1.3898970747562298,46.32313109425785
2009-12-10,9440.332654446707,3.3974881194840463,33.124915139171755,1.3898845892735912,46.21520706042091
2009-12-11,9443.687741410855,3.399471437284001,33.11513180185675,1.388832418513248,46.13539337263671
2009-12-14,9469.932409367108,3.4095036526251112,33.13511299242166,1.3922987642520652,46.08520516146652
2009-12-15,9475.029227700983,3.413520390619627,33.160030259266904,1.3948834330513722,46.191458634206725
2009-12-16,9483.660714285714,3.4245192307692314,33.18475274725275,1.3957417582417584,46.25274725274725
2009-12-17,9512.647284389599,3.4374956424736807,33.22526668061075,1.4031931952868997,46.60949592135537
2009-12-18,9505.328869359002,3.437469484550464,33.225221454976634,1.4021064378879824,46.605287019599636
2009-12-21,9503.466035634743,3.4347856347438754,33.23079064587973,1.4027700445434297,46.684994432071264
2009-12-22,9484.697807969747,3.438616149590308,33.260032215141116,1.4059808109811613,46.49415225155823
2009-12-23,9508.587839731017,3.4375175119080974,33.3447744466237,1.410899411599888,46.51372933594845
2009-12-24,9478.156688428948,3.429990276427282,33.34490901514099,1.4045700791776636,46.51271009862481
2009-12-28,9451.787573759111,3.4299895869489765,33.39326622700452,1.4061784102742103,46.32766400555363
2009-12-29,9439.749185893437,3.432481119656343,33.34026189981292,1.402688283794083,46.21353841890113
2009-12-30,9423.580694657554,3.4260008369368116,33.3449574557121,1.404658948249407,46.18914771934719
2009-12-31,9458.649173955295,3.423990004164931,33.30973205608774,1.4017770373455505,46.16618075801749
2010-01-04,9411.779831815971,3.397525887830982,33.205226214469384,1.3987073458892207,45.937869205643196
2010-01-05,9337.418640077552,3.3874809583160226,33.14083921894475,1.3946821769837974,45.91538568065366
2010-01-06,9321.644599303136,3.3809756097560975,33.15749128919861,1.3957491289198605,46.00487804878048
2010-01-07,9273.916387024608,3.3714345637583896,33.164848993288594,1.397720917225951,45.83263422818792
2010-01-08,9298.500665592377,3.377495971414559,33.15981223288727,1.3989350521964548,45.81097176487073
2010-01-11,9152.085627753304,3.3365225770925107,33.04515418502203,1.3878716960352424,45.58025881057268
2010-01-12,9171.424625371175,3.343967958013949,33.035701954284924,1.3903045369794904,45.650162281610385
2010-01-13,9149.254961203049,3.3487605575774224,33.02753553526059,1.3876948430955163,45.856622948568294
2010-01-14,9165.428689769433,3.3395002070965067,32.887615628883054,1.387408532376087,45.75176032030926
2010-01-15,9214.978433282316,3.3395018783915402,32.867677751495755,1.3902880200361765,45.823709475441774
2010-01-18,9233.975920384159,3.3414990604774166,32.849885169462034,1.3894495093604287,45.90228965133272
2010-01-19,9289.390013306254,3.3395195741998744,32.88745710483928,1.3916240633097556,45.85265074585055
2010-01-20,9335.699122558732,3.3644919332012453,32.9542881403906,1.3984574016416642,46.07911123690914
2010-01-21,9333.759954493742,3.377488623435722,33.00483503981797,1.4025170648464163,45.993316268486915
2010-01-22,9348.440042447824,3.398019101521047,33.03006720905554,1.403537318712416,46.18323310930315
2010-01-25,9336.379054483781,3.3994770687583915,32.96516147268744,1.3999010670623984,46.2370150519398
2010-01-26,9403.599574014908,3.4225062122825696,33.04792332268371,1.4043308484203052,46.59211927582534
2010-01-27,9424.026435474701,3.4222569641841956,33.03510517339397,1.4042779988629903,46.68988061398522
2010-01-28,9322.230159297094,3.4087434816772624,33.08522037288378,1.4017429816415459,46.59761411529395
2010-01-29,9359.32264069884,3.4109981383359584,33.174853214950595,1.4040526994128597,46.485751109838176
2010-02-01,9397.44124200388,3.4147200460001437,33.18982246819521,1.4123481635880113,46.626176956802986
2010-02-02,9354.258448733588,3.415512664131449,33.13984358183253,1.4092702877233265,46.37870416875942
2010-02-03,9287.32837528604,3.399528032036613,33.034897025171624,1.4089673913043477,46.09124713958809
2010-02-04,9346.782696612985,3.42102982595508,33.080089550083045,1.4152524012421464,46.17967790857225
2010-02-05,9450.164341538237,3.4440143159739978,33.21013804689212,1.4224673142940618,46.56343583375941
2010-02-08,9405.30895795247,3.4415356489945155,33.189762340036566,1.4223034734917734,46.58500914076782
2010-02-09,9359.077034883721,3.432776162790698,33.17514534883721,1.417950581395349,46.39244186046512
2010-02-10,9367.787481804948,3.4315138282387188,33.17030567685589,1.4179767103347887,46.43377001455603
2010-02-11,9367.947222627206,3.427467560868932,33.16518442921709,1.4125236915002188,46.21956553433446
2010-02-12,9338.793103448277,3.4204980842911876,33.205128205128204,1.4145299145299146,46.25626289419393
2010-02-15,9349.99632542074,3.4253692952156976,33.18512530315279,1.4112589108547071,46.27985595649298
2010-02-16,9313.971719539893,3.4253791486555794,33.2038977214448,1.4070627884826727,46.10887244486776
2010-02-17,9281.349264170187,3.3887512749526443,33.145126038175725,1.4034678711933555,45.979892175433484
2010-02-18,9315.375543598437,3.400751824279502,33.17535195695437,1.407975234023734,46.171592835556865
2010-02-19,9335.342850802574,3.413492122198387,33.17479103483985,1.4146756416894741,46.2682151046675
2010-02-22,9296.433289299868,3.401511815646558,33.14105386760605,1.4081902245706737,46.15441068545428
2010-02-23,9299.337114237313,3.392502025484275,33.07505339913089,1.4086322457096563,46.0455181557045
2010-02-24,9313.323983169705,3.403484166236067,33.035358381929576,1.4098324352255112,46.15929726138628
2010-02-25,9347.84639335755,3.406775891467121,33.1151308473571,1.4107050189042925,46.276225072281115
2010-02-26,9323.537214443626,3.4027266028002945,33.06484893146647,1.4067796610169492,46.128224023581424
2010-03-01,9256.709796672829,3.384473197781885,32.88280961182994,1.406728280961183,46.12125693160813
2010-03-02,9300.346914673753,3.380277531739002,32.73250664304694,1.4035281960436965,46.08429288455861
2010-03-03,9269.44505534785,3.37248002345869,32.68528700241917,1.4004838354959315,46.01202257898981
2010-03-04,9267.844600526778,3.371012584138133,32.635352648522094,1.398083113842552,46.09452736318408
2010-03-05,9234.663525254013,3.3640111912825796,32.624797526137534,1.3992048299219555,46.04697393609188
2010-03-08,9186.407553798857,3.336993119601815,32.67749963402137,1.39877031181379,45.82345191040843
2010-03-09,9210.983255882571,3.3415209854687618,32.73511838902412,1.4007523788448772,45.7586486685845
2010-03-10,9172.667156502572,3.3210139603232918,32.703894195444526,1.398677443056576,45.6487876561352
2010-03-11,9183.75924434356,3.3185179761294576,32.695321080764444,1.3981840814234459,45.71575016475068
2010-03-12,9130.65746458409,3.3070105339629494,32.54631311296767,1.3932437341082455,45.663639665819105
2010-03-15,9168.974826705582,3.3204669828529734,32.5939438161255,1.3970083910981395,45.7168916453849
2010-03-16,9168.170225169422,3.3183706186693867,32.42512570137725,1.3958318152007578,45.71886613714202
2010-03-17,9132.334981099157,3.295289328293109,32.324076766501896,1.3932102355335856,45.58810700785112
2010-03-18,9138.667642752562,3.304612005856515,32.289897510980964,1.3938506588579793,45.69253294289897
2010-03-19,9106.008266902863,3.303291998819014,32.27856510186005,1.3954827280779452,45.54030115146147
2010-03-22,9128.193898003117,3.3224704921683617,32.359884195679605,1.4047212530621336,45.67589636997996
2010-03-23,9119.676011539314,3.3194762926251937,32.32487610030328,1.4015829573193284,45.58917079665655
2010-03-24,9132.0587794272,3.317513870145449,32.36467236467236,1.4049332733543258,45.54355975408607
2010-03-25,9114.345612458821,3.317011081162025,32.38993710691824,1.4049865229110514,45.60197663971249
2010-03-26,9113.659851718714,3.306522878753838,32.41518759829252,1.40462817344417,45.5096233056242
2010-03-29,9086.318758815232,3.2664984039789173,32.35765718951822,1.3989310370425359,45.30398634102888
2010-03-30,9080.010384215992,3.2685061563566236,32.33496513870345,1.399124758937843,45.28704939919893
2010-03-31,9071.340603902367,3.2619630536389934,32.345129460642475,1.399361970472587,45.19623117441947
2010-04-01,9095.55242055242,3.2584645084645083,32.37971487971488,1.3978318978318978,45.172260172260174
2010-04-06,9051.940877873993,3.2125261272021497,32.375335921170496,1.3975067184234102,44.931322782920276
2010-04-07,9052.226386806597,3.211469265367316,32.38980509745127,1.395727136431784,44.80209895052474
2010-04-08,9070.96119133574,3.2024669073405536,32.277376654632974,1.3959837545126355,44.94885679903731
2010-04-09,9034.339509862522,3.190002988643156,32.239988045427374,1.3917364016736402,44.6690077704722
2010-04-12,9015.67905778432,3.206477732793522,32.36584468163416,1.3910931174089067,44.737578211262424
2010-04-13,9032.997128763896,3.2227784730913642,32.35514981962748,1.3926231318559963,44.67790620628727
2010-04-14,9003.033419023137,3.2005141388174807,32.26000734484025,1.3759823723834006,44.520749173705475
2010-04-15,9007.996160661547,3.1890135853514474,32.24970466627289,1.3741878322504428,44.353219137625516
2010-04-16,9009.892870336165,3.190025858884374,32.24528998891762,1.3718507572958996,44.38123383819727
2010-04-19,9049.486301369863,3.217986896962478,32.29526503871352,1.381328171530673,44.625521143537824
2010-04-20,9002.839982203766,3.2039893222601217,32.162242325374464,1.3755746700281772,44.56028473973009
2010-04-21,9010.334255589622,3.1959919240260226,32.19995513347791,1.373364241381889,44.371494802961195
2010-04-22,9014.836194617286,3.1989654396881324,32.20481295449434,1.3727415848264486,44.34665267261414
2010-04-23,9010.33731500263,3.188265344451957,32.214709638644734,1.371797761250094,44.328750657351065
2010-04-26,9008.858193829292,3.1834697094812703,32.23481720591547,1.3677651827940844,44.22941220629082
2010-04-27,9007.027840481565,3.1875094055680964,32.245297215951844,1.3698269375470278,44.42287434161023
2010-04-28,9044.492261230653,3.217516043790109,32.345035862589654,1.3739524348810872,44.800302000755
2010-04-29,9013.518406759204,3.1925165962582986,32.28500301750151,1.368814121907061,44.64846107423054
2010-04-30,9009.793466015773,3.1845287269996243,32.355238452872705,1.3681562147953437,44.45212166729253
2010-05-03,9027.26242634839,3.2094727300196406,32.39159993956791,1.3722616709472728,44.63211965553709
2010-05-04,9026.037130414852,3.2124684849873937,32.265260906104366,1.3761173504469402,44.64588585835434
2010-05-05,9145.125348189415,3.23050139275766,32.33519034354689,1.3853296193129063,45.01547508511297
2010-05-06,9184.081087451874,3.2574840889447634,32.354836175060896,1.3919226840575156,45.390901233597866
2010-05-07,9224.462576494587,3.274517495684921,32.332496469480624,1.3947120665306765,45.55389926251373
2010-05-10,9077.153211504357,3.200478063073483,32.29007633587786,1.3790577531035546,45.36972781247591
2010-05-11,9094.644825956842,3.212474405418176,32.34525122066467,1.3865963143802174,45.00708773035123
2010-05-12,9124.798991013717,3.2074728046665615,32.30017341951758,1.3798675705502128,45.04177833832571
2010-05-13,9103.916739493128,3.188527846190514,32.32462064034321,1.3807102566139668,44.79939620243108
2010-05-14,9128.930515529939,3.1925232148575087,32.38472622478386,1.382724943964137,44.76785142491194
2010-05-17,9128.893027775528,3.2274678111587978,32.43582476313871,1.3897481577455664,45.19718195805328
2010-05-18,9130.374959768265,3.2129868039909883,32.33504988735115,1.386144190537496,45.239781139362734
2010-05-19,9192.379788101058,3.252485737571312,32.355338223308884,1.3966585167074164,45.76365118174409
2010-05-20,9159.631911788552,3.2754986216961246,32.37473650072969,1.4098427112047995,45.98670342143668
2010-05-21,9265.37569016564,3.321037048891734,32.434984396255096,1.4083380011202689,46.49995999039769
2010-05-24,9261.124595469255,3.3194983818770227,32.45307443365696,1.4084142394822006,46.55906148867314
2010-05-25,9349.61956966375,3.364476806021435,32.520657776323326,1.4190460607052278,47.11691074204369
2010-05-26,9259.265578032333,3.316516370135673,32.539605166951006,1.4062068405231944,46.71053700544317
2010-05-27,9266.88698490412,3.2944920440636474,32.56466748266014,1.4050591595267237,46.47164422684619
2010-05-28,9195.373062015504,3.2930394056847545,32.56459948320414,1.3979328165374678,46.122416020671835
2010-05-31,9162.379133826278,3.261477208092955,32.55870642723654,1.399609978061266,46.24847647680183
2010-06-01,9255.368161250513,3.3075277663512956,32.584944467297404,1.4144796380090499,46.65487453722748
2010-06-02,9260.869209363234,3.293010312653462,32.589621869373055,1.4102144377148471,46.72532329350139
2010-06-03,9191.962830127162,3.265487447016629,32.579882621454196,1.4038963156178677,46.33681121617216
2010-06-04,9183.424543946932,3.2755389718076287,32.610281923714766,1.4092039800995027,46.30182421227198
2010-06-07,9303.838113554644,3.3324692700058534,32.64988711430722,1.4169244920143824,46.83501965047245
2010-06-08,9311.170658181209,3.3274995813096635,32.61765198459219,1.4161781946072687,46.66303801708257
2010-06-09,9252.1898417985,3.318484596169858,32.580349708576186,1.4127393838467943,46.58368026644463
2010-06-10,9239.003735990038,3.2986301369863016,32.51971772519718,1.4107098381070986,46.692403486924036
2010-06-11,9184.62109342789,3.2834996289271876,32.46474808279047,1.4017481652510928,46.636431104147775
2010-06-14,9096.628296187442,3.2525104090129804,32.4050942934117,1.3956241325822516,46.43726018450485
2010-06-15,9188.374938815468,3.266111926904878,32.393538913362704,1.3958231359112416,46.54348180779898
2010-06-16,9167.37802394722,3.262034699030708,32.41508511851429,1.3961879938095625,46.23279302761261
2010-06-17,9124.848337782092,3.2544689800210307,32.404756127153604,1.3916525115263285,46.187818490657605
2010-06-18,9156.854186873585,3.2509699321047525,32.404623343032654,1.3878111865502747,45.896378920142254
2010-06-21,9009.426196432894,3.1865063352433216,32.29037204422565,1.3755144863207165,45.476555564522634
2010-06-22,9023.935389133629,3.214472181432534,32.32990699951053,1.3823625387502039,45.68281938325991
2010-06-23,9053.646809550974,3.2360035856898377,32.37714937657892,1.3905957134707847,46.04840681281069
2010-06-24,9061.482629261132,3.2355243842766273,32.424563692709185,1.3934105366171914,46.35703800358833
2010-06-25,9071.189197982756,3.2489832438587927,32.405238327639495,1.3919798275581585,46.45355457946966
2010-06-28,9030.391441769998,3.2210065645514225,32.36972201961261,1.387389577761569,46.38949671772429
2010-06-29,9061.050991965896,3.2539760616494506,32.43482538121003,1.3998196425643548,46.40842761108379
2010-06-30,9063.523755195176,3.237714937657892,32.40730176839703,1.3984190367533207,46.34748594246597
2010-07-01,9053.341985723557,3.234020116807268,32.41969500324465,1.397225827384815,46.48036988968203
2010-07-02,9064.84698756774,3.2249760918074597,32.412336627350975,1.3933694612687282,46.52932738284986
2010-07-05,9062.8601069348,3.208522863299018,32.42997366531003,1.3936637139893064,46.4551911260075
2010-07-06,9066.77796327212,3.2055012322124172,32.42467604738055,1.389458621512044,46.397169886318466
2010-07-07,9078.363969125488,3.2194636747035887,32.48030556218668,1.3909445372801783,46.560038195273336
2010-07-08,9063.388625592417,3.202527646129542,32.42969984202212,1.3815955766192733,46.42575039494471
2010-07-09,9044.330141647542,3.1955369154071374,32.339954103030784,1.380786579093139,46.181055630292
2010-07-12,9053.977091950364,3.2040248170537704,32.37511931275851,1.382437161947184,46.275851097677375
2010-07-13,9056.0426446018,3.2024822977166045,32.36773012968415,1.3809372265096667,46.44442676426128
2010-07-14,9044.682358497992,3.1975123986459892,32.31520113359049,1.3758954577658822,46.253640872234904
2010-07-15,9036.092921733707,3.201980043654506,32.25522294979732,1.3739476145930776,46.30885562831307
2010-07-16,9044.36923076923,3.2055384615384614,32.22538461538461,1.3763846153846153,46.29
2010-07-19,9061.418538241876,3.224974917033264,32.28525121555916,1.3784826734583622,46.422783051632315
2010-07-20,9083.213952039863,3.2124727499221426,32.30224229212083,1.376518218623482,46.44736842105263
2010-07-21,9060.731840524302,3.216431302176796,32.290707653897165,1.3737223999375827,46.46719201061091
2010-07-22,9054.194552529183,3.206536964980545,32.284824902723734,1.373385214007782,46.502723735408566
2010-07-23,9047.220283786928,3.197487787857641,32.237729704582456,1.3710165154687135,46.30146545708304
2010-07-26,9032.147552393473,3.1975098600262934,32.21483257288686,1.3657103085608229,46.14260304694146
2010-07-27,9015.767666692243,3.1845315736975377,32.19980050640682,1.360469577227039,45.78838333461214
2010-07-28,9001.639470443351,3.1915024630541873,32.25523399014779,1.3654556650246306,45.81742610837439
2010-07-29,8968.184252811998,3.190986303466218,32.24730277756523,1.3620016833728672,45.7028081720101
2010-07-30,8940.044519496469,3.180994780472828,32.2750997850783,1.3611452256677925,45.550353085661655
2010-08-02,8940.105561080089,3.1614778551212424,32.21525281113746,1.3542415665876235,45.294882582421785
2010-08-03,8937.266470009832,3.1595189471295666,32.16776340670146,1.3509568111338022,45.12064140382724
2010-08-04,8957.276995305165,3.169468423443889,32.14826593972437,1.3524155686809027,45.238527941844616
2010-08-05,8932.50151699029,3.1574635922330097,32.09496359223301,1.352320995145631,45.025030339805824
2010-08-06,8942.896174863386,3.1470097146326648,32.07270795385549,1.351168791742562,44.892987249544625
2010-08-09,8932.837848034409,3.142986493624085,31.97011997283634,1.347166679242436,44.92869538972308
2010-08-10,8958.866976319197,3.150993680042641,31.965278306556005,1.3558212137363894,44.91509936800427
2010-08-11,8984.311616472034,3.172019053472649,31.925322679778734,1.359941610325753,45.218192993239086
2010-08-12,9018.209538702113,3.1849882720875686,31.949960906958562,1.3628616106333074,45.465207193119625
2010-08-13,8978.904601922026,3.1685287913118207,31.885303539339013,1.3622157981092273,45.38635830924291
2010-08-16,8981.09984399376,3.1815132605304215,31.81513260530421,1.3622464898595943,45.453978159126365
2010-08-17,8962.884914463453,3.1590202177293936,31.72317262830482,1.3548989113530325,45.14385692068429
2010-08-18,8965.628881987577,3.1454968944099377,31.614906832298136,1.348524844720497,45.08385093167701
2010-08-19,8968.198815830476,3.124571517606731,31.55500155811779,1.3511218448114677,44.93300093487068
2010-08-20,8969.018959955945,3.142081661552986,31.523090236802773,1.3589804106679255,45.06962473448195
2010-08-23,8977.818010075567,3.1291719143576824,31.47512594458438,1.3553211586901763,45.04565491183879
2010-08-24,8985.46507017683,3.147173102846721,31.535167710728725,1.3632543018000158,45.524542066449925
2010-08-25,8982.470466978513,3.143582018552287,31.48735431697455,1.3612146198366764,45.27471656227701
2010-08-26,8982.93547624675,3.1418892302844084,31.352714094382726,1.356889624202316,45.166627274875914
2010-08-27,9047.274443483047,3.146149610634783,31.338000471957837,1.3572720836938565,45.20569495791709
2010-08-30,9018.0,3.137795275590551,31.2748031496063,1.3535433070866143,45.10393700787401
2010-08-31,9047.17665615142,3.149526813880126,31.285488958990538,1.3559148264984227,45.31230283911672
2010-09-01,8993.4140625,3.1286718749999998,31.174218749999998,1.349765625,45.109375
2010-09-02,9007.434857232016,3.125292557341239,31.16476829458574,1.3466999531908252,44.90404119207364
2010-09-03,9002.220663861617,3.1194483403459556,31.184354059529372,1.3458002181704847,44.63923952002493
2010-09-06,8989.171974522293,3.1145720055926667,31.150380612086373,1.3453472114338976,44.382476308839514
2010-09-07,9018.934400502198,3.126961707470182,31.183301946013813,1.348006905210295,44.561362209667294
2010-09-08,8993.526029770812,3.110104749153343,31.03489013152713,1.3448058596518861,44.340395368984794
2010-09-09,8957.923712151001,3.1104994101454975,30.86118757373181,1.3417223751474636,44.11718442784113
2010-09-10,8946.090373280944,3.107111984282908,30.777996070726914,1.340196463654224,43.96856581532417
2010-09-13,8933.200531208498,3.102023279431294,30.745254277009607,1.3388016561206155,44.146551050699166
2010-09-14,8964.52140077821,3.1077821011673152,30.810116731517514,1.3381322957198445,44.39766536964981
2010-09-15,8972.238047578721,3.1174840249441833,30.849949957656477,1.337670336438525,44.27592578335515
2010-09-16,8961.026150787582,3.106744150481725,30.795228628230614,1.3361370240097874,44.24988530356323
2010-09-17,8969.004594180704,3.101990811638591,30.74502297090352,1.3355283307810106,44.18070444104135
2010-09-20,8977.810922441487,3.1030289123451125,30.750344194584677,1.3334863087042987,44.038549793483256
2010-09-21,8964.03963414634,3.1009908536585367,30.744664634146343,1.3319359756097562,43.912347560975604
2010-09-22,8947.029332535169,3.0909907213409156,30.64576474109548,1.3257258305896438,43.85737803052978
2010-09-23,8962.636042933273,3.0954739923440666,30.715304360879678,1.3288298431284244,44.118441792389106
2010-09-24,8954.831494184313,3.092976439009842,30.685207277065317,1.3240381747688639,43.8808529674918
2010-09-27,8947.102470876309,3.091044000890406,30.5646657267938,1.3212139200118722,43.89552571046969
2010-09-28,8955.995542347697,3.0884101040118868,30.580980683506684,1.3208023774145616,44.026745913818715
2010-09-29,8927.499816325031,3.085004775549188,30.459922121813243,1.3161413562559696,43.899786937036225
2010-09-30,8919.57796014068,3.084774325908558,30.36488862837046,1.3146248534583822,43.866500586166474
2010-10-01,8911.554713682062,3.0855311088445285,30.20763514498033,1.312545534023022,43.76074602943319
2010-10-04,8936.91353520613,3.0920102152499083,30.16490331995622,1.313754104341481,43.718350966800436
2010-10-05,8933.730043541365,3.096516690856314,30.140058055152398,1.3122641509433963,43.73730043541365
2010-10-06,8918.605658198616,3.0939665127020786,29.94515011547344,1.310262702078522,43.5010103926097
2010-10-07,8924.624194702936,3.0919828203292767,29.859699355762345,1.306084466714388,43.42877594846099
2010-10-08,8932.564509153814,3.115179472394407,30.06270722214214,1.311662101773101,43.48277353322762
2010-10-11,8925.86825487945,3.1015355912743976,30.035160734787603,1.3057548794489093,43.48808840413318
2010-10-12,8938.914190703392,3.10850863876238,29.95517964288296,1.3072363189474445,43.71936673172847
2010-10-13,8928.01260925634,3.092993265510818,29.939819458375126,1.3025505086688638,43.511248029803696
2010-10-14,8917.658322104817,3.0829728388057585,29.795049996454157,1.294092617544855,43.21962981348841
2010-10-15,8894.044999645113,3.0834693732699265,29.821137057278726,1.2949109234154303,43.187593157782665
2010-10-18,8932.412204951064,3.0970063327576285,29.897812320092115,1.3018854346574553,43.280080598733456
2010-10-19,8937.181614835126,3.1085215383505305,29.909805902301756,1.3078865719027348,43.380474781730285
2010-10-20,8938.720150061321,3.121491955847341,29.930019479114055,1.306976408628526,43.3944159873025
2010-10-21,8932.948059360731,3.106021689497717,29.865154109589042,1.297945205479452,43.20205479452055
2010-10-22,8940.390411942013,3.113965838955074,29.942586479115832,1.3016362853451988,43.32926654227071
2010-10-25,8898.453424559902,3.0935072339818968,29.85033140902288,1.2914261278597392,43.00976409379232
2010-10-26,8920.895629672226,3.0965353651523864,29.91014951121334,1.2976566992524439,43.174238067855086
2010-10-27,8940.418749547198,3.1123668767659205,29.99492863870173,1.3021806853582554,43.212345142360356
2010-10-28,8936.068413076424,3.109475355416035,29.9603088691636,1.2985494695821609,43.101681460633614
2010-10-29,8936.919968247095,3.109619686800895,29.955257270693515,1.2966731615789855,43.11250631449809
2010-11-01,8922.059457130546,3.0924888697400545,29.865000718081287,1.2917564268275168,42.89745799224472
2010-11-02,8925.139106862605,3.086032244257383,29.800256812669428,1.2881295477243546,42.69296618633186
2010-11-03,8917.910660767804,3.084986442129299,29.75167689453404,1.2879263593549308,42.43756243756244
2010-11-04,8889.181409716371,3.083122718337546,29.69531030609379,1.2833473743330526,42.275344004493114
2010-11-05,8904.757171258165,3.0830729906276626,29.63717693836978,1.2855722806021015,42.632064754331154
2010-11-08,8907.178271179135,3.0924768269023497,29.652223898828773,1.2877775382625567,43.15441546310268
2010-11-09,8907.371817855861,3.0962352097525994,29.508067407673,1.2839727500896378,43.19541054141269
2010-11-10,8891.532316630355,3.0912127814088595,29.594771241830067,1.288162672476398,43.297022512708786
2010-11-11,8909.970802919706,3.097956204379562,29.715328467153284,1.2880291970802917,43.86058394160583
2010-11-12,8923.988038800962,3.110786959375684,29.800160455109037,1.2942892568011086,43.74298008897965
2010-11-15,8962.498165272273,3.1395126963158666,29.944958168207837,1.3028768530750037,43.71422280933509
2010-11-16,8960.725830149868,3.1304731119600353,29.86482515427564,1.2990008815750809,43.75991771965913
2010-11-17,9005.40019286403,3.159632074771901,30.0348638825013,1.3062087382241672,43.987092945627175
2010-11-18,8942.404924159157,3.1224444932952293,29.93991353411006,1.294936616106104,43.48941159229135
2010-11-19,8962.468919116573,3.119789381307591,29.940032177855784,1.2976451660084833,43.767734386426795
2010-11-22,8933.86824943211,3.1020004396570675,29.959698102146994,1.2983805964680881,44.03678464131311
2010-11-23,8987.329579134559,3.1390782454060466,30.065204505038533,1.3124629519857738,44.344991108476584
2010-11-24,8966.159382262536,3.139740610240648,30.044231201739258,1.3101431891446136,44.08126546217857
2010-11-25,8966.789280084076,3.1379025598678774,30.054800690638842,1.3083101869229035,44.07176638390511
2010-11-26,9013.217391304348,3.162948960302457,30.294896030245745,1.3198487712665408,44.329678638941395
2010-11-29,9027.673817130686,3.1595162026471932,30.19473604138141,1.3197930929560324,44.35569755058573
2010-11-30,9051.461763348207,3.167487305739344,30.20003077396522,1.324742268041237,44.1306354823819
2010-12-01,9006.504003049942,3.151963400686237,30.074723598932515,1.3096454441479222,43.601982462828815
2010-12-02,9013.356138350438,3.14709236031927,30.044849866970736,1.3111364500190044,43.682250095020905
2010-12-03,9002.393175298203,3.147969198248528,30.055110976898685,1.3071870753435,43.83361014645931
2010-12-06,9023.990963855422,3.1468373493975905,30.015060240963855,1.3060993975903614,43.74774096385542
2010-12-07,9002.940956372071,3.1450273142258474,29.999999999999996,1.3024769887001422,43.58227942827209
2010-12-08,9024.21212121212,3.1449999999999996,30.144696969696966,1.3172727272727272,43.66742424242424
2010-12-09,9020.009081277434,3.1474950809747235,30.06508248827002,1.3126986529438474,43.702134100196766
2010-12-10,9021.035940803382,3.1348535185744484,30.064935064935064,1.3076864995469646,43.680157052250074
2010-12-13,9015.632773045903,3.13997135750358,30.066329991708752,1.3079822115022237,43.90367076204115
2010-12-14,9009.64644585039,3.1261630070710833,30.00521027167845,1.299367324153331,43.69036099739487
2010-12-15,9027.806886227545,3.1429640718562872,30.085329341317365,1.3100299401197604,43.941616766467064
2010-12-16,9037.838042000301,3.137936244145641,30.112554766581052,1.3148511859797551,44.170569572442965
2010-12-17,9031.923076923076,3.131523378582202,30.15233785822021,1.3142533936651581,44.296380090497735
2010-12-20,9040.84582033924,3.1468776146649424,30.182551152354147,1.3170305012550392,44.47174260287518
2010-12-21,9041.53553781832,3.12983656404409,30.15963511972634,1.3133409350057015,44.34967692892437
2010-12-22,9042.381025015255,3.125762660158633,30.164734594264797,1.309334960341672,44.202257474069555
2010-12-23,9051.041028781385,3.113518064911206,30.15998162890386,1.30656766687079,44.1694733619106
2010-12-24,9040.400030536683,3.0955034735475992,30.2084128559432,1.2997175356897472,44.05908848003664
2010-12-27,9033.38154689403,3.0950060901339826,30.184987819732033,1.3013855054811205,44.063641900121794
2010-12-28,9017.756726032589,3.0945054945054946,30.18491852974612,1.295263357332323,43.902993558165974
2010-12-29,9000.266443361754,3.084500609013398,30.16747868453106,1.2973507917174176,43.84972594397076
2010-12-30,8985.813253012047,3.0798192771084336,30.15512048192771,1.2900602409638553,43.75602409638554
2010-12-31,8982.293069899715,3.0646609788953745,30.062864840592727,1.282442748091603,43.63119293518934
2011-01-03,8974.89511537309,3.064504045549895,30.08016182199581,1.284686844471082,43.77884327240036
2011-01-04,8981.126592653303,3.0645257432382085,30.05513747112734,1.2848520974592057,43.600327844422914
2011-01-05,8977.673503367896,3.0700824945129797,30.18012563384546,1.2916067509271172,43.817452508892764
2011-01-06,8997.066687036895,3.0685203574975177,30.225345657321824,1.2939424031777558,43.920250553815606
2011-01-07,9029.588766298897,3.069516241030785,30.41663451894144,1.2980479901242188,44.329141269963735
2011-01-10,9097.744710532434,3.0805239091684107,30.729287762535844,1.302177788111292,44.41447725335193
2011-01-11,9079.718875502009,3.0695088044485637,30.509731232622798,1.2950262588816808,44.16898362681495
2011-01-12,9030.941185539197,3.062822785785863,30.37077006089571,1.2914514761427582,43.95051260309875
2011-01-13,9066.92173649519,3.055534510190166,30.429577998333208,1.2869156754299569,44.151072050912944
2011-01-14,9012.375458835868,3.0628511498988686,30.47943666192224,1.2901340924413813,44.349389467375836
2011-01-17,9079.317857411164,3.055517992637668,30.564946285027425,1.2873563218390804,44.494778754413645
2011-01-18,9052.411936280008,3.0575125271109114,30.48986612818787,1.2835240445740783,44.51948246204473
2011-01-19,9054.398045313195,3.052495187324152,30.45535317636606,1.2803938990078483,44.22923145268769
2011-01-20,9062.670724465559,3.0604958432304037,30.55522565320665,1.2869655581947743,44.568735154394304
2011-01-21,9060.905258486799,3.059980770653058,30.697433621773534,1.2841505805783595,44.46934398343318
2011-01-24,9077.466656841796,3.0589492299756835,30.96234617935303,1.2833984231080982,44.603197995726184
2011-01-25,9051.088555457489,3.0550161812297736,30.964989702853785,1.2828773168578995,44.58958517210945
2011-01-26,9038.16241502814,3.0515313208098824,30.806227614940425,1.280827424895841,44.29939331920181
2011-01-27,9034.215514727326,3.0509623797025376,30.815106445027705,1.279527559055118,44.10834062408866
2011-01-28,9029.445660102116,3.054485776805252,31.01021152443472,1.2795040116703136,44.097009482129835
2011-01-31,9057.391177329828,3.0595238095238093,30.89030090563833,1.280601811276658,44.33245690914403
2011-02-01,9028.49872773537,3.0519810977826247,30.91021446746638,1.2750999636495821,44.145401672119235
2011-02-02,9028.769108164892,3.038832137941027,30.854886618850973,1.2721872056799246,43.891183076142866
2011-02-03,9048.250272826483,3.0290287377228085,30.87013459439796,1.2726809748999637,43.930883957802834
2011-02-04,8957.992810505466,3.0300051353532393,30.80991856797007,1.2737143276355367,43.70552417284132
2011-02-07,8938.692540396962,3.0317272928502916,30.740057551833544,1.2752896037777615,43.4258097838117
2011-02-08,8914.851485148514,3.0315364869820316,30.72020535386872,1.2723872387238726,43.30913091309131
2011-02-09,8925.126401406904,3.0389829266505464,30.729830732029015,1.274932219535429,43.51359273100315
2011-02-10,8942.899147309614,3.048515142605116,30.810055865921786,1.2791825933548955,43.712143487209644
2011-02-11,8952.59538598048,3.0621857438627624,30.85034013605442,1.2834960070984915,43.88790298728187
2011-02-14,8912.894345238095,3.0525297619047618,30.779761904761905,1.2822172619047618,43.651041666666664
2011-02-15,8893.819393042191,3.048482605477424,30.70984455958549,1.2797927461139897,43.611398963730565
2011-02-16,8888.815692079941,3.0464840858623243,30.640266469282015,1.280014803849001,43.53663952627683
2011-02-17,8876.098820058996,3.0420353982300883,30.620206489675514,1.2781710914454276,43.350294985250734
2011-02-18,8854.098480956924,3.0261979892859765,30.579731415572024,1.2737946723416746,43.2773170910692
2011-02-21,8849.82440737489,3.037020778460638,30.529704419081067,1.2756804214223003,43.40649692712906
2011-02-22,8876.39569766591,3.0504865734982074,30.62998463452111,1.2797248847589084,43.68478817589815
2011-02-23,8853.244483285995,3.0469740004369674,30.61976549413735,1.275799286286505,43.586774451969994
2011-02-24,8871.988673491614,3.060480650548174,30.60988891309083,1.2782981195091847,43.794380309300806
2011-02-25,8837.414619968027,3.0492660950443247,30.629995640168577,1.274524051736666,43.737102165382936
2011-02-28,8816.322104958797,3.0479976868584644,30.579731097296516,1.2709267023275987,43.53621512216279
2011-03-01,8798.198915009041,3.030524412296564,30.549728752260396,1.2703074141048825,43.41844484629295
2011-03-02,8814.374683177639,3.0354841045694836,30.55977985371859,1.2706930262872038,43.451372293431824
2011-03-03,8805.79783393502,3.030974729241877,30.509747292418773,1.2691696750902528,43.370397111913356
2011-03-04,8802.486207637745,3.0265099949845955,30.490076664039552,1.267321057533854,43.232069929067855
2011-03-07,8783.311947533504,3.0275163957798688,30.419874536641004,1.264114627887083,43.241374394069005
2011-03-08,8786.962152827746,3.0340336739099154,30.379910778529286,1.2693193265218017,43.52208950928191
2011-03-09,8771.93423319931,3.0325244112578975,30.32021826536473,1.2667288914417,43.307007466973005
2011-03-10,8782.528768907867,3.0369834262140842,30.379966707678946,1.271332416588261,43.47253383513064
2011-03-11,8780.599724097874,3.041530530748566,30.460320917737604,1.2735061351920425,43.68837580773978
2011-03-14,8762.188127330082,3.0354889589905363,30.32979638657872,1.26842558072842,43.53814166905649
2011-03-15,8826.447709593776,3.067991933160472,30.460242005185822,1.285220397579948,43.80437914145779
2011-03-16,8775.600315389578,3.056196688409433,30.430076697010968,1.2799799297541394,43.80832915203211
2011-03-17,8782.433590402741,3.056483861753785,30.279920022850614,1.2797772065124249,43.89960011425307
2011-03-18,8771.309271054493,3.0452937013446566,30.290162774239203,1.2747346072186836,43.639065817409765
2011-03-21,8726.997322812456,3.0328307735662956,30.279695646047625,1.2660983514160913,43.55079611103283
2011-03-22,8713.419182323552,3.026528745338118,30.239954964464143,1.2631060446133275,43.34248117655338
2011-03-23,8709.762308998303,3.028720996038483,30.280135823429543,1.2651386530843238,43.39629315223543
2011-03-24,8702.845413363533,3.0239949037372593,30.24985843714609,1.2620328425821064,43.4187429218573
2011-03-25,8716.514346439959,3.022033297910025,30.26000708466171,1.2604321643641516,43.275947573503366
2011-03-28,8717.153648802736,3.0275085518814135,30.310005701254276,1.2628990877993158,43.473489167616876
2011-03-29,8714.090715199773,3.0285084601165932,30.329873453718182,1.2628323617233044,43.523389734110616
2011-03-30,8735.805535841022,3.0254790631653656,30.319375443577,1.2620298083747339,43.377572746628815
2011-03-31,8704.687829942985,3.0254803969874007,30.24987682128528,1.2600830576476385,43.33004856760751
2011-04-01,8701.131461707093,3.025528604766283,30.280036772505483,1.261721236121915,43.38307050420762
2011-04-04,8667.998595505618,3.025491573033708,30.21980337078652,1.260182584269663,43.344803370786515
2011-04-05,8655.922631653253,3.025977693067909,30.209656925031766,1.2609769871523364,43.38486517012565
2011-04-06,8651.594405594406,3.025034965034965,30.150349650349654,1.2602097902097902,43.10559440559441
2011-04-07,8672.659805363019,3.028985507246377,30.07981516488133,1.260379472099699,43.07988517818386
2011-04-08,8648.343865009374,3.0165266300951323,30.049996528018887,1.2572043608082772,42.9886813415735
2011-04-11,8653.013717611197,3.02002216987668,30.09006512401275,1.2566163225717057,43.14950810586116
2011-04-12,8652.56392536282,3.0264685556323423,30.14029025570145,1.256668970283345,43.14029025570145
2011-04-13,8656.841233699028,3.02297660939764,30.14972745463327,1.2555716552818603,43.23052508107362
2011-04-14,8689.216026664815,3.0259704187209224,30.179154225401014,1.2499132004721896,43.337268245260745
2011-04-15,8664.546712802769,3.023321799307958,30.13010380622837,1.2442906574394463,43.247750865051906
2011-04-18,8674.935201401051,3.0234676007005254,30.100175131348514,1.2488266199649738,43.2630472854641
2011-04-19,8685.92504544819,3.0255209061669697,30.060131450146834,1.2470283876380928,43.331701859879736
2011-04-20,8649.438511884258,3.013021012745436,29.949707199448845,1.2392697209782984,43.18291422666207
2011-04-21,8628.97696105321,3.007473944048272,29.910175534832696,1.2355320899616018,43.137685134393855
2011-04-26,8647.205308886912,2.9874803311212967,29.98016008756927,1.233974139700349,43.258534583019774
2011-04-27,8625.443141532587,2.978524679574584,29.970002727024813,1.2326152167984727,43.19948186528497
2011-04-28,8583.432472624036,2.9735027713938083,29.939840475868593,1.22962011626335,42.987697715289976
2011-04-29,8565.444145356661,2.9619784656796773,29.87012113055182,1.2251009421265142,42.71534320323015
2011-05-02,8542.185077845927,2.9629979106288333,29.8598099346229,1.2232931185549638,42.62991170721844
2011-05-03,8552.672530446549,2.9755074424898513,30.000000000000004,1.2284167794316645,42.90595399188092
2011-05-04,8551.982260448864,2.9770192178470634,29.969762128746137,1.2273215965596023,42.913586883483404
2011-05-05,8594.700958552721,3.0,30.149858242203322,1.2334953422438233,43.073444039422164
2011-05-06,8578.477346389904,3.002482587407765,30.259982070202057,1.2363974898282877,43.11219915867871
2011-05-09,8559.43599360978,2.9899979162325487,30.20004167534903,1.2330346599986108,42.98951170382719
2011-05-10,8554.05348934392,2.991502994846079,30.179690764730466,1.232622927984399,42.969076473046385
2011-05-11,8522.873859441388,2.9795221843003414,30.080100299505467,1.2304799052726894,42.875949014418055
2011-05-12,8597.08189076521,3.0130007772203777,30.329965378365014,1.2438352292800112,43.1258390447255
2011-05-13,8555.749299719888,3.007002801120448,30.2296918767507,1.2397759103641457,43.18627450980392
2011-05-16,8600.403026232058,3.056494378844658,30.349996464682178,1.2498762638761225,43.29350208583752
2011-05-17,8576.211982217204,3.048479288688166,30.29990826335474,1.2486768753087292,43.34344788652882
2011-05-18,8561.805018626554,3.0340198214662255,30.269909327335345,1.2439024390243902,43.21149926196668
2011-05-19,8553.158079214862,3.022783035401332,30.290220820189276,1.2382754994742375,43.18331580792148
2011-05-20,8545.690805647257,3.0184729929058087,30.29992273653157,1.2371988480719254,43.216969867247315
2011-05-23,8590.563480741797,3.0589871611982886,30.39015691868759,1.2482881597717548,43.51497860199715
2011-05-24,8568.720278231243,3.0499680601888,30.420185960678545,1.2462914330328625,43.41614025125985
2011-05-25,8594.69756201578,3.062477788044637,30.449925367829984,1.2479209609780368,43.548226597483826
2011-05-26,8583.829757199323,3.0405138339920947,30.4100790513834,1.2432947487295314,43.45143986448334
2011-05-27,8569.61794602173,3.033999298983526,30.370136698212406,1.2360322467577989,43.30178759200841
2011-05-30,8547.078195067264,3.0184977578475336,30.330016816143498,1.234094730941704,43.36322869955157
2011-05-31,8542.912756343414,3.0125130344108446,30.310045185957595,1.2342022940563089,43.33194299617657
2011-06-01,8542.059966685174,3.0065241532481957,30.269988895058297,1.2311215991116047,43.154497501388114
2011-06-02,8542.704011065007,3.0150069156293227,30.289764868603044,1.234923928077455,43.22337482710927
2011-06-03,8525.379624516841,3.0115267807840973,30.340281612368855,1.2330894533406958,43.23716178906681
2011-06-06,8517.819950671417,3.0084954782132094,30.300082214305288,1.2304055905727598,43.226226363387234
2011-06-07,8511.923286923287,3.007029757029757,30.27982527982528,1.2276822276822277,43.216625716625714
2011-06-08,8511.918127053668,3.0264923329682363,30.399780941949615,1.23302300109529,43.34679627601314
2011-06-09,8522.498973586971,3.0255234706445875,30.450253181880388,1.2312850691118107,43.31257698097714
2011-06-10,8520.59229600994,3.020019329007317,30.390031754797736,1.2316029269639652,43.30318928620737
2011-06-13,8548.362825693186,3.040824857182667,30.48000557335934,1.2374947749756164,43.4192559565278
2011-06-14,8536.710963455149,3.031007751937984,30.460271317829456,1.2322812846068658,43.2578903654485
2011-06-15,8548.789532605653,3.037013713965855,30.52966694654352,1.2343968653792332,43.50685698292751
2011-06-16,8607.651902328222,3.0520300965360585,30.63032367972743,1.2431856899488927,43.73083475298126
2011-06-17,8596.391030133145,3.030974071478626,30.580238262088294,1.2348283111422564,43.746320953048354
2011-06-20,8617.808219178083,3.0394801545486474,30.59992975061468,1.237583421145065,43.69020021074815
2011-06-21,8600.313087038196,3.0324914770750713,30.53016071801294,1.2336325053920545,43.531621790857855
2011-06-22,8597.38139890255,3.0250052094186293,30.470236854900328,1.2322706119330415,43.36458984510662
2011-06-23,8602.589361103293,3.032015198423867,30.56994089501829,1.236842105263158,43.48015761328455
2011-06-24,8602.559774964839,3.0450070323488045,30.68002812939522,1.2374824191279887,43.435302390998594
2011-06-27,8623.717001055966,3.0580077437521993,30.899683210137272,1.2418866596268918,43.600844772967264
2011-06-28,8628.742724914102,3.0507678283430333,30.959960732066477,1.242409368206998,43.54393100063109
2011-06-29,8605.178509532063,3.0313344887348355,30.800000000000004,1.2338994800693242,43.51473136915079
2011-06-30,8577.741645333148,3.018473673285823,30.706427731266867,1.2288798173389608,43.32595308932402
2011-07-01,8538.797625621204,3.0084897846493646,30.810325786858087,1.2266703478741026,43.1467421314191
2011-07-04,8523.275862068966,3.001310344827586,30.47034482758621,1.2264137931034482,43.0648275862069
2011-07-05,8532.203858654311,3.007468363183736,30.49996542424452,1.2284765922135399,43.03229375561856
2011-07-06,8548.868557061043,3.013409694091354,30.493085626484145,1.2295711691577036,42.97108534711552
2011-07-07,8545.490278655156,3.0113006246929173,30.350249175264967,1.2274162981680352,42.87077981329403
2011-07-08,8519.351214717035,2.988695407948322,30.20994242381688,1.2192107850021066,42.75523100688106
2011-07-11,8538.239897552647,3.0124501992031876,30.32014797951053,1.2243881616391576,43.00298804780876
2011-07-12,8581.50983899821,3.0314847942754923,30.34991055456172,1.2279069767441861,43.154919499105546
2011-07-13,8542.826689405243,3.022951751581042,30.240176223974988,1.2226959425850918,42.98514886662403
2011-07-14,8537.501760315448,3.004013519222645,30.090128150964656,1.2168004506407548,42.92423602309534
2011-07-15,8541.559451435034,3.006008765728828,30.07988123851265,1.21850699844479,42.91601866251944
2011-07-18,8561.3100747597,3.0125311498754,30.059807760768955,1.2180135279458881,43.04948380206479
2011-07-19,8546.264124293786,3.0064971751412433,29.92443502824859,1.2161016949152543,42.80367231638418
2011-07-20,8538.192440346307,2.997466037868656,29.909903568663335,1.2139790244245794,42.71837826423594
2011-07-21,8545.985093517087,2.9980312192378005,29.909998593728027,1.2119954999296865,42.63886935733371
2011-07-22,8527.086373427837,2.97102355638941,29.81029810298103,1.2081161837259398,42.33201306372038
2011-07-25,8524.374130737135,2.9719749652294856,29.76008344923505,1.2070931849791378,42.37621696801113
2011-07-26,8506.8827309792,2.953493193283118,29.709764356298805,1.2024739133439293,42.23205030751157
2011-07-27,8481.5312197148,2.948982417278139,29.739720337809775,1.2021320780838984,42.15838294337533
2011-07-28,8502.833099579244,2.9554698457223005,29.7398316970547,1.2039971949509118,42.19915848527349
2011-07-29,8505.322580645161,2.9669705469845726,29.819775596072933,1.2051192145862553,42.164796633941094
2011-08-01,8458.633368019424,2.939507457509539,29.710024280263614,1.200069372181755,41.93479014915019
2011-08-02,8484.347212420607,2.9621736062103032,29.820042342978123,1.2055751587861678,42.15243472124206
2011-08-03,8477.951048951049,2.9679720279720283,29.760139860139862,1.207972027972028,42.23636363636364
2011-08-04,8510.872162485066,2.9900203809122217,29.839763862534262,1.2149132054255394,42.428842504743834
2011-08-05,8577.647474390675,3.016531261038502,29.87990109501943,1.2201342281879195,42.66902154715648
2011-08-08,8549.384885764499,3.031985940246045,29.850263620386645,1.217574692442882,42.56520210896309
2011-08-09,8587.607766173687,3.0274759935515525,29.946730216583724,1.2146211537113618,42.48335319268241
2011-08-10,8532.505046286627,3.00702999930396,29.880281199972156,1.2147281965615646,42.50713440523422
2011-08-11,8558.799406066606,3.0035353178250723,29.959697376794175,1.2168563953899456,42.52704518136181
2011-08-12,8561.621052631579,3.002035087719298,29.950175438596492,1.212,42.54105263157895
2011-08-15,8539.856034663499,2.980501782095185,29.90984694947236,1.2054650919002028,42.41945628625341
2011-08-16,8529.282729805014,2.9834958217270198,29.880222841225628,1.2045264623955432,42.39623955431755
2011-08-17,8516.584927816537,2.9729916419147617,29.87013884092008,1.2012847965738758,42.44525799544105
2011-08-18,8552.348806458347,2.98100076553692,29.910223397592038,1.213515206346997,42.48103556266963
2011-08-19,8564.935696906501,2.981508515815085,29.819951338199516,1.2091762252346194,42.66527632950991
2011-08-22,8544.369666273504,2.9680149864705476,29.83972802331229,1.2061333518351487,42.45542218830223
2011-08-23,8543.4448900567,2.965979809155027,29.829899045775136,1.2041211450698384,42.32194717189877
2011-08-24,8558.089101364927,2.9754728746622323,29.930021478556085,1.2055705674495947,42.39312686205224
2011-08-25,8595.680809761508,2.9900166389351086,29.990293954520247,1.2079866888519135,42.51109262340544
2011-08-26,8568.094709068186,2.988473823080128,29.979863907790588,1.206707401749757,42.386474100819335
2011-08-29,8547.380410022779,2.9815006557603367,29.99033616345689,1.2070131842341407,42.46289777041485
2011-08-30,8544.278572420497,2.9815303430079156,30.029856964310515,1.2080960977641995,42.31634495208999
2011-08-31,8529.84775086505,2.9703114186851205,29.93979238754325,1.2026989619377162,42.24221453287197
2011-09-01,8512.915645782288,2.967028351417571,29.979698984949245,1.2046202310115506,42.35421771088554
2011-09-02,8531.609961417047,2.967379866713434,29.920028060329713,1.2035776920378816,42.14801823921431
2011-09-05,8537.59733824154,2.981523431969418,29.929916466090898,1.2067818207560528,42.230638538864504
2011-09-06,8559.174409532592,2.9829775161358967,29.914887580679483,1.2083835733030712,42.317894886162144
2011-09-07,8561.157024793389,2.987532060416073,29.99002564833286,1.2096038757480765,42.32473639213451
2011-09-08,8561.649102819709,2.9945172315579605,30.01993733978923,1.210908573056109,42.41882654514383
2011-09-09,8600.904682637332,3.006007092711877,30.08033581819498,1.2239994210031122,42.63588333212709
2011-09-12,8621.441124780316,3.035515524311658,30.139865260691273,1.2333040421792618,42.84050966608085
2011-09-13,8707.629168193476,3.0664712348845726,30.210333455478196,1.2438988640527666,43.00989373396848
2011-09-14,8783.560346711341,3.073494063660864,30.270230898098916,1.2429892927379997,43.228203073785416
2011-09-15,8786.545849945633,3.0850308082638636,30.310257339615806,1.2440014498006524,43.26060166727075
2011-09-16,8777.18023255814,3.085029069767442,30.380087209302324,1.240625,43.27325581395349
2011-09-19,8960.032255699727,3.123524668279451,30.507294186643207,1.2598049996334577,43.63756322850231
2011-09-20,8902.17359591539,3.1194748358862143,30.420131291028447,1.2579868708971553,43.47775346462436
2011-09-21,9077.698738633031,3.141463772367263,30.548547961278967,1.2772807274860665,43.56482839542388
2011-09-22,9106.558596073766,3.1784651992861392,30.769631171921475,1.3048036882807852,43.812462819750145
2011-09-23,9072.509307520477,3.2025316455696204,30.920327624720777,1.3041697691734921,43.60685033507074
2011-09-26,9088.318518518518,3.185481481481481,31.119999999999997,1.2996296296296295,43.682222222222215
2011-09-27,8952.146697105825,3.1505265483467118,30.849841667280355,1.2819795272111347,43.35297150011046
2011-09-28,8967.992076883575,3.154500770302986,30.999926637810873,1.283985034113418,43.412075416330424
2011-09-29,8945.86852735953,3.1794344473007716,31.180315828130738,1.2946015424164525,43.675358060962175
2011-09-30,9074.998148559578,3.1927719765977933,31.139746722950456,1.3025994223505886,43.72287639783752
2011-10-03,8897.006077886997,3.207998799429729,31.210324904329557,1.3122233060703834,43.97838973512418
2011-10-04,8901.289735224946,3.201274561869357,31.200212426978226,1.3168955314467794,44.05052727410667
2011-10-05,8910.332158656369,3.186023843443053,31.180175451750767,1.303816450476119,43.86218789832796
2011-10-06,8922.352852513377,3.1770291657246217,31.109352626422492,1.3056748813022836,43.76516693043937
2011-10-07,8893.977966354028,3.159892809289862,30.920053595355068,1.2944767009081437,43.514962036623494
2011-10-10,8919.605679393806,3.1258000441403664,30.87030089016406,1.279997057308909,43.36643860810712
2011-10-11,8936.422429631808,3.1414713015359745,30.939957374880578,1.285000367457926,43.44161093554788
2011-10-12,8906.101990411158,3.126398372802557,30.799796600319628,1.2772773499927357,43.42728461426703
2011-10-13,8872.616012238654,3.139506082902309,30.829751584468564,1.2792307131929772,43.38311357179282
2011-10-14,8857.362207575867,3.128485550807561,30.769899326428625,1.2695734047946692,43.31643369305425
2011-10-17,8817.603077816493,3.10010162601626,30.619918699186996,1.2672764227642277,43.16565040650407
2011-10-18,8819.32582626499,3.133518572682071,30.78019888856391,1.2739836209417958,43.32845861362972
2011-10-19,8799.407000289268,3.1065229968180503,30.689904541509982,1.2609198727220132,43.15736187445762
2011-10-20,8822.763815455928,3.123777793872673,30.969797928586946,1.2674005939016442,43.34902585644962
2011-10-21,8862.182925061605,3.1446586461806065,30.989998550514567,1.2738802725032614,43.45484852877229
2011-10-24,8849.206120092378,3.1345265588914555,30.87976327944573,1.2694139722863742,43.29748845265589
2011-10-25,8846.953585285242,3.127245293864061,30.839919528667917,1.2620347751113665,43.154907314269295
2011-10-26,8874.639190062468,3.1425289006964885,30.79988511524377,1.2678968909312844,43.1952322826165
2011-10-27,8820.066961105571,3.0919646673315286,30.53996295768628,1.250534264140191,42.84513463456333
2011-10-28,8791.172316384182,3.066313559322034,30.540254237288135,1.242090395480226,42.67161016949153
2011-10-31,8854.596100278552,3.073494750374974,30.63995428897936,1.2491964859652884,42.67480894221842
2011-11-01,8895.17135099435,3.120642841417774,30.940045497908564,1.2770235561752403,42.77463858516181
2011-11-02,8930.328046925917,3.132015352306467,30.779926135129262,1.2735896878847128,42.79600260699544
2011-11-03,8967.675887606187,3.1344659841719307,30.720249764031077,1.2679880926450302,43.14310607710738
2011-11-04,8950.976548319175,3.123357293254919,30.659986930951863,1.2676976693530821,42.88390328904378
2011-11-07,8960.107699024886,3.1224712560034926,30.689855916169407,1.270630184834813,42.87876582739048
2011-11-08,8925.232085871772,3.123585726718886,30.68973020017406,1.27088772845953,43.106324340005806
2011-11-09,8909.044230910293,3.1262378053253133,30.720311010049148,1.284530184112081,43.12843834812587
2011-11-10,8969.675381903644,3.151512925969448,30.799794359576968,1.2886310223266746,43.323296122209165
2011-11-11,8963.604395604396,3.147912087912088,30.810256410256407,1.2896703296703296,43.3018315018315
2011-11-14,8964.902262244674,3.136979281060107,30.789955340800937,1.2880884398565051,43.268174829782566
2011-11-15,8993.99940880875,3.1565178835353236,30.84983742240615,1.292270174401419,43.53310671002069
2011-11-16,9023.961732423613,3.151512904182735,30.829872441412043,1.2935330762385049,43.4403737763275
2011-11-17,9015.007418397625,3.1585311572700294,30.899851632047476,1.29473293768546,43.45623145400593
2011-11-18,9019.342958161462,3.160503830288745,30.989982321744257,1.2948585739540366,43.40527401296406
2011-11-21,9023.094070441373,3.185391588646158,31.200029722098375,1.302273740526081,43.39946500222915
2011-11-22,9052.005910602144,3.1754710011082383,31.190247506464722,1.3004063538973034,43.30328777244182
2011-11-23,9047.807574512586,3.1874953312915517,31.34010607305595,1.3064913722267872,43.5766041682229
2011-11-24,9183.384431316834,3.1829806326179617,31.26972257533837,1.3066626785313693,43.62970163762806
2011-11-25,9066.981631264645,3.1972182326706475,31.409781540554842,1.3124952755310304,44.061531483861216
2011-11-28,9127.53221456398,3.1780041953850766,31.320047947258015,1.298921186694636,43.74587953251424
2011-11-29,9156.711157768446,3.1684913017396523,31.279994001199764,1.2976904619076186,43.62177564487103
2011-11-30,9111.02250708004,3.174988820986734,31.000149053510206,1.2864063198688327,43.648829929944846
2011-12-01,8995.33056626149,3.1194040913133714,30.859768751852954,1.2831307441446784,43.27823895641862
2011-12-02,9005.477018725484,3.1290059951150915,30.789726889201393,1.2805861890311598,43.14484494115906
2011-12-05,9033.00104151168,3.130486534741854,30.79973218271091,1.2817289093884838,43.26588305311709
2011-12-06,9052.404061520085,3.1349858145438256,30.830222487681052,1.2858742720621175,43.38584440794386
2011-12-07,9031.314943559843,3.128504148912312,30.84024818718697,1.2866113478358379,43.34080885101293
2011-12-08,8997.009694258017,3.131991051454139,30.750186428038777,1.2870991797166293,43.313199105145415
2011-12-09,9044.523311416617,3.1485355648535567,30.94964136282128,1.2967722653915121,43.57292289300657
2011-12-12,9046.66062938646,3.1654969436268963,31.150101879103467,1.2974869821145574,43.651045204135535
2011-12-13,9108.019118428041,3.1750246567028295,31.210075108110157,1.3017221758591913,43.847204309232986
2011-12-14,9200.2155006542,3.187793427230047,31.279919956899874,1.3064727160778882,44.20457169244978
2011-12-15,9110.354097856978,3.1882633074736924,31.33650818035179,1.305399800291881,44.08787157231738
2011-12-16,9036.31353337416,3.1755205143906924,31.309706062461725,1.301592161665646,43.81047152480098
2011-12-19,9069.046706035739,3.1839865020323646,31.280006135439834,1.3047779737709946,43.924380704041724
2011-12-20,9085.72739788894,3.17951659782775,31.300290653204833,1.3028147468257611,43.793789199938814
2011-12-21,9070.959092998315,3.1685307185537,31.270108778918342,1.296690669526582,43.64715795924621
2011-12-22,9059.998467080555,3.162489461178815,31.260059783858356,1.2940905955392044,43.679773127922125
2011-12-23,9055.732557248984,3.1544765260013787,31.309642337443513,1.2931760741364784,43.49697480278777
2011-12-27,9204.68283724845,3.1734639222587804,31.440048970847045,1.2962736246078506,43.76922488331165
2011-12-28,9198.59262658712,3.164983937586049,31.53969710876549,1.2953954413339452,43.968181122839226
2011-12-29,9202.824113585228,3.1795329350609047,31.779812242997906,1.3038249670261464,43.84436341066026
2011-12-30,9066.751680964526,3.172965453280779,31.68019166859881,1.2998686142669449,43.862740551820075
2012-01-02,9079.242365674525,3.1722458446076534,31.50985697719366,1.2973328179358328,43.83687669114805
2012-01-03,9234.439834024897,3.1394651913324116,31.43998770554787,1.2860765329644999,43.73290302750884
2012-01-04,9147.474513438368,3.137009576768613,31.52996601791783,1.2896200185356812,43.84151992585728
2012-01-05,9196.438591022445,3.147521820448878,31.630299251870326,1.2906795511221945,44.09211346633417
2012-01-06,9105.00156543519,3.1434721352536004,31.679711959924855,1.2936756418284283,44.11709455228553
2012-01-09,9148.35795097423,3.1535197988686363,31.780326838466376,1.2972972972972974,44.199402891263354
2012-01-10,9152.318863210494,3.1329637726420985,31.630231105559027,1.2887257963772643,43.98422860712055
2012-01-11,9160.206007233843,3.140037741783299,31.82025475703727,1.2927347067148922,43.938512344708286
2012-01-12,9172.338253768843,3.139996859296482,31.799623115577887,1.2909076633165828,44.029522613065325
2012-01-13,9161.811917625872,3.132487667371388,31.769634327773865,1.2894839871584058,43.774175867199126
2012-01-16,9200.11050595943,3.139474307364433,31.889651906227805,1.290472807640698,43.81561291341069
2012-01-17,9105.355746677093,3.117513682564504,31.79749804534793,1.283268178264269,43.612197028928854
2012-01-18,9052.123762762061,3.1190086509235444,31.740316421167485,1.2794014496142156,43.34190632062973
2012-01-19,8977.251955696694,3.1034776547130356,31.62961815506158,1.2740298969870654,43.487723646502985
2012-01-20,8945.783599441947,3.10153464579135,31.560223221206016,1.2760037203534336,43.35761897380251
2012-01-23,8945.517400322653,3.0828916032880076,31.38972113390182,1.2658830759775677,43.28493508488899
2012-01-24,9002.807044528186,3.087518265015766,31.469660847496733,1.271014381296624,43.16311620395293
2012-01-25,8891.716890743317,3.083217431617988,31.600216349868642,1.2708236748570545,43.134755061041574
2012-01-26,8958.37961201978,3.0404716622289847,31.280334728033473,1.2560669456066946,42.73716241917079
2012-01-27,8983.895017116774,3.0384937238493723,31.129707112970713,1.2540890072270825,42.839863065804494
2012-01-30,9029.633867276889,3.058504958047292,31.199847444698705,1.260335621662853,43.11594202898551
2012-01-31,8982.665452337582,3.045537340619308,30.929720704310867,1.2512902246508804,42.88554948391014
2012-02-01,8977.973434535104,3.0419734345351044,30.939658444022772,1.252068311195446,42.85161290322581
2012-02-02,8955.292500381855,3.017030701084466,30.930197036810757,1.2478234305788911,42.70276462501909
2012-02-03,8970.866261398176,3.010334346504559,30.87993920972644,1.2462765957446806,42.54255319148936
2012-02-06,8985.032970403312,3.019015488422021,30.979911056586417,1.2500383376782702,42.580125747584724
2012-02-07,8992.503622359493,3.012964233966293,30.970029741477923,1.2483794707542135,42.48837031953024
2012-02-08,8883.335844508061,3.0042187735422634,30.729998493295163,1.2444628597257796,42.26985083622119
2012-02-09,8922.102649006623,3.0105358217941,30.750301023479828,1.245334136062613,42.24262492474413
2012-02-10,8983.70611873531,3.036014860868906,30.890135719159908,1.261278338008947,42.524831298809616
2012-02-13,8998.664554096877,3.0267089180624716,30.810321412403802,1.2541119661988833,42.46265278406519
2012-02-14,9003.288024906979,3.0429797251120054,30.83985116561622,1.264332903029843,42.721543017693065
2012-02-15,8997.234952642835,3.0366636113657197,30.779865566758325,1.2613046135044303,42.72150931866789
2012-02-16,9013.43398551841,3.0614697273147438,30.899707287012784,1.270528423971653,42.971036820212596
2012-02-17,9034.265521696178,3.0360209742381636,30.790333611976596,1.2570104111254654,42.66509613192492
2012-02-20,8996.359113523293,3.018468264736921,30.750037690336196,1.251696065128901,42.5787728026534
2012-02-21,8991.22674330661,3.0250340341854485,30.76009680834972,1.256466495235214,42.67206171532295
2012-02-22,9052.713529856388,3.0275132275132277,30.560090702947846,1.2582010582010583,42.69160997732427
2012-02-23,9061.33834586466,3.016015037593985,30.33007518796992,1.2561654135338345,42.7766917293233
2012-02-24,9148.814494482553,3.014091858037579,30.369818073367135,1.2556665672532061,42.82060841037877
2012-02-27,9147.004780400359,3.0250224081266808,30.439946220495965,1.2600089632506724,43.004929787869735
2012-02-28,9027.805856994202,3.008993607848967,30.350081760071355,1.252118329121451,42.92626728110599
2012-02-29,9044.498995759875,2.9959830395001115,30.249944208881946,1.2442163207617347,42.7270698504798
2012-03-01,9087.319711538463,3.003981370192308,30.600210336538463,1.2496243990384617,42.83804086538462
2012-03-02,9094.348187939773,3.0037830067337516,30.56972081410305,1.2504350457743814,42.73435726715593
2012-03-05,9129.757942511347,3.018532526475038,30.639939485627835,1.2562783661119516,42.85854765506807
2012-03-06,9184.421804911428,3.0300311715958337,30.780050178666464,1.2623736029803088,43.05025469474645
2012-03-07,9175.0,3.026981707317073,30.769817073170728,1.2617378048780488,42.96493902439024
2012-03-08,9136.036852439209,3.0034737954991693,30.539948648240447,1.253058450385138,42.614408699592204
2012-03-09,9133.348495186112,3.009400348722614,30.56023046016223,1.2522932302327345,42.617693882192405
2012-03-12,9155.29384861651,3.0334629163808216,30.650201997103437,1.2616053052824148,42.61833981248571
2012-03-13,9174.052232518954,3.0359960174618976,30.660182277705445,1.262311403844681,42.75714176303898
2012-03-14,9169.652426887153,3.058796508957281,30.780125555045167,1.2667279130301639,42.891593936610015
2012-03-15,9171.348701845753,3.058972198820556,30.76970207551505,1.2645324347093512,43.0068162671364
2012-03-16,9146.874046965539,3.0548185422384875,30.750228728270812,1.260216529429704,42.991003354681304
2012-03-19,9124.349809885933,3.0530038022813692,30.730038022813687,1.2584790874524716,42.902661596958175
2012-03-20,9155.735717532958,3.0821336566146385,30.790271253220183,1.2632217002576147,43.012577663282315
2012-03-21,9155.001890359168,3.0768998109640835,30.769754253308125,1.2633648393194707,43.04650283553875
2012-03-22,9169.355206197311,3.091364775575302,30.839978734715576,1.26680337206653,43.0925799346852
2012-03-23,9158.420178220813,3.076499018275185,30.759703972209635,1.2647636308714696,42.992750339827815
2012-03-26,9177.726724917145,3.0744953299186504,30.760018077734262,1.26047002109069,43.00015064778548
2012-03-27,9156.656416410411,3.056026400660017,30.710267756693916,1.2558313957848948,42.946073651841296
2012-03-28,9172.032691009972,3.0617080302916695,30.770038239484137,1.2567293994151607,42.94818924795681
2012-03-29,9165.45358649789,3.0694695599758894,30.87025316455696,1.2586648583484028,43.05229053646776
2012-03-30,9168.343815513628,3.0634920634920633,30.83033842467805,1.2559898173105721,42.88784067085954
2012-04-02,9141.031608979652,3.054508596741497,30.844658007357907,1.2546737743073804,42.78023875666341
2012-04-03,9138.347728126173,3.0497183627487794,30.820127675553888,1.2522718738265115,42.65189635749155
2012-04-04,9153.743722416679,3.0659716938061177,31.030284583777203,1.2593212600821793,42.88616648911885
2012-04-05,9141.352923171105,3.069023569023569,31.000153045607593,1.26078971533517,42.773951637588
2012-04-10,9161.44578313253,3.0754155863962183,30.95012963245387,1.2606374866554828,42.8450510904377
2012-04-11,9155.349935267686,3.072119412078288,30.890259690808012,1.258167694768106,42.800243698118955
2012-04-12,9165.437542765909,3.068501482551509,30.840112521858135,1.2549988595757624,42.70964798905193
2012-04-13,9138.5686035899,3.0572710678430184,30.730149072102225,1.2459689686644357,42.628536659568
2012-04-16,9173.610257985258,3.063498157248157,30.809275184275183,1.251612407862408,42.76259213759214
2012-04-17,9177.429180627474,3.0629759366433147,30.78967407858666,1.2497715504112092,42.65001522997259
2012-04-18,9179.561597800352,3.0634690292522726,30.85007255785535,1.2511265561750553,42.67623921179256
2012-04-19,9181.002598196546,3.0654898364664525,30.910132966529115,1.2518722298639768,42.68454837230628
2012-04-20,9179.01758641601,3.0639781685870227,30.887659187386298,1.2490145542753184,42.60915706488781
2012-04-23,9185.2943416343,3.0674739166857057,30.99992384433783,1.249790571929023,42.72561114918894
2012-04-24,9190.464250436897,3.0647367221335764,30.959653521768864,1.2473976141630574,42.72851607020743
2012-04-25,9200.333181887021,3.059821293351507,30.939724367711648,1.2448886869604725,42.642738149326064
2012-04-26,9187.045024593266,3.0540295119182748,30.880060537268257,1.2416950435111618,42.52137722285282
2012-04-27,9185.698087534962,3.040290271373498,30.78010431627485,1.2393982916320205,42.2730365106962
2012-04-30,9186.57484486151,3.026032995308007,30.740124110791584,1.2365672771303164,42.15150597850764
2012-05-02,9203.655471784328,3.0284822176528827,30.86969766202117,1.2407280481303786,42.26258472317417
2012-05-03,9250.918235159643,3.0325382915491885,30.91975920140212,1.242627447992075,42.189285986436026
2012-05-04,9222.151995126409,3.0411970758452638,30.93968930855925,1.2416996649406031,42.316478830338106
2012-05-07,9207.941379574926,3.054016726770506,30.99976981508479,1.247985881991867,42.38931941993402
2012-05-08,9215.040307101728,3.0558157389635316,31.000383877159308,1.2463723608445296,42.31554702495202
2012-05-09,9229.003861003861,3.073976833976834,31.10965250965251,1.2534362934362935,42.610038610038615
2012-05-10,9223.346963968828,3.067510222976622,31.120283928709206,1.2498264022837744,42.46508757040352
2012-05-11,9188.357540173052,3.0709208899876392,31.16965389369592,1.2510815822002472,42.52394932014833
2012-05-14,9248.075876545128,3.082018191712664,31.340278317655294,1.257093990515432,42.769960351395476
2012-05-15,9263.559915907499,3.0780191544031767,31.32990734252122,1.255781359495445,42.64813517091022
2012-05-16,9242.00031402104,3.1157952582823047,31.439786465693203,1.2667608729784894,43.0098916627414
2012-05-17,9243.825894969248,3.113467907270147,31.409872259895916,1.2680965147453083,43.01372023340167
2012-05-18,9361.764012263187,3.1349736655923275,31.330084112884204,1.2730917380709064,43.10431569845138
2012-05-21,9302.909803921568,3.133490196078432,31.340392156862748,1.2723921568627452,43.207058823529415
2012-05-22,9275.587406015038,3.128524436090226,31.380012531328326,1.2698151629072683,43.15006265664161
2012-05-23,9311.635990204597,3.1455881191247337,31.510387866340157,1.2772730863417332,43.45919898886168
2012-05-24,9419.996814525763,3.1424703352711636,31.579995221788643,1.2754638846858326,43.632236999283265
2012-05-25,9522.70046229874,3.1535150645624106,31.689781603698393,1.2784154312131357,43.80838514267496
2012-05-28,9401.97357950024,3.1430049339487507,31.609899729428616,1.2763011300334235,43.499920420181446
2012-05-29,9491.791104367963,3.156671724027789,31.729617503793023,1.2777289786792303,43.364209853868886
2012-05-30,9628.798842257596,3.162003537546229,31.85962373371925,1.2821997105643994,43.50860266923943
2012-05-31,9526.808030315247,3.175038297186165,31.860033862775136,1.2864629525114892,43.474965734096585
2012-06-01,9513.236487583184,3.2002921603635777,31.899853919818213,1.2940269436779743,43.548936860899204
2012-06-04,9431.945002814184,3.200289458872718,31.53976039237758,1.2873683364155342,43.45581731928922
2012-06-05,9441.588221095826,3.2000160913991476,31.619599324161236,1.288277415721297,43.521602703355065
2012-06-06,9380.849018822588,3.175490588706448,31.469763716459752,1.2783340008009614,43.224669603524234
2012-06-07,9419.698292973402,3.163398173878523,31.47995236204843,1.2723302897975386,43.17903930131004
2012-06-08,9469.618222649984,3.1847930702598655,31.70035290343279,1.2867340391401991,43.273179339108125
2012-06-11,9436.599170918367,3.172512755102041,31.63982780612245,1.280373086734694,42.945631377551024
2012-06-12,9422.270252961895,3.1805155299391608,31.66986871597822,1.2845020813320525,42.84422030099263
2012-06-13,9434.474230094143,3.176479974469443,31.57012924844423,1.2797989468645286,42.53071645125259
2012-06-14,9437.064775715082,3.18620030276472,31.540116325392397,1.2829256632937613,42.594215600350566
2012-06-15,9418.569387107018,3.162988250238171,31.47983486821213,1.2731819625277865,42.30549380755795
2012-06-18,9410.60389919163,3.1565224282770643,31.470122047868127,1.2715961325091139,42.330004755111744
2012-06-19,9426.745383944846,3.157460971550836,31.370156113796654,1.2664236468816863,42.346461684761074
2012-06-20,9443.805100755668,3.1565648614609576,31.500314861460957,1.2677109571788414,42.18513853904282
2012-06-21,9458.224151539069,3.1764798737174433,31.710339384372535,1.2708760852407264,42.425414364640886
2012-06-22,9452.436398436877,3.190525560252014,31.77127362628599,1.2767365818645824,42.50338942499402
2012-06-25,9478.379244074313,3.195307495195388,31.889814221652788,1.2830717488789238,42.64573991031391
2012-06-26,9476.152304609219,3.1904609218436875,31.83006012024048,1.2812024048096193,42.44569138276553
2012-06-27,9473.37714377304,3.190014425388684,31.869690655553775,1.2776085911203718,42.293636800769356
2012-06-28,9472.14527299082,3.195039458850056,31.88033499758415,1.2791109679497503,42.382026091158
2012-06-29,9434.876886417793,3.173947577442415,31.670373312152503,1.2687847498014297,42.1405877680699
2012-07-02,9387.302469625982,3.163106487731279,31.619947589930913,1.267291352338601,41.86611609624394
2012-07-03,9378.998011928428,3.1513320079522864,31.46003976143141,1.2632206759443338,41.659642147117296
2012-07-04,9354.116242038217,3.1545382165605096,31.47531847133758,1.2640127388535032,41.620222929936304
2012-07-05,9367.382906808305,3.163769515531949,31.540318686624822,1.2630774183164333,41.704490584258814
2012-07-06,9436.38199886887,3.174355659691363,31.62155611214349,1.2682394764482507,41.85666962915084
2012-07-09,9421.963719189782,3.1883185552753597,31.760351419507035,1.2715366468722036,42.04506629789311
2012-07-10,9432.608872608873,3.177533577533578,31.64021164021164,1.2673992673992673,41.84126984126984
2012-07-11,9428.15660685155,3.176508972267537,31.699836867862967,1.2641924959216966,41.833605220228385
2012-07-12,9471.005091147972,3.1923140088684514,31.81967482345213,1.2717194941698144,42.157989817704056
2012-07-13,9477.168649979483,3.1854739433729997,31.64546573656135,1.2686910135412393,41.94501436192039
2012-07-16,9469.171388683584,3.180339985218034,31.641619446497497,1.2668144863266815,41.85595795351893
2012-07-17,9450.346063024183,3.168471622832017,31.579675922156177,1.2617050728768018,41.76777135412426
2012-07-18,9471.186856302107,3.1634788294915808,31.70998855648193,1.260094817721105,41.704266797449726
2012-07-19,9446.976479205665,3.1469846178888257,31.60006510946529,1.2536013672987711,41.66029136485717
2012-07-20,9458.942622950819,3.151475409836066,31.7,1.2567213114754099,41.955737704918036
2012-07-23,9480.396530359356,3.1719124328789756,31.780256092523754,1.2609665427509293,42.0883932259397
2012-07-24,9488.171064604185,3.1808255438828685,31.790057076681276,1.2593266606005458,42.00761022417073
2012-07-25,9495.02225152464,3.1737267183121807,31.69029174221197,1.2578704466787538,42.10977418823141
2012-07-26,9479.918433931483,3.161990212071778,31.589722675367046,1.2508972267536707,41.99429037520392
2012-07-27,9466.615247219292,3.1613217504262403,31.53040513111959,1.2508727774620443,41.92498173256475
2012-07-30,9465.384615384615,3.151478033643639,31.580107790298875,1.24677445696554,41.86019924873428
2012-07-31,9448.542819928363,3.1304949527841095,31.47997394985347,1.2437316834907197,41.71605340280039
2012-08-01,9447.26784843064,3.1144088469669864,31.489673117580093,1.2453244429988617,41.71247357293869
2012-08-02,9465.964684918194,3.1186619147902155,31.509800745180627,1.244613640045359,41.76575409039365
2012-08-03,9471.122907309105,3.125928950592079,31.569620253164555,1.245814618211515,41.73458554512046
2012-08-06,9468.301155182164,3.105985943937313,31.479925680588092,1.2416188706680669,41.79012844333145
2012-08-07,9464.771630749436,3.10196204567385,31.4803795432615,1.2401897716307495,41.724027018333864
2012-08-08,9472.916666666668,3.1024643320363166,31.519941634241246,1.246352140077821,41.753404669260696
2012-08-09,9472.457523778554,3.1048695228030243,31.50963336314121,1.2459149662629054,41.79660190228437
2012-08-10,9486.503017452293,3.117109770021204,31.470396346436143,1.2474310879138804,41.8047626814549
2012-08-13,9490.23421671124,3.12213307399303,31.419888159494285,1.2445092795202206,41.900478158683846
2012-08-14,9489.847797927461,3.1163374352331603,31.420012953367877,1.2461139896373055,41.96405440414508
2012-08-15,9505.38449006191,3.1265884652981426,31.55995438253503,1.2504887585532747,42.262952101661774
2012-08-16,9496.196758693704,3.1281863343920513,31.56038765371773,1.2509161983874908,42.34791106767652
2012-08-17,9506.622355515927,3.1327713382507905,31.51981843235795,1.252492502229067,42.42846721245035
2012-08-20,9501.219512195123,3.1284552845528455,31.521138211382116,1.2546341463414634,42.396747967479676
2012-08-21,9490.328290955908,3.1149822980366917,31.44995172191825,1.250080463469585,42.28113936272932
2012-08-22,9500.811375321338,3.121143958868895,31.380141388174806,1.25176735218509,42.32969151670952
2012-08-23,9484.249521988526,3.0963193116634797,31.219725940089223,1.2460962396430848,42.18371574251115
2012-08-24,9513.560406172544,3.1014631806188535,31.229711361637484,1.2501798992564166,42.22115615255457
2012-08-27,9521.005586592179,3.109976057462091,31.24980047885076,1.2508379888268157,42.23224261771748
2012-08-28,9537.137392413135,3.1189831048772714,31.310168951227286,1.252311125278929,42.295983423653176
2012-08-29,9554.507772020725,3.1210043842168194,31.33997608609008,1.2537265842965326,42.34356317257872
2012-08-30,9561.511479591836,3.1269929846938775,31.379942602040817,1.252869897959184,42.260044642857146
2012-08-31,9549.195147093806,3.1210847672666717,31.32979145190706,1.2485924986123225,42.17825707715486
2012-09-03,9553.827180140039,3.112507956715468,31.230108211330364,1.2477721196690008,41.907224697644814
2012-09-04,9573.622704507512,3.107321726687336,31.199618411638447,1.2462834883536054,41.872167898879084
2012-09-05,9579.066624264588,3.121481952615678,31.269677214183496,1.2483701701383367,41.97169661313404
2012-09-06,9568.808355752491,3.116078493432505,31.229624940655167,1.2456876087988606,41.81436936224086
2012-09-07,9577.042342200535,3.1070360459625377,31.200220368329923,1.238706123091453,41.610262867936406
2012-09-10,9571.109893550405,3.1025360050093926,31.09032561051972,1.2362241703193486,41.540388227927366
2012-09-11,9571.877688277156,3.090013294752483,31.080003128177054,1.2313286932040355,41.546101509345434
2012-09-12,9571.48728287841,3.073821339950372,30.95998759305211,1.2285980148883373,41.550093052109176
2012-09-13,9585.85592563904,3.0813323005422157,31.020139426800927,1.2295120061967468,41.69945778466305
2012-09-14,9505.360824742267,3.0370370370370368,30.759831996945397,1.2197785414280258,41.296678121420385
2012-09-17,9467.178664221305,3.0454684395537215,30.81002598196546,1.2242090784044017,41.571908910285806
2012-09-18,9506.365864869007,3.066493028956642,30.880189980082736,1.226520606710587,41.77570093457944
2012-09-19,9542.647285033072,3.060452238117213,30.829872327334257,1.2245039224734657,41.65897554222427
2012-09-20,9549.405589007256,3.073182028716998,30.897020225412998,1.2257217847769029,41.77010961865061
2012-09-21,9555.18170619033,3.0498152140437327,30.809978441638435,1.2236680012319063,41.660763781952575
2012-09-24,9562.890987921957,3.0730102198823164,30.929854444100336,1.2287860018581602,41.75518736450913
2012-09-25,9577.907516238787,3.070986699659759,30.93025054129292,1.2264150943396228,41.756882152799264
2012-09-26,9594.877384196187,3.083768003114052,30.990268586998834,1.2334760607240172,41.96963799143636
2012-09-27,9581.730619853968,3.0762777691471177,30.970172440577908,1.2282118999533942,41.88907876339909
2012-09-28,9575.297757153907,3.0623356535189483,30.789636504253675,1.225676720804331,41.733178654292345
2012-10-01,9579.07897802283,3.06228158732624,30.78978022831405,1.2290906266987651,41.72633377339442
2012-10-02,9581.113689095127,3.051972157772622,30.649651972157777,1.228538283062645,41.576179427687556
2012-10-03,9589.855858648481,3.06098884066956,30.660260384376937,1.2318660880347179,41.560756354618725
2012-10-04,9589.074202764266,3.0576017295961706,30.58991583661493,1.2284765655161765,41.52497876611845
2012-10-05,9589.263190278418,3.0526842024303953,30.549915397631132,1.2268112598061836,41.40209198584833
2012-10-08,9598.850131193085,3.0724648865565674,30.70304059268405,1.2309770026238616,41.47862324432783
2012-10-09,9608.152551532465,3.073033274144986,30.650042461205903,1.228518489925114,41.4158882112252
2012-10-10,9609.116300721545,3.0741717743812553,30.709907673209717,1.2284118240359998,41.48498719838622
2012-10-11,9590.741600867006,3.0671930639417866,30.709862207772098,1.2275119987614183,41.45223718841926
2012-10-12,9590.40863531226,3.0576715497301468,30.63993831919815,1.2208172706245182,41.437162683114884
2012-10-15,9602.413075321872,3.0584380541207308,30.669956055816822,1.2210315318788068,41.4077557628556
2012-10-16,9593.63023148858,3.0499003525984976,30.669937145485207,1.2209106239460372,41.312279625938984
2012-10-17,9586.478658536584,3.031173780487805,30.630335365853654,1.2160060975609754,41.079268292682926
2012-10-18,9604.68059155359,3.037277023936576,30.65025156273822,1.2175636529958833,41.224271992681814
2012-10-19,9609.635596471038,3.0521672420406594,30.720368239355576,1.2208668968162637,41.3663214422708
2012-10-22,9609.331700222001,3.051978871622139,30.740258746076705,1.221924519635612,41.32435122100589
2012-10-23,9615.632449058054,3.0568242983467897,30.74971164936563,1.2248366013071896,41.36255286428297
2012-10-24,9610.3693401329,3.0612733735125945,30.720135991346005,1.2233039715654457,41.425591098748264
2012-10-25,9607.373200954362,3.0435619179558224,30.690371738628492,1.2195028092049567,41.243746632802285
2012-10-26,9644.267121165169,3.0550821196157423,30.73985125503564,1.222032847846297,41.36349550666254
2012-10-29,9606.117227477127,3.061482400372151,30.730345790044968,1.221429679020003,41.26143588153202
2012-10-30,9615.113408424626,3.0519981484338836,30.689708378336675,1.21956488196266,41.18500231445765
2012-10-31,9606.372662202724,3.0475640729623645,30.690371738628492,1.2201185253598092,41.19679827599477
2012-11-01,9622.597302504815,3.052023121387283,30.70982658959537,1.220038535645472,41.223121387283236
2012-11-02,9624.980544747083,3.0534630350194556,30.750194552529187,1.2223346303501945,41.16498054474708
2012-11-05,9624.849338655396,3.063473428817406,30.82022383971198,1.225561555920795,41.28355639038897
2012-11-06,9619.4765625,3.063984375,30.760156249999998,1.223515625,41.25078125
2012-11-07,9612.380354621058,3.053271614624196,30.68962811862545,1.22281500078456,40.94068727443904
2012-11-08,9628.627512562814,3.063520728643216,30.70037688442211,1.2243247487437185,41.15342336683417
2012-11-09,9628.139278399243,3.064676224988183,30.649913344887345,1.2260122892705214,41.18087285331652
2012-11-12,9614.338437377306,3.063761287789556,30.639968590498626,1.22277188849627,41.04593639575971
2012-11-13,9628.150598613736,3.069470699432892,30.679741650913673,1.2239287964713295,41.10034656584751
2012-11-14,9625.585415684427,3.057834354864058,30.710356749960713,1.221829325789722,41.153543925821154
2012-11-15,9623.871119473188,3.0649890247726557,30.719661335841955,1.224678582627783,41.259015365318284
2012-11-16,9629.28207140055,3.069988230678698,30.750098077677524,1.2269909768536682,41.37151824244802
2012-11-19,9628.866948754114,3.06386146372042,30.720106566368905,1.2248863814449145,41.12913336467638
2012-11-20,9636.763213365602,3.0579280193613867,30.66984151768288,1.2243734873916778,41.19447263642751
2012-11-21,9634.627098789535,3.0605232331120655,30.69972666926982,1.2253807106598984,41.16829363529871
2012-11-22,9636.120375397504,3.0609633134258902,30.70038005119057,1.2250833785775228,41.11688513146669
2012-11-23,9623.371291347123,3.0587187233712916,30.700286621736776,1.22410721202262,41.0938105197924
2012-11-26,9620.996605985807,3.054998457266276,30.680345572354213,1.222693613082382,40.995063252082694
2012-11-27,9601.373350821696,3.0469871151917287,30.679731502198905,1.2215106859038654,40.82092431139573
2012-11-28,9621.635249398805,3.0525948336048407,30.729966643394615,1.2237219765728027,40.8773562950896
2012-11-29,9612.367246421423,3.0451746960135444,30.71032784362013,1.2203324611359088,40.78882561182083
2012-11-30,9603.334360080085,3.039812105344217,30.699984598798704,1.2212382565840136,40.80471276759587
2012-12-03,9600.130198361032,3.042582522784713,30.650225932450027,1.2185800719920348,40.932067090449564
2012-12-04,9609.63183623587,3.042315918117935,30.689734188817603,1.2176138099602811,40.825695080965474
2012-12-05,9630.317642556449,3.0413318025258325,30.6796785304248,1.2185993111366247,40.85572139303483
2012-12-06,9632.64228886169,3.04811811505508,30.660189718482254,1.219094247246022,40.946297429620564
2012-12-07,9622.611390933747,3.055714839209609,30.680356450987993,1.220999612553274,40.97326617590081
2012-12-10,9630.93580819799,3.0613302397525137,30.649651972157777,1.2215777262180973,40.91879350348028
2012-12-11,9635.372893096282,3.0570307088432234,30.620334026014007,1.2212729931501578,40.861232971600096
2012-12-12,9630.996932515336,3.0515337423312885,30.61963190184049,1.2213190184049079,41.02914110429448
2012-12-13,9634.182151869694,3.0546761489638294,30.64999617649308,1.2206163493155922,41.085111264051385
2012-12-14,9639.186606528552,3.056494151823255,30.62992125984252,1.2216191422674108,41.07789924317713
2012-12-17,9640.364741641337,3.0595744680851062,30.60030395136778,1.220516717325228,41.06990881458967
2012-12-18,9643.124905144938,3.0532706025193503,30.569889209288203,1.2181666413719836,41.02898770678403
2012-12-19,9649.819576003609,3.053525785596151,30.60968275447301,1.218764095624718,40.96602014734626
2012-12-20,9653.185867431677,3.0554884493431977,30.619809753887964,1.219085006794504,41.08712064019326
2012-12-21,9658.634264516619,3.0607918843212962,30.629873571050044,1.220834279657809,41.10833522598228
2012-12-24,9655.666515357845,3.0648358299288847,30.609774549856255,1.2202299894083823,41.1272507187169
2012-12-27,9664.126338006936,3.0603045379164784,30.64978139605005,1.222071460877431,41.14955525403286
2012-12-28,9637.631798528408,3.0612910566638853,30.60987635591292,1.2230903436243648,41.03618296290677
2012-12-31,9636.175534333788,3.057980900409277,30.579809004092773,1.2210853418220404,41.008791875094744
2013-01-02,9767.689639571709,3.0353641984617705,30.340069371135577,1.2203287588599006,40.79701402503393
2013-01-03,9653.961227293543,3.0315219050526636,30.370172492749195,1.222637765226683,40.76553197985041
2013-01-04,9659.998462957272,3.047725176759914,30.51029818628958,1.230710113741162,40.91607746695359
2013-01-07,9667.367129381088,3.043484929825907,30.44021780811412,1.22977222179615,40.88350333614541
2013-01-08,9670.7015130674,3.0427174079168577,30.440165061898213,1.2287941311325081,40.80773345560141
2013-01-09,9660.370710784313,3.0393688725490193,30.369944852941178,1.2276348039215685,40.82567401960784
2013-01-10,9661.107298101122,3.0295889575230692,30.299702585220775,1.2246625486158775,40.59101654846336
2013-01-11,9635.09115564261,3.0210185324694896,30.269700165737532,1.2257043845110744,40.643362965195124
2013-01-14,9636.361592084551,3.017015216250656,30.2398620793044,1.2268195787422231,40.64687804512405
2013-01-15,9645.291513468897,3.009979740376679,30.02025962332108,1.2254821039993997,40.595032640504236
2013-01-16,9655.916246139941,3.0195074188446185,29.85990811177224,1.224222339383897,40.663553513594934
2013-01-17,9649.640933572711,3.0154847396768405,29.770347097546377,1.2238180730101735,40.62537402752842
2013-01-18,9630.13359351546,3.012608826178325,29.740318222755928,1.226283398378865,40.608676073251274
2013-01-21,9616.640396307137,3.034902049088043,29.740298731516923,1.2290775350896945,40.70404563536741
2013-01-22,9629.638807539235,3.0425020650296615,29.740181722610192,1.2273034467222348,40.62176165803108
2013-01-23,9627.08177044261,3.0434358589647412,29.789947486871718,1.226331582895724,40.660915228807205
2013-01-24,9624.64604090194,3.0475691063000974,29.799985017604318,1.228032062326766,40.60603790546108
2013-01-25,9651.280718687356,3.0524909050412057,29.92352810156656,1.2314202984631377,40.70161110698641
2013-01-28,9678.362094614698,3.045968461767331,29.959833382921747,1.2381731627491819,40.97813150847962
2013-01-29,9680.078910146654,3.0835256457976628,29.850368495496166,1.2379215365145537,40.8218566217524
2013-01-30,9747.441104792852,3.083671811535337,29.74964921349974,1.236023927331807,40.649878147847275
2013-01-31,9698.361623616236,3.1059778597785974,29.830258302583026,1.237490774907749,40.6760147601476
2013-02-01,9712.35708003518,3.1114042802697153,29.799912049252416,1.2411316329522133,40.67868660216945
2013-02-04,9675.929752066117,3.105076741440378,29.76977567886659,1.238267414403778,40.58441558441559
2013-02-05,9673.177217995126,3.0958114796483716,29.750313954347348,1.2382359459259806,40.64563788136219
2013-02-06,9704.638603240364,3.0971369386698235,29.789894207294523,1.2377006732263078,40.669527261966415
2013-02-07,9703.63945076037,3.1006939317879816,29.780008858703678,1.2383729514247748,40.6452089177617
2013-02-08,9669.567818154628,3.0981755645281894,29.789890832959475,1.237700014954389,40.69911769104232
2013-02-11,9610.925248301099,3.098498991860205,29.849899186020462,1.2395638861922187,40.725113882458366
2013-02-12,9644.64205983033,3.099940467331448,29.86977228754279,1.2437862777198987,40.730019348117274
2013-02-13,9645.318991097922,3.090430267062314,29.81973293768546,1.2385756676557862,40.667655786350146
2013-02-14,9659.638328205898,3.089217378254671,29.810159825917314,1.2374127710662566,40.707586103399116
2013-02-15,9670.018761726078,3.0940337711069414,29.870168855534708,1.237298311444653,40.64465290806754
2013-02-18,9678.752246854405,3.0994607549430797,29.889904134212102,1.2386908328340323,40.580437387657284
2013-02-19,9705.685819162485,3.104352385946513,29.86965315753989,1.2382950033710391,40.651734212300546
2013-02-20,9679.08750934929,3.0964846671652952,29.81974569932685,1.2370979805534779,40.70755422587884
2013-02-21,9712.581525860762,3.1074624601850447,29.859699681480357,1.2394964356135296,40.8228424086152
2013-02-22,9706.99984832398,3.101471257394206,29.8399817988776,1.2376763233732746,40.73790383740331
2013-02-25,9705.006013229104,3.0982411304870716,29.82035478051714,1.2367708959711365,40.65844858689116
2013-02-26,9707.662307868775,3.102087634778619,29.830236292727687,1.239504473503097,40.81440697407662
2013-02-27,9693.372528059861,3.1007100862793004,29.839657936932124,1.2388333206077726,40.70168740933038
2013-02-28,9674.857186381294,3.093685733871582,29.76997486480311,1.2367278543681925,40.69388376875619
2013-03-01,9693.115384615383,3.0970769230769233,29.789999999999996,1.24,40.66692307692308
2013-03-04,9715.11493811025,3.107019297301453,29.83009148919812,1.246405781502268,40.81263934804336
2013-03-05,9699.815866196102,3.1026545956728557,29.799754488261474,1.246278962712905,40.75111247506522
2013-03-06,9696.171845032603,3.1067894131185265,29.75987725354814,1.2461833525124664,40.71116225546605
2013-03-07,9694.419677171407,3.1076095311299,29.750192159877017,1.247425057647963,40.753266717909305
2013-03-08,9683.781512605043,3.1060351413292593,29.7196333078686,1.246524064171123,40.657754010695186
2013-03-11,9694.62828997999,3.110204709866092,29.729875327074033,1.2494997691242111,40.74034169616746
2013-03-12,9688.630966061442,3.1090170841952047,29.59013253658163,1.246303531755152,40.59986210066651
2013-03-13,9691.110083968877,3.108004005854711,29.600184885602033,1.248131885062784,40.54156074262384
2013-03-14,9703.625260879648,3.1109221612429465,29.64984153976965,1.2516812243951456,40.63847878178866
2013-03-15,9706.113403637475,3.1237200061134036,29.539966376279992,1.2482041876814916,40.59376432828978
2013-03-18,9712.452625879805,3.1314873540103645,29.529739345657052,1.249671281614974,40.67986696573595
2013-03-19,9718.912237330038,3.121832509270704,29.279975278121135,1.2499227441285536,40.69453028430161
2013-03-20,9724.70451911935,3.122518346852066,29.1201235998455,1.2515256855928931,40.72692159134801
2013-03-21,9739.132455460884,3.1216111541440745,29.16963594113091,1.2495739736638265,40.7436096049574
2013-03-22,9754.131912264442,3.1120636391720726,29.320358356502936,1.249382143960457,40.837967253629905
2013-03-25,9740.378817162737,3.098569771936606,29.30653266331658,1.2436026285272517,40.8504058755315
2013-03-26,9736.132493585257,3.0961822564341808,29.300987481533316,1.2415830806313661,41.04501982738511
2013-03-27,9733.717105263158,3.0976660401002505,29.299812030075188,1.2443609022556392,40.909304511278194
2013-03-28,9721.171417415071,3.0964467005076144,29.225302616165564,1.2417024599765718,40.840296759078484
2013-04-02,9739.205607476635,3.077803738317757,29.299844236760126,1.234190031152648,40.8714953271028
2013-04-03,9747.591206735266,3.082319925163705,29.370127845338324,1.237683193015279,40.91440598690365
2013-04-04,9757.62209393041,3.079887657980964,29.369636448743954,1.2416913715088156,41.26150725542206
2013-04-05,9745.913164400496,3.060568603213844,29.310105067985166,1.239570457354759,41.19205809641533
2013-04-08,9747.124318513399,3.0575136297320125,29.229824157260232,1.2407279428703062,41.30154342317438
2013-04-09,9722.116564417178,3.036426380368098,29.039877300613497,1.2391104294478525,41.171779141104295
2013-04-10,9688.629069234297,3.0298028427326913,29.020327067094605,1.237964236588721,41.015589179275565
2013-04-11,9709.482430063266,3.0334629163808216,29.029651650278222,1.2366033996493635,41.02827959448128
2013-04-12,9707.722954336501,3.0387680049034635,29.030033711308615,1.2375881091020533,41.29865154765553
2013-04-15,9718.370155186913,3.0399816527788395,29.080345539331855,1.2372142802538033,41.188747037688245
2013-04-16,9719.521669586413,3.0400639805011807,28.970218600045698,1.2354330108919187,41.36567903115241
2013-04-17,9711.927793434383,3.0351131083860157,28.859776068245868,1.2351283418386778,41.295605148907
2013-04-18,9717.117669605212,3.034036029129935,28.70985051743963,1.2351092372556536,41.22729014948256
2013-04-19,9708.486465878765,3.0355318337781165,28.600076248570335,1.2359130766298132,41.13610369805566
2013-04-22,9716.86737746414,3.048707524737286,28.669939403236942,1.239625680754775,41.334662882565006
2013-04-23,9724.788298691301,3.057582755966128,28.829869130100082,1.2404157043879909,41.287913779830646
2013-04-24,9716.869137321237,3.048131631554667,28.929724742426572,1.2415039212671075,41.25557435029986
2013-04-25,9716.888379204893,3.037308868501529,29.110091743119266,1.2376146788990825,41.220183486238525
2013-04-26,9719.993845680438,3.0343872605585043,29.299946149703825,1.2384798830679282,41.24317255173475
2013-04-29,9718.393960192176,3.032563105315336,29.270189887897505,1.2335849919926791,41.14237779302982
2013-04-30,9719.476744186046,3.0419216646266833,29.300030599755207,1.233782129742962,41.15437576499388
2013-05-02,9737.18444393905,3.0504131604882114,29.4299143355318,1.2334167235236146,40.89151694337048
2013-05-03,9741.22312032942,3.0341619643129483,29.57983834070459,1.233262162574348,40.84489858166845
2013-05-06,9734.004730296789,2.977492942702373,29.55977721828031,1.2317082475013352,40.85679407949951
2013-05-07,9736.03418020905,2.980849927519646,29.539940489814605,1.2327000839246205,40.88426031891356
2013-05-08,9729.333840883137,2.961781499809669,29.34982870194138,1.228625808907499,40.74609821088695
2013-05-09,9725.110333282604,2.973976563688936,29.42017957692893,1.2284279409526708,40.83777202861056
2013-05-10,9736.60301817062,2.987295965506622,29.779796735448105,1.2372959655066216,41.14567292885741
2013-05-13,9739.219918291838,2.9977645879904418,29.68010483311493,1.240268249441147,41.15239343251368
2013-05-14,9741.85096709563,2.9889034445557523,29.710256607844645,1.2412730214995762,41.172844262926716
2013-05-15,9755.309390547263,3.0015547263681595,29.74968905472637,1.2472792288557215,41.26710199004975
2013-05-16,9758.138091543833,3.0114817688130335,29.79984484096199,1.252909231962762,41.29635376260668
2013-05-17,9755.948403139328,3.0219908306783743,29.780091693216256,1.2554200015541224,41.15626699821276
2013-05-20,9762.76355714619,3.0140045125651596,29.810161051894497,1.2551155372286624,41.22150470707228
2013-05-21,9762.272656614332,3.0199751282449867,29.819679776154207,1.259832115653661,41.29799471475206
2013-05-22,9764.861100363692,3.0215120328097194,29.800355954499732,1.2624003714307823,41.20869767081947
2013-05-23,9783.271260086904,3.0307262569832405,29.92008069522036,1.2648199875853507,41.72718808193669
2013-05-24,9796.135713733673,3.0344694334956333,29.919622845660406,1.2643944663420665,41.70415024345003
2013-05-27,9796.931756704536,3.0288275755467966,29.86011283715898,1.259216322745189,41.58822165546024
2013-05-28,9800.347812644923,3.041428350595146,30.020095841706603,1.264492193538414,41.873550780646156
2013-05-29,9801.621371216801,3.0785206917850525,30.179894996911674,1.266522544780729,42.422791846819024
2013-05-30,9812.005562422744,3.079032756489493,30.230222496909768,1.2666872682323855,42.34471569839308
2013-05-31,9797.378133169306,3.0960326003383054,30.355220667384284,1.261879132707981,42.31200984161156
2013-06-03,9804.720172201722,3.0990159901599017,30.459717097170973,1.2582257072570726,42.0579643296433
2013-06-04,9804.873205010696,3.094485181790407,30.410174152153992,1.251298502902536,41.8698441796517
2013-06-05,9806.129945664652,3.0792071630825744,30.519629601285683,1.2484120303053494,41.99280630596159
2013-06-06,9794.122579661533,3.0856837932611674,30.654063119377955,1.2482847995121207,42.08720841591706
2013-06-07,9802.413273001508,3.0935143288084466,30.589743589743588,1.242835595776772,42.36199095022624
2013-06-10,9961.988038458627,3.1399803164509046,30.79037020213491,1.2590657884775531,43.004012415777126
2013-06-11,9823.408423114595,3.155503654034506,30.989979657952237,1.2599261659007006,43.101785579748366
2013-06-12,9859.629434360171,3.131505611207351,30.960307298335465,1.2557053551254047,43.03683060932439
2013-06-13,9880.36800600826,3.1327074727750657,30.79008636875704,1.251896357491551,42.9770935035674
2013-06-14,9877.11042621965,3.1154626775915206,30.58032022851988,1.250695331880027,42.76854844771856
2013-06-17,9886.631176426481,3.131063957411712,30.67031566319262,1.2537302241883481,42.912948939041755
2013-06-18,9904.628383430538,3.1550022431583673,30.85015702108569,1.2602811425153284,43.210707342605055
2013-06-19,9907.63091153215,3.1515739221244217,30.73027002834552,1.2562285543786365,43.11800686259884
2013-06-20,9924.378787878788,3.203636363636363,31.11969696969697,1.2737121212121212,43.78484848484848
2013-06-21,9930.379362670712,3.2034901365705615,31.110015174506827,1.2738998482549317,43.783763277693474
2013-06-24,9932.141219624027,3.2180956747669263,31.12028121656732,1.279688216414489,43.888888888888886
2013-06-25,9927.866605756053,3.1825034262220195,30.950205573321153,1.2667123496269226,43.26557027562053
2013-06-26,9963.912776412777,3.2079238329238327,31.180128992628994,1.2747235872235871,43.48203316953317
2013-06-27,9926.381215469613,3.173879680785758,31.120319214241867,1.2634284837323513,43.31031307550645
2013-06-28,9923.860856269113,3.1605504587155964,31.049694189602445,1.264908256880734,43.153669724770644
2013-07-01,9953.493901971313,3.164531717419652,30.974917542379377,1.267853033673391,43.13799186929508
2013-07-02,9934.385803180456,3.1673964815241606,30.97026964738419,1.267880464008604,43.27341169240224
2013-07-03,9940.157419553978,3.1865884713326644,31.090361910641253,1.2740180569488386,43.47403349023844
2013-07-04,9940.380468268639,3.1806839186691316,31.109827479975355,1.272720271102896,43.378003696857675
2013-07-05,9975.316308313282,3.188465419545137,31.150353178607467,1.275401692152449,43.37654273073042
2013-07-08,9956.163424124514,3.2018677042801555,31.449805447470816,1.2817120622568094,43.680155642023344
2013-07-09,9957.385082056466,3.18783542039356,31.29034767052967,1.2782919810220112,43.5334837053745
2013-07-10,9965.386716615936,3.1798173729805663,31.26980410520565,1.2761258097244985,43.35830796846952
2013-07-11,9967.379638147808,3.1682766022692426,31.13998773382398,1.2618828580190125,43.29116835326587
2013-07-12,9990.616848243058,3.177535675924506,31.17999079330981,1.2659199017953047,43.396501457725954
2013-07-15,10017.153396864433,3.19036274208423,31.179680295112206,1.2673685828466033,43.41761450968337
2013-07-16,10122.28998322915,3.17670376581796,31.0497026985821,1.2591096203689585,43.21542918127763
2013-07-17,10043.201887941534,3.1915347137637027,31.090133982947624,1.2636266747868452,43.357186358099874
2013-07-18,10125.609104101428,3.193233025280685,31.089895363934932,1.2673947911097534,43.38654242725121
2013-07-19,10077.581345728873,3.194010515888135,31.032538291549184,1.2642688409662424,43.37575249561838
2013-07-22,10064.848853106485,3.1803888804496427,30.960048610056205,1.2621904906577548,43.1991493240164
2013-07-23,10224.051593323216,3.178528072837633,30.9597875569044,1.2667678300455234,43.18285280728376
2013-07-24,10280.348784538728,3.1875283104333385,30.93990638683376,1.265589611958327,43.22965423524083
2013-07-25,10272.905620360552,3.1985305256779273,31.120284805332524,1.2679896985305257,43.36085441599757
2013-07-26,10275.384615384615,3.2076923076923074,31.14027149321267,1.2643288084464555,43.24660633484162
2013-07-29,10269.231348907311,3.225998492840995,31.170308967596082,1.267370007535795,43.30670685757348
2013-07-30,10273.885877747665,3.2255344775669976,31.269948810599217,1.2700993676603434,43.34989461005721
2013-07-31,10261.06967984934,3.2506967984934088,31.28964218455744,1.2729943502824859,43.46290018832392
2013-08-01,10279.60864309459,3.242520398912058,31.279842852825624,1.2719854941069808,43.62345119371411
2013-08-02,10286.73028857078,3.262516094826933,31.389835643414376,1.2760736196319018,43.628720745285165
2013-08-05,10285.388851172964,3.2315003394433126,31.320057328203966,1.2686128083276758,43.45477860752809
2013-08-06,10283.840361445784,3.246686746987952,31.39984939759036,1.268222891566265,43.52710843373494
2013-08-07,10284.614806463736,3.2544907929349867,31.440060127771517,1.267794062382563,43.78654641112364
2013-08-08,10287.387724550897,3.2464820359281434,31.249999999999996,1.2610778443113773,43.557634730538915
2013-08-09,10279.38383309654,3.254467957825469,31.26972257533837,1.25843116727735,43.50482315112541
2013-08-12,10299.164156626506,3.248493975903614,31.240210843373493,1.2624246987951808,43.65210843373494
2013-08-13,10301.143717080511,3.2584650112866815,31.249811888638074,1.2650112866817156,43.809631301730626
2013-08-14,10320.614664350978,3.2735029827078455,31.340330740768707,1.271237634976969,43.777844899192026
2013-08-15,10403.391742498306,3.277506204407009,31.279987967210648,1.2717906294652928,43.773031510867106
2013-08-16,10505.397301349325,3.2772113943028485,31.280359820089956,1.2709145427286357,43.71289355322339
2013-08-19,10559.607314148681,3.287095323741007,31.379646282973617,1.275929256594724,43.80770383693046
2013-08-20,10728.59916367981,3.2859916367980886,31.65994623655914,1.2759109916367983,43.888142174432495
2013-08-21,10837.2011356844,3.2934847579199045,31.82979677226539,1.276673640167364,43.93903167961745
2013-08-22,11137.581625759964,3.3154694888538616,32.04008106282369,1.2828191848682728,44.173234256548824
2013-08-23,11024.934481467615,3.3010108573567956,32.00973418195433,1.2819168850617746,44.187944590041184
2013-08-26,11124.99812888257,3.3071626375271315,31.93997455280293,1.2796197889379537,44.2362098645311
2013-08-27,11331.428999850052,3.3310091467986203,32.18998350577298,1.284675363622732,44.61538461538461
2013-08-28,11210.002247696111,3.334532104592792,32.30014235408706,1.2820858619914588,44.69843410504233
2013-08-29,11149.623096638023,3.2982059399969845,32.180009045680684,1.2750640735715362,44.55826925976179
2013-08-30,11272.02115602569,3.2908197959954673,32.15489233094069,1.2744238760861355,44.57574612769173
2013-09-02,11386.386007420308,3.2725070038615884,32.03528431892178,1.2734913303551147,44.349208752934054
2013-09-03,11456.566960218646,3.2873519587002735,32.143941694503496,1.278165806255694,44.4890677194048
2013-09-04,11452.000607395035,3.284033103029383,32.20484397540051,1.2744666312352897,44.30415306354871
2013-09-05,11604.703832752613,3.306771701257385,32.339797000454475,1.277230722617785,44.46068777457961
2013-09-06,11558.61858656705,3.3289624151863992,32.35495921323473,1.2784935579781962,44.46748494320347
2013-09-09,11458.215855691982,3.29149613460664,32.19493709261786,1.2717144156434743,44.03365165984539
2013-09-10,11310.279456193353,3.2764350453172204,32.16465256797583,1.268429003021148,43.74924471299094
2013-09-11,11342.282182695208,3.263415737111848,31.989749773892072,1.2686915887850467,43.681790774796504
2013-09-12,11166.215199398044,3.2747178329571107,31.73513920240783,1.2677200902934538,43.7915726109857
2013-09-13,11223.422339225273,3.291462955998496,31.8631064309891,1.268597216998872,43.837532907107935
2013-09-16,11122.123231264504,3.2900351875421125,31.70023208804372,1.2595642734146888,43.49030470914127
2013-09-17,11182.419886193471,3.2440101826894283,31.730308475591496,1.2603324348607368,43.57142857142858
2013-09-18,11086.908328340323,3.2344218094667467,31.659676452965847,1.2586129418813663,43.398741761533856
2013-09-19,10858.287190845329,3.153488372093023,30.959763750461427,1.244518272425249,42.952380952380956
2013-09-20,11080.412905135416,3.165014059493858,31.019683291401513,1.249297025307089,43.169305904987425
2013-09-23,11164.57654723127,3.1940331655315366,31.276280722534793,1.251628664495114,43.26547231270358
2013-09-24,11244.704223261338,3.2168039783270244,31.339716469976988,1.255696578341869,43.44837823795739
2013-09-25,11476.273696682463,3.2221563981042656,31.287766587677723,1.2546652843601895,43.401954976303315
2013-09-26,11241.417882806134,3.214386250833395,31.209719238462107,1.255426327876139,43.33432106081931
2013-09-27,11327.916081849746,3.227598433921844,31.280195021053412,1.2547093152101647,43.32643864962695
2013-09-30,11421.895594224361,3.2656793780081452,31.295075897815625,1.255905220288782,43.513513513513516
2013-10-01,11354.66283016084,3.2355762136638635,31.159805223550247,1.2520289213516307,43.30234617087207
2013-10-02,11324.58009618942,3.227894931557529,31.288938216796154,1.251720310765816,43.432482426933035
2013-10-03,11301.088715609829,3.195306752979256,31.27997646020303,1.248712667353244,43.08518464028248
2013-10-04,11242.411535349076,3.1786213492238655,31.299933789450453,1.2463768115942029,43.15382917678217
2013-10-07,11218.589743589744,3.1850869437076335,31.38225758915414,1.2477158856469202,43.10418508694371
2013-10-08,11161.63818503241,3.1875368296994697,31.353123158515025,1.248084855627578,43.133470830878025
2013-10-09,11149.411764705883,3.198076211616722,31.43766185719571,1.251794302626711,43.171291157972625
2013-10-10,11127.002660360627,3.1865208394915756,31.370085722731307,1.2502216967188886,43.178391959799
2013-10-11,10902.793749078579,3.1788294265074453,31.279669762641895,1.2458351761757334,43.04953560371517
2013-10-14,10920.598643468004,3.1812149808316135,31.304924800943677,1.2449130050132704,43.086110291949275
2013-10-15,10939.457496479657,3.1815015193063068,31.279922922997113,1.2428666716075003,43.04750611428148
2013-10-16,10987.478799498562,3.17181623774058,31.27497972125949,1.243934813066883,43.133987169087824
2013-10-17,10859.003074220465,3.1510027814375636,31.02034841165276,1.2405211535646319,43.04787000439174
2013-10-18,11328.756211634025,3.1567524115755625,31.050131540485236,1.2375036539023676,43.01593101432329
2013-10-21,10876.000585351576,3.1696787883222357,31.09680251701178,1.241530694373308,43.19455623033584
2013-10-22,10836.587684657014,3.1733216322948663,31.16279069767442,1.2408951294427382,43.16951879479304
2013-10-23,10967.001163467132,3.167684700407214,31.170011634671322,1.2398923792902852,43.08827806864456
2013-10-24,10837.783411807315,3.1477001086562835,31.13799348062296,1.2367982614994566,43.084389713871786
2013-10-25,11014.763736662555,3.1565652899760472,31.096755462001887,1.2364810916745301,43.00137911011106
2013-10-28,11052.437608821821,3.135519442832269,31.062826465467207,1.2378119558908878,43.08546140452699
2013-10-29,11102.622022080186,3.145264381173736,31.059703660662404,1.2401946542707727,43.08323649041255
2013-10-30,11106.208651399491,3.1472191930207196,31.04980007270084,1.2375136314067612,43.14067611777536
2013-10-31,11271.417051535811,3.1554138259658377,31.128216406421817,1.2386921779928157,43.2307015614691
2013-11-01,11335.209181784525,3.1783043317289894,31.198815253609773,1.2427249166975194,43.35283228433914
2013-11-04,11354.620168813859,3.178513253368873,31.277950540500516,1.2432992743965645,43.37997926847327
2013-11-05,11354.075885578777,3.1731880835927084,31.239810286053064,1.2409218912109088,43.25922632281014
2013-11-06,11282.414736997856,3.179033809277207,31.265073611008365,1.2422135089147002,43.33505955463491
2013-11-07,11394.388327721661,3.1801720912832026,31.328095772540216,1.2433969322858212,43.25851103628881
2013-11-08,11409.150472786836,3.1784677239222696,31.34018315836498,1.241828605464969,43.16581043853771
2013-11-11,11560.004479617739,3.199790951172167,31.625354636404364,1.2483201433477678,43.6165447215171
2013-11-12,11516.28945801072,3.212328767123288,31.57980941036331,1.249627754615843,43.82519356759976
2013-11-13,11419.932910920612,3.211703317182259,31.580320536712637,1.2483786805814387,43.773387998509136
2013-11-14,11394.633819589164,3.20512057159869,31.589758856802625,1.2477671926168503,43.611193807680856
2013-11-15,11620.0,3.202303120356612,31.595096582466567,1.2474739970282318,43.55349182763744
2013-11-18,11632.573795960643,3.1851002441370126,31.580232300066584,1.2459865354738477,43.612487978101655
2013-11-19,11597.49666716042,3.178492075248111,31.592356687898086,1.2432972892904754,43.51503480965783
2013-11-20,11511.066755378133,3.1803799807791826,31.669993346640055,1.2438826051600502,43.68152583721446
2013-11-21,11702.501484560571,3.205017814726841,31.812648456057005,1.2483669833729216,43.755195961995256
2013-11-22,11473.198698032254,3.220816688859299,31.835330670217488,1.2513685456428467,43.932534398579676
2013-11-25,11749.3044250407,3.2193281041882496,31.980168713926304,1.2523309160870209,43.85600118395738
2013-11-26,11762.97335203366,3.2202701705174577,32.08311803351295,1.2523067837897688,43.75212224108659
2013-11-27,11796.432774345396,3.23050897322742,32.11974110032363,1.2544866137099147,43.673139158576056
2013-11-28,11790.126545026485,3.2324896998234256,32.123307828134195,1.2556650971159506,43.729399646851085
2013-11-29,11740.908089045624,3.225699801631034,32.06524134890897,1.2550143266475644,43.67570347513041
2013-12-02,11769.99852245863,3.2089982269503547,32.140218676122934,1.2548020094562649,43.7182328605201
2013-12-03,11743.297982029755,3.2160111945794667,32.18073353954927,1.253719251730741,43.74944763588157
2013-12-04,11900.316362566216,3.2249852854620364,32.24396703943496,1.253972925250147,43.89714537963508
2013-12-05,11950.706193909078,3.2281153450051496,32.279682212740916,1.2537884360747389,43.8730322200971
2013-12-06,11930.437010467755,3.234902276553693,32.30583412634507,1.2531293463143254,44.02239953151307
2013-12-09,11835.228100859931,3.2087888062964582,32.13015595394257,1.24901617839965,44.112374289462174
2013-12-10,11906.196363636363,3.2068363636363633,32.071999999999996,1.2495272727272726,44.24509090909091
2013-12-11,11912.36289678216,3.2141352509624466,32.04329192997748,1.2505992590978428,44.14905208106341
2013-12-12,12048.174228675138,3.228021778584392,32.08784029038112,1.2534301270417423,44.16116152450091
2013-12-13,12017.316238070953,3.236322575945217,32.0550739418664,1.2567203321920304,44.16114227434982
2013-12-16,11982.876016260163,3.2394018583042974,32.030342624854825,1.2552990708478515,44.06213704994193
2013-12-17,11979.998545348752,3.2521637937304533,32.122336169903264,1.2574732707833298,44.24903629354862
2013-12-18,12069.88144592334,3.2590006545930614,32.26780129463961,1.2587097243435885,44.2737653647538
2013-12-19,12091.446550084145,3.2757737616155707,32.465061827760294,1.2667739811224117,44.481598009804635
2013-12-20,12194.375686561698,3.288026363969242,32.59978030025632,1.267667521054559,44.54778469425119
2013-12-23,12120.55904247555,3.2927309881769085,32.6813603853452,1.2661655232812727,44.39132973288571
2013-12-24,12147.339959076291,3.2947237649809993,32.71704180064309,1.2676118094124524,44.424144986845945
2013-12-27,12183.791805414796,3.287679166063414,32.8753438540611,1.2674822643694803,44.349210945417695
2013-12-30,12217.31118043967,3.2944932162809257,32.81578756439091,1.2683015308713632,44.41050569542189
2013-12-31,12156.319338699152,3.2790225509390183,32.759045754477555,1.2627075629033429,44.44130229860054
2014-01-02,12152.547957241179,3.2914043051691317,32.960169863816084,1.2687069849172645,44.46112168692342
2014-01-03,12126.448584421301,3.2829690479683147,33.02185712190113,1.2647792283995893,44.66187472495233
2014-01-06,12164.556682840757,3.2848845757976766,33.07381267460668,1.268416409351566,44.59123658285546
2014-01-07,12045.458544095007,3.284070082838501,33.08701708085917,1.2700681768198812,44.70273440363609
2014-01-08,12043.217595998234,3.275415624540239,33.03369133441224,1.269824922760041,44.66897160511991
2014-01-09,12190.001469291801,3.2779900088157508,33.017925359976495,1.2712312665295327,44.670143990596536
2014-01-10,12015.75034959888,3.26952233752852,33.06763818355781,1.2699639361154045,44.70891293147862
2014-01-13,11833.741028270106,3.2627801376885897,32.99179727552365,1.2648308188076756,44.58766661784093
2014-01-14,11845.474500621935,3.2638472232384577,32.72334821101924,1.267578839540499,44.778663935025975
2014-01-15,12085.043363222108,3.286270762898721,32.84506835219756,1.272306335440247,45.09481111274438
2014-01-16,12121.063469883062,3.2973450025740974,32.7976759579319,1.2736633080826654,45.10038979186586
2014-01-17,12092.89605418139,3.295936395759717,32.84525912838633,1.27363074204947,45.101590106007066
2014-01-20,12093.822792274805,3.317411174996314,32.81586318738022,1.2759840778416631,45.12310187232788
2014-01-21,12135.014047020553,3.338163536891912,32.92104095815467,1.2796096406920006,45.41401744787816
2014-01-22,12142.319032876308,3.331785345717234,32.899896800825594,1.2779743476337904,45.30443756449949
2014-01-23,12165.224723220179,3.3305227655986513,32.87997653786935,1.2789793973165189,45.270181098321
2014-01-24,12162.446116753124,3.353693285599474,32.86768466427997,1.2796814495506685,45.45919485643311
2014-01-27,12166.334748865134,3.342509884316884,32.889881388197395,1.277200175721189,45.36681798213502
2014-01-28,12142.44266979266,3.33482306396073,32.90131145138838,1.274672137152905,45.223825921312915
2014-01-29,12160.758377425045,3.33370076425632,32.91519694297472,1.274617871840094,45.266754850088184
2014-01-30,12193.450714601444,3.3458818329158686,32.963754236039485,1.2761897745690292,45.32709591866804
2014-01-31,12181.547795205684,3.347514057413436,32.997188517312814,1.2783367860313704,45.39804675939627
2014-02-03,12239.954067269226,3.3722773744258405,33.194547340346716,1.2751518743517558,45.38968736109053
2014-02-04,12202.773873807233,3.3285745987129225,32.77017530882461,1.2687328944448553,45.31326281529699
2014-02-05,12151.502621280364,3.3120431219079967,32.76009746732629,1.268330502842797,45.29350956213542
2014-02-06,12192.404594294185,3.325898480918859,32.809929603556874,1.2682474990737311,45.171545016672844
2014-02-07,12161.138942095182,3.3368940621776924,32.865772800942985,1.268822749373803,44.99852659496096
2014-02-10,12172.811262648482,3.343892066285379,32.81272913916997,1.2698342865522805,45.024197096348445
2014-02-11,12144.830359754314,3.3327727405674175,32.72667446621819,1.2671833869552502,45.0497221409769
2014-02-12,12083.887128858763,3.3224784498637,32.55801959773079,1.2661902306048773,44.814705665659766
2014-02-13,11984.91407678245,3.322486288848263,32.59012797074954,1.2677879341864717,44.95502742230347
2014-02-14,11825.001823885606,3.2946669584883637,32.31633471948639,1.2613263296126067,44.577223316553585
2014-02-17,11784.998905029566,3.2944010511716186,32.23665961019053,1.2584130228483832,44.35944229505804
2014-02-18,11844.701769718156,3.2975020027674606,32.44993081348773,1.2610152210326997,44.599082368363554
2014-02-19,11752.280829392506,3.295016369588941,32.54929065114587,1.261185885776646,44.61113132048017
2014-02-20,11803.648037355902,3.30949948927477,32.59886181234496,1.2660148839924121,44.782576973588206
2014-02-21,11743.999416356606,3.2945210476398916,32.54030787189028,1.2676734515211205,44.56992777413001
2014-02-24,11644.7469967237,3.2838733163451037,32.55260283946123,1.2677830360393156,44.656716417910445
2014-02-25,11642.976588628762,3.2805002181183656,32.55198487712666,1.2647229896757308,44.61901992147739
2014-02-26,11615.117295643304,3.275316916800233,32.552090922337165,1.2651172956433046,44.6065860410899
2014-02-27,11665.553602811951,3.2800966608084363,32.55199179847686,1.2659636789689515,44.69903339191564
2014-02-28,11611.416781292985,3.276985448490553,32.62723521320495,1.265981321943097,44.649243466299865
2014-03-03,11598.9976757699,3.284572922719349,32.55229517722254,1.2682306798373038,44.74433468913422
2014-03-04,11589.998547356188,3.2720075537478213,32.41502033701336,1.2688117373619987,44.76975595583963
2014-03-05,11586.462277891058,3.272065249053306,32.29609670841829,1.2687882318671715,44.78444509175648
2014-03-06,11453.08112040742,3.260822117133503,32.29028737722808,1.2641687886504183,44.55874863586759
2014-03-07,11387.231898661294,3.2565136029940986,32.26788541816612,1.2632791132863108,44.31409241399165
2014-03-10,11423.233196455587,3.2832648944600535,32.37879115337512,1.2674879331460271,44.498955406670994
2014-03-11,11444.238267148015,3.28043321299639,32.28736462093863,1.2670758122743682,44.43826714801444
2014-03-12,11469.41023979261,3.289767408367538,32.43969179808454,1.267588392021315,44.64391157197379
2014-03-13,11395.359345861425,3.273992253622149,32.320327069287046,1.264309281308277,44.54095538660163
2014-03-14,11330.409104004608,3.2801065975223276,32.28824546240276,1.265413425525785,44.67084413713627
2014-03-17,11292.132892276715,3.2770027326333957,32.24723141090177,1.2652092621889832,44.64331943046167
2014-03-18,11306.8191627104,3.2765069774133213,32.13278664940296,1.264782045748813,44.829520932239966
2014-03-19,11313.598792496226,3.282325882268382,32.16703802199382,1.2660820815065048,44.853015165672396
2014-03-20,11495.414910623454,3.2963958726929223,32.519982560674315,1.276994622874582,45.28556895800029
2014-03-21,11423.584905660378,3.308490566037736,32.359941944847606,1.2748185776487664,45.27213352685051
2014-03-24,11381.283577755192,3.301147088717874,32.48003484826485,1.2716712647016117,45.15318716422245
2014-03-25,11412.415693668867,3.3058234824860393,32.575966349989116,1.2692726086010588,45.12582493291754
2014-03-26,11411.03618301791,3.2991081139873835,32.5900949894859,1.2674207816692045,44.85316510767892
2014-03-27,11415.242040994332,3.2900130832969907,32.5650530600378,1.264864079081262,44.94766681203664
2014-03-28,11343.586016425612,3.262664437822516,32.5001816992514,1.2606294062068464,44.75179882258885
2014-03-31,11360.001450536698,3.2619669277632726,32.4260226283725,1.259501015375689,44.767914128227446
2014-04-01,11309.050036258159,3.266062364031907,32.36548223350253,1.2603335750543871,44.77447425670776
2014-04-02,11292.497281623777,3.274809713664371,32.392171076476984,1.2609641174338528,44.87422979340341
2014-04-03,11315.234913949604,3.2839299978215095,32.478396630600535,1.2631617166509332,45.03739742938058
2014-04-04,11321.788321167882,3.2802189781021895,32.55328467153284,1.264671532846715,44.94817518248175
2014-04-07,11302.419296072287,3.2680171974058148,32.48633680682067,1.261677475770604,44.899803250018216
2014-04-08,11287.41106432409,3.2400174241324233,32.3268476840424,1.2533033251052708,44.72484390881371
2014-04-09,11350.413223140496,3.227490213136146,32.274902131361465,1.2506162099463536,44.609250398724086
2014-04-10,11415.59097137088,3.226004182591764,32.234802048027696,1.248792096343838,44.354222254272734
2014-04-11,11439.237312572088,3.237024221453287,32.306084198385236,1.2501441753171856,44.43483275663206
2014-04-14,11437.412309250018,3.2506689809792433,32.28321400159109,1.2521877486077964,44.509293411441384
2014-04-15,11425.335072085778,3.244004926465261,32.27921466347895,1.2521191045424906,44.50047091212055
2014-04-16,11437.290462427745,3.2421242774566474,32.25505780346821,1.2507225433526012,44.44436416184972
2014-04-17,11420.07939372068,3.2378924575965358,32.1840490797546,1.249801515698304,44.344280043305666
2014-04-22,11531.584280234494,3.2661214445972355,32.321053774335965,1.2562061228920895,44.52920315553305
2014-04-23,11631.2057250253,3.2670955616596795,32.33916437762036,1.2571201387884923,44.723145872488075
2014-04-24,11609.261939218524,3.269464544138929,32.37771345875543,1.2575976845151955,44.766280752532566
2014-04-25,11574.578844624393,3.2704793579639935,32.26014026462295,1.2571759091895018,44.611380232810355
2014-04-28,11587.922949282158,3.2683789048409206,32.24514825770146,1.255825698001587,44.510497078132886
2014-04-29,11549.161001012586,3.259004773614928,32.28916534066252,1.2561840011572398,44.44380153334298
2014-04-30,11560.339350180506,3.2644043321299643,32.36534296028881,1.2568231046931406,44.581949458483756
2014-05-02,11508.072428221036,3.262011253787332,32.35608137353917,1.253426633963353,44.478430240946466
2014-05-05,11518.04093988756,3.2562346835807983,32.34971889865936,1.250036038633415,44.49978376819951
2014-05-06,11515.96988167802,3.253997848691287,32.33703836500538,1.2468268196486194,44.266045177482965
2014-05-07,11574.912041358511,3.2475048467006533,32.383858691749836,1.2490845120988008,44.31033244776334
2014-05-08,11539.066867340356,3.2506987744571063,32.484770300293846,1.246828639002365,43.94467139683223
2014-05-09,11494.913286408822,3.228503011392497,32.60576155576518,1.2491836586604745,43.65503229083521
2014-05-12,11520.879041046132,3.238794042862332,32.6182346531057,1.2506356701779877,43.693425354159096
2014-05-13,11518.375538203312,3.2384879223527694,32.6198642633,1.2527913595563014,43.77435598044224
2014-05-14,11420.416940010206,3.222465194256141,32.425103870544504,1.2497266564618412,43.56148407318318
2014-05-15,11420.623764550846,3.226004831978915,32.45698806647632,1.2525075042096787,43.778461087927376
2014-05-16,11390.245327102804,3.226416471962617,32.5,1.2511682242990656,43.85002920560748
2014-05-19,11415.581480131243,3.2107911046299673,32.471017134524246,1.249434925264309,43.64710171345243
2014-05-20,11464.421252371916,3.219165085388994,32.56166982922201,1.2523719165085387,43.73157203327981
2014-05-21,11508.547821000293,3.2159988300672713,32.47367651360047,1.2532173150043873,43.81324948815443
2014-05-22,11528.167983611356,3.2121744220076085,32.57316359379573,1.2524875621890548,43.587211003804505
2014-05-23,11612.443140132062,3.2100513573000735,32.60014673514306,1.2526779163609685,43.721203228173145
2014-05-26,11578.621195452879,3.20997433076641,32.58672533920059,1.2530253025302531,43.68756875687569
2014-05-27,11595.424549054114,3.2190203842205607,32.63601701129198,1.2564158967590557,43.80994280686318
2014-05-28,11637.999706055261,3.223177542621987,32.70429159318048,1.2563198118753673,43.963109935332156
2014-05-29,11618.755509844255,3.212973846605936,32.7953276520717,1.2544813399941228,43.87084925066118
2014-05-30,11705.151760123466,3.2163592268685237,32.84706401117072,1.253692952156978,43.83111633717939
2014-06-02,11774.04305341268,3.2282712511938874,32.869737712144584,1.2558224965101756,43.838806847402836
2014-06-03,11802.433125687065,3.228948332722609,32.664712348845725,1.2557713448149506,43.866617808721145
2014-06-04,11887.157848389226,3.2420195200704485,32.67703823291994,1.2572833345563954,43.873926763043954
2014-06-05,11827.434215375544,3.2253261590624307,32.66676494435026,1.2570944202845138,43.70162895260559
2014-06-06,11831.520304940623,3.2122122855886235,32.56120803401261,1.2523823486292331,43.54640082099399
2014-06-09,11777.689594356261,3.1979717813051147,32.42504409171076,1.2501469723691947,43.596413874191654
2014-06-10,11806.481139735735,3.207499815457297,32.501660884328636,1.2503137225954086,43.7070938215103
2014-06-11,11811.389975640363,3.213995718609286,32.509780763268616,1.2501660884328634,43.82003395585738
2014-06-12,11787.115612063868,3.2150354819633358,32.45490833826138,1.2477084565345948,43.73447664104081
2014-06-13,11794.458401063988,3.219742869809369,32.405792818087775,1.2503324959361608,43.876163735776565
2014-06-16,11823.115577889448,3.225687259828555,32.353680165533554,1.2508867868755544,43.922553946201596
2014-06-17,11893.587853773584,3.2236143867924527,32.4439858490566,1.2516214622641508,43.9733195754717
2014-06-18,11982.444886824449,3.23320799233208,32.50976922509769,1.252377792523778,44.077269040772684
2014-06-19,11933.942731277533,3.216813509544787,32.54772393538913,1.2483847283406753,43.750367107195295
2014-06-20,11971.415955254637,3.223506034736532,32.45289961730939,1.2503679717397704,43.762879010891965
2014-06-23,11986.694616063549,3.2135186819652843,32.4588114151221,1.248308325978229,43.84083553986467
2014-06-24,11990.53458657659,3.2134674695256282,32.423263327948305,1.2492289616683803,43.90365692465854
2014-06-25,12088.204186558944,3.2245317664340805,32.470069775982374,1.2506793977230997,43.85897906720529
2014-06-26,12104.556813170659,3.219829486991033,32.47905335881229,1.2505512273996766,43.80346905776863
2014-06-27,12018.325991189426,3.212481644640235,32.467694566813506,1.2492657856093978,43.80323054331864
2014-06-30,11896.434324205595,3.211011861180261,32.45204275882267,1.2481329623663788,43.67550153756041
2014-07-01,11873.12974868498,3.2066773816481593,32.413062536528344,1.2459088252483927,43.66160140268849
2014-07-02,11916.227299355594,3.2004979496192147,32.36965436438196,1.2458260105448156,43.59841827768014
2014-07-03,11929.312619082515,3.1947823538033124,32.39923787190386,1.2463725633885387,43.57833797449802
2014-07-04,11842.43450103032,3.1859729172799534,32.388136591109806,1.2458051221666178,43.48616426258463
2014-07-07,11710.300176574456,3.1895968216598,32.40950559152443,1.2466156562683932,43.51456739258388
2014-07-08,11628.287585547134,3.171830156744426,32.38722496136581,1.2435057767311797,43.39612922216499
2014-07-09,11626.854370359479,3.174299786811732,32.23112548702492,1.2428140851282805,43.33235315739175
2014-07-10,11580.116142311084,3.184798588650397,32.18612172890327,1.2430902675683622,43.5195530726257
2014-07-11,11589.79036410445,3.1863920559029055,32.15520411916146,1.240529606472968,43.5167340934167
2014-07-14,11670.573126880457,3.181918250532032,32.13032949291847,1.2399647758127248,43.45417186468042
2014-07-15,11747.109380739,3.1918754132079634,32.1391317123338,1.2418276647322413,43.62668037904944
2014-07-16,11700.169967484482,3.1890334023056464,32.11129175288206,1.2426840082766775,43.60774460537984
2014-07-17,11681.804066543438,3.1781885397412197,32.16635859519408,1.2417005545286506,43.54824399260628
2014-07-18,11620.613678373382,3.181663585951941,32.13530499075785,1.2413308687615527,43.46913123844732
2014-07-21,11544.570202692708,3.1722888001183605,31.916703654386748,1.2408640331409972,43.41396656310105
2014-07-22,11594.992953045024,3.175209554187375,31.798086195386094,1.2410058600993992,43.39069801943476
2014-07-23,11491.429632380245,3.167768288154474,31.795766802822133,1.2383215744522837,43.21054585963609
2014-07-24,11568.623812351545,3.1789637767220906,31.837143705463184,1.2387173396674585,43.31131235154394
2014-07-25,11578.705357142857,3.173735119047619,31.830357142857142,1.241220238095238,43.30282738095238
2014-07-28,11576.163180227797,3.177175612298072,31.80227797215812,1.2412714955706097,43.36038115089705
2014-07-29,11593.29808623129,3.174473155112071,31.81994191674734,1.2416412242162485,43.402338223248194
2014-07-30,11575.210805163793,3.1826729348556078,31.905827923289305,1.2437131557346466,43.40123871352884
2014-07-31,11578.279393078705,3.1967262127214293,32.10927573062262,1.2468046939233126,43.50923088422154
2014-08-01,11812.206047032476,3.2120194102276973,32.25083986562151,1.2483016050765212,43.88204553938037
2014-08-04,11758.947995827746,3.201981820891074,32.165847116674115,1.246610043212636,43.74087319326479
2014-08-05,11709.438051113435,3.1874906590943057,32.14018831265879,1.2465251830817514,43.56299506800179
2014-08-06,11801.641064068941,3.2,32.26676657924316,1.249981266391907,43.95803671787186
2014-08-07,11796.237283064032,3.20728605625374,32.270347097546384,1.2514961101137043,43.984141232794734
2014-08-08,11776.538691365402,3.200104571257843,32.134747535106065,1.2511951000896326,43.97669554825217
2014-08-11,11709.56222919468,3.198864485283132,32.10070222620649,1.249887942626625,43.93844314955924
2014-08-12,11686.160647384984,3.1972875768020383,32.10100404615615,1.2507867525850442,43.92327289075378
2014-08-13,11692.971556886227,3.192964071856287,31.997754491017965,1.250074850299401,43.92964071856287
2014-08-14,11674.986913931056,3.1713901144096317,31.8739250729081,1.2457937635534286,43.57586181111194
2014-08-15,11684.560800717061,3.1544666865850015,31.871825515386917,1.2440991933074395,43.63833283537497
2014-08-18,11685.631024433982,3.1566913248150636,31.83217514757528,1.2447881640887692,43.65911977882388
2014-08-19,11679.002546053618,3.1574809045978736,31.86011681893066,1.2451699865208927,43.62662872547551
2014-08-20,11717.321589882566,3.166967780788919,31.964016862390846,1.249171936163806,43.84974405299609
2014-08-21,11687.181420600211,3.171768963957171,31.980093500226207,1.250263911928819,43.837279445030916
2014-08-22,11678.661340167333,3.164317479460315,31.955227255596597,1.247832969020879,43.90668576166428
2014-08-25,11714.227272727272,3.162575757575757,31.98409090909091,1.2493939393939393,43.84924242424242
2014-08-26,11698.446027895696,3.157216494845361,31.923893268647664,1.2487871437234688,43.81519102486356
2014-08-27,11679.099946877133,3.146315549821659,31.916217651969337,1.2470972148440465,43.65940654170145
2014-08-28,11716.44407345576,3.1575352860828647,31.962361511610254,1.2489755653361663,43.74336014569737
2014-08-29,11705.800727934487,3.1580224446466483,31.954049135577797,1.2478010312405217,43.66317864725508
2014-09-01,11718.845655981118,3.1595979593390697,31.97517703495013,1.2490672352090155,43.489682479250746
2014-09-02,11747.914601601218,3.18459778879146,32.0983606557377,1.253602744948532,43.715592832634385
2014-09-03,11765.386662611209,3.1818112691050113,32.043190631891115,1.2523002053075813,43.64306896813931
2014-09-04,11771.648098348058,3.1751824817518246,32.0391855551287,1.2528620822128314,43.57741067998463
2014-09-05,11758.317886932346,3.182499227679951,32.07908557306148,1.2551745443311708,43.64226135310473
2014-09-08,11724.901521588014,3.175716382173477,32.0228624391751,1.2549625395844597,43.583841816637054
2014-09-09,11797.372500387537,3.1933033638195627,32.109750426290496,1.2608897845295304,43.760657262439935
2014-09-10,11814.99729290742,3.2038053987160646,32.17572898135974,1.2645989635702684,43.96627736097146
2014-09-11,11854.293007425742,3.1974783415841586,32.19987623762376,1.2643873762376239,44.02846534653466
2014-09-12,11835.287294099451,3.1944938519836055,32.194725852602275,1.261619364318305,44.00046400123734
2014-09-15,11957.540082100535,3.2302687630702507,32.28487336379831,1.2652776702037023,44.34435752459144
2014-09-16,11956.923314541664,3.223801065719361,32.24032743841223,1.2607923391767706,44.27137230674183
2014-09-17,11967.922198209322,3.2218277246063596,32.240660697746215,1.2635844396418647,44.30997221364618
2014-09-18,12024.463952765693,3.2549720323182103,32.3088875077688,1.2694996892479804,44.61622125543816
2014-09-19,11964.106753812637,3.237317149081855,32.212107065048244,1.265873015873016,44.49657640834111
2014-09-22,11987.792915531336,3.2440638380692874,32.21876216426625,1.2684312962242117,44.591669910471
2014-09-23,11962.39528389699,3.245113248526218,32.209121936084394,1.2669097114489607,44.432981694073845
2014-09-24,11959.465148916264,3.240293154529861,32.22906595976922,1.2661001091532824,44.43708092936223
2014-09-25,11992.471680302076,3.259361233480176,32.31828193832599,1.2706104468219004,44.81198867212083
2014-09-26,12051.47659440779,3.2609173735469676,32.30678605089538,1.2715205780710022,44.87433239082626
2014-09-29,12175.482245492482,3.262735217699394,32.38485158648925,1.2740729076450674,45.07361625068892
2014-09-30,12212.485098943018,3.2833187634109513,32.424699992052766,1.2765636175792736,44.97893983946595
2014-10-01,12146.449258113147,3.268983575339205,32.4843291279854,1.276283424581449,44.87582321669444
2014-10-02,12150.478980286598,3.2523157311376774,32.44082020425937,1.2731375188029452,44.85313910220886
2014-10-03,12197.85986049461,3.2657736207989854,32.52060875079264,1.2753646163601775,44.87079898541535
2014-10-06,12189.542379625946,3.2627138877835256,32.6191802626343,1.277676084361321,44.78790290489455
2014-10-07,12235.488220829699,3.2646942174982154,32.62393908146268,1.2773062584278576,44.79416197350679
2014-10-08,12250.486358244365,3.2730723606168444,32.612099644128115,1.2790035587188613,44.818505338078296
2014-10-09,12164.522447700383,3.2392854344589828,32.392070829742224,1.2681187808508971,44.67680012536238
2014-10-10,12236.271561956006,3.2577939547396744,32.46399746795379,1.2743313815477133,44.794271245450226
2014-10-13,12193.485290638064,3.2617714330783185,32.42605883744775,1.2709992901648395,44.75195204669138
2014-10-14,12216.48742685434,3.2718646212241027,32.51304760398545,1.2747113711845643,44.87347777953503
2014-10-15,12224.451286909838,3.2756197694615508,32.51223748618349,1.2768829938417812,44.906047686720356
2014-10-16,12278.555180798496,3.2963369676053023,32.49117577849243,1.275001960938113,44.9658796768374
2014-10-17,12089.526631833423,3.27208921469235,32.38009826093738,1.2731810028854402,44.85143882086875
2014-10-20,12015.415329210053,3.2704924450011736,32.30486181789712,1.2712753464338837,44.864949502857584
2014-10-21,11995.353392885127,3.263438332549757,32.28020686412788,1.2711173797210469,44.779031499764926
2014-10-22,12003.36405893012,3.262506893563381,32.31466162451745,1.2695186323170249,44.76561884503269
2014-10-23,12043.428842055411,3.2709763990843794,32.35693424895415,1.2735022495856028,44.81411318967559
2014-10-24,12075.527292835137,3.277984042973379,32.40777312583932,1.2764041393474996,44.78236827553519
2014-10-27,12126.524173830743,3.2765202303020744,32.4300023661172,1.2758892657149616,44.7921760391198
2014-10-28,12125.478506432382,3.2723564480702856,32.43489174772513,1.2729055538123628,44.77565108252275
2014-10-29,12095.375677161026,3.2702363193844706,32.46682892360838,1.271571013582476,44.737379288686505
2014-10-30,12149.515796158119,3.285918399745991,32.56469280838228,1.2783775202413081,44.880933481505
2014-10-31,12112.488022995849,3.2904822740338555,32.60300223570744,1.2864100926221655,44.99760459916959
2014-11-03,12126.486832626271,3.3180180901304728,32.67029536540462,1.2892819979188346,44.997198431121426
2014-11-04,12114.519737893559,3.328991529486974,32.66980981300943,1.2899952053699857,44.965638484896914
2014-11-05,12198.509615384615,3.349198717948718,32.84695512820513,1.2956730769230769,45.1025641025641
2014-11-06,12152.512582887271,3.336262682751458,32.82336023008708,1.2919229847407525,45.034752736278655
2014-11-07,12196.506092148793,3.346001775195675,32.87743080771403,1.2955700798838052,45.03590736706205
2014-11-10,12174.995995514979,3.3305301938170753,32.78792247316995,1.2892039083773827,44.88547172833574
2014-11-11,12223.510946555056,3.3452994204764974,32.8783000643915,1.2940276883451385,44.93480360592402
2014-11-12,12184.567257559958,3.3308735060559878,32.84190262292452,1.2898050854255236,44.862436833239755
2014-11-13,12189.46692357097,3.3363037893384715,32.805073859987154,1.2914258188824663,44.878773281952476
2014-11-14,12228.4898681248,3.3587166291412025,32.86024445159215,1.2992923769700868,45.038597619813444
2014-11-17,12196.462868117798,3.350992317541613,32.76488476312419,1.2977752880921893,44.96558898847631
2014-11-18,12113.480901390441,3.3531245005593737,32.7680997283043,1.2977465238932395,44.98801342496404
2014-11-19,12159.42560829677,3.3601116872756283,32.816912644595135,1.3041084962106102,45.19505384922218
2014-11-20,12149.485604912672,3.3669351622936436,32.815216524443734,1.3020974559374752,45.067389743998724
2014-11-21,12078.48977620351,3.3378682981806476,32.73466430526485,1.2971341168893897,44.91386250201256
2014-11-24,12141.490733279612,3.353585817888799,32.82594681708299,1.3037066881547137,44.97743755036261
2014-11-25,12156.479394719896,3.352462974887315,32.81310367031552,1.3032839665164198,44.96297488731488
2014-11-26,12179.486973947895,3.3511823647294587,32.779959919839676,1.301322645290581,44.969939879759515
2014-11-27,12167.435897435897,3.346474358974359,32.77003205128205,1.2982371794871796,44.86698717948718
2014-11-28,12244.436433549627,3.391812865497076,32.83826003364576,1.3032123688215975,44.977970039253385
2014-12-01,12284.489534044431,3.4260967198652663,32.84786269949475,1.3060389766621223,44.80631967278852
2014-12-02,12292.498390212493,3.437298776561494,32.85978750804894,1.3073084352865423,44.791532517707665
2014-12-03,12300.49468818425,3.4470034871462163,32.85297218392669,1.309626145486984,44.61763036250101
2014-12-04,12312.501015352123,3.448460726179839,32.91202989196653,1.3148403866460887,44.55040207944114
2014-12-05,12312.497977673514,3.4712020708623204,32.93722698592461,1.3179906164051125,44.59068111955994
2014-12-08,12362.514276390928,3.492821014847447,33.05188448360254,1.321667482460434,44.68591939957579
2014-12-09,12346.503355162096,3.480394534723906,32.929905408683,1.3178106556714364,44.56221198156682
2014-12-10,12345.505164622336,3.477081988379599,32.809877340219494,1.3123789541639768,44.58521626856036
2014-12-11,12378.50016092694,3.4909076279369167,32.82265851303509,1.3134052140328292,44.46572256195687
2014-12-12,12513.510040160641,3.494136546184739,32.79036144578313,1.3097991967871485,44.50602409638554
2014-12-15,12854.482536616772,3.5027361982939,32.939803637534204,1.3135361339127638,44.69579913085467
2014-12-16,12877.514556911543,3.491186089176039,32.944085506899576,1.3011087181941452,44.76190476190476
2014-12-17,12659.575835475578,3.486503856041131,32.96513496143959,1.3051895886889462,44.78711439588689
2014-12-18,12568.57956857957,3.4612128612128616,32.86609686609687,1.3145299145299145,44.74725274725275
2014-12-19,12423.527974590765,3.4748758042185846,32.86994054890463,1.3150093655835167,44.740614056519256
2014-12-22,12444.359246268048,3.494493841259483,32.85912390896484,1.3191124887837506,44.63904070478832
2014-12-23,12450.511749774829,3.4960288217473185,32.90264472283632,1.3216244984852208,44.676164742487515
2014-12-24,12451.509943530567,3.496931009084213,32.87421229233161,1.3225304853097637,44.68123414354693
2014-12-29,12403.52545707961,3.4974993850946956,32.977781421661064,1.3227842912191523,44.730671476592605
2014-12-30,12417.49177631579,3.4999177631578946,32.91036184210526,1.322779605263158,44.75328947368421
2014-12-31,12417.51091343382,3.498311506465695,32.87208631908409,1.3226258133596902,44.8365044065563
2015-01-02,12516.000996429462,3.516482604002325,32.95690442580752,1.3285726147969776,44.806941791912315
2015-01-05,12612.4129248846,3.543013008812421,32.98111624003357,1.336130927402434,45.04741921947125
2015-01-06,12668.339768339767,3.571428571428571,32.92009400705052,1.3349840523753567,45.00923283531979
2015-01-07,12713.760459808977,3.5817766883610846,32.889865607302845,1.3391936438170906,45.10438678049193
2015-01-08,12642.241672331746,3.559653297076818,32.879843643779736,1.3386301835486063,44.95921142080218
2015-01-09,12634.67366460679,3.559976297299585,32.884110725471935,1.336578345890121,44.94201303648523
2015-01-12,12604.9983056591,3.5670111826499493,32.88461538461539,1.3364113859708573,44.92714334124026
2015-01-13,12597.606518417926,3.5920896282464776,32.846715328467155,1.3355117976574435,44.741979290443055
2015-01-14,12622.71762208068,3.59380042462845,32.78386411889597,1.335371549893843,44.62590233545647
2015-01-15,12533.882815169114,3.5607277075503925,32.74513153399385,1.322087461564742,44.59856508370345
2015-01-16,12583.629616845012,3.5583362098722815,32.618225750776666,1.325768035899206,44.60131170176044
2015-01-19,12618.000861697543,3.5714778112882377,32.59026281775097,1.331581214993537,44.57044377423524
2015-01-20,12553.622938077555,3.607479056913378,32.68416961741083,1.3388030054408844,44.59107004059072
2015-01-21,12494.77270766842,3.608039334080911,32.56016561718278,1.3331320624514795,44.37505391184336
2015-01-22,12464.684110862454,3.5821139610948527,32.5796178343949,1.3323291444310554,44.218454122912725
2015-01-23,12480.246472584391,3.597160207179854,32.61028755134846,1.344704411502054,44.07840685836757
2015-01-26,12493.44539309854,3.6093916755602984,32.57826396300249,1.3439167556029883,44.08929206688011
2015-01-27,12483.654696621263,3.6034848752874575,32.55616486821157,1.3415000884486112,44.0819034141164
2015-01-28,12507.554654442876,3.6184767277856134,32.550246826516215,1.3526974612129758,44.11671368124118
2015-01-29,12619.328325231994,3.6313742819266466,32.74856385329209,1.3526292532037119,44.06716747680071
2015-01-30,12686.510393631137,3.6355594869526757,32.77753206545776,1.3526758071649712,44.16983635559487
2015-02-02,12706.31299734748,3.624137931034483,32.58001768346596,1.3527851458885942,44.128205128205124
2015-02-03,12621.668424753869,3.5881680731364276,32.63009845288326,1.3503867791842477,44.071729957805914
2015-02-04,12640.555652629739,3.566660842215621,32.60964529093133,1.345098724445221,44.08352262799231
2015-02-05,12611.551270815075,3.558720420683611,32.61437335670465,1.3460999123575812,44.121822962313765
2015-02-06,12606.412160391368,3.5246789551847644,32.529920503188606,1.343321394251769,44.18013453306543
2015-02-09,12666.563192904656,3.5602660753880264,32.64478935698448,1.3553880266075389,44.43458980044346
2015-02-10,12697.813578826237,3.579180313357529,32.63521288837745,1.3562892803399134,44.39939807028415
2015-02-11,12825.004419303517,3.616581226798657,32.640091921513175,1.3600848506275411,44.451122503093515
2015-02-12,12816.710805084746,3.6082274011299433,32.695091807909606,1.3591984463276836,44.32203389830508
2015-02-13,12798.559001845182,3.574641947104824,32.625428345488096,1.356559177576663,44.30542131622881
2015-02-16,12731.670757363254,3.5804698457223,32.59204067321178,1.3570301542777,44.17338709677419
2015-02-17,12768.103372755148,3.58466929478756,32.57468243539203,1.3546211125711782,44.130530004380205
2015-02-18,12879.774885684135,3.622933520928597,32.58002110446711,1.3607984523390786,44.294759057333806
2015-02-19,12854.202160358303,3.627733380170369,32.54939843681391,1.3582155089136734,44.16527619214894
2015-02-20,12843.175783324483,3.648521862276509,32.55177907594265,1.3595326606479023,44.26978226234732
2015-02-23,12928.916622411047,3.637192423437777,32.55974508762613,1.3616569304301647,44.31138254558329
2015-02-24,12919.438559322032,3.642037429378531,32.56002824858757,1.361228813559322,44.25935734463277
2015-02-25,12882.980786180151,3.6054997355896345,32.53040719196192,1.355367530407192,44.0578177331218
2015-02-26,12846.001590527525,3.577184766280817,32.31421754882036,1.3513298577361494,43.97543518600337
2015-02-27,12950.142348754447,3.6099644128113875,32.32740213523131,1.3602313167259785,44.02669039145907
2015-03-02,12970.000890709896,3.6315133161129416,32.33009708737864,1.3630533535227576,44.11507971853567
2015-03-03,12995.173710601719,3.635118194842407,32.352256446991404,1.3630014326647564,44.07234957020057
2015-03-04,12995.001797914418,3.652373247033441,32.394822006472495,1.367044228694714,44.12261776339446
2015-03-05,12975.941819495889,3.6512783449272743,32.41936941006414,1.369229379347728,44.130454422260364
2015-03-06,12936.59582231141,3.641612697254401,32.40992429079631,1.3686034844476875,44.04086472680835
2015-03-09,13068.600368324125,3.677992633517495,32.56998158379374,1.379281767955801,44.215469613259664
2015-03-10,13094.002607561928,3.7051592475321287,32.687651331719124,1.3865710560625812,44.285714285714285
2015-03-11,13176.054074494232,3.6972017394592545,32.8880695783702,1.3874078275666477,44.29192664019663
2015-03-12,13135.993592763592,3.680486196174503,32.81164609441252,1.377838499952888,44.262696692735325
2015-03-13,13213.999243284148,3.6909761634506246,32.90200529701097,1.3884790011350738,44.370979947029895
2015-03-16,13240.693378800795,3.70124088282656,32.928862366202516,1.3895993179880648,44.424552429667514
2015-03-17,13162.012223789376,3.6963798777621064,32.92618711800659,1.3885284438175836,44.63563704748472
2015-03-18,13176.812688821752,3.709592145015106,32.928625377643506,1.3911442598187314,44.84138972809668
2015-03-19,13048.627891729886,3.7046923293059844,32.777933876557086,1.3870000936592675,44.93677999438044
2015-03-20,13060.811061618413,3.730419450631032,32.69023756495917,1.3862286562731998,44.95081662954715
2015-03-23,12984.503299120235,3.6950146627565985,32.53024193548387,1.3706011730205279,44.762646627565985
2015-03-24,12922.767123287671,3.6484931506849314,32.483105022831054,1.364109589041096,44.75890410958905
2015-03-25,12965.489303595812,3.6659990896677286,32.51251706873009,1.367592171142467,44.7546654528903
2015-03-26,13036.161487286978,3.664631367903035,32.54533855827942,1.3658069807709834,44.810899480543156
2015-03-27,13023.682756079588,3.6840456890198974,32.54882092851879,1.369012527634488,44.82037582903464
2015-03-30,13068.42784693407,3.7110189027201477,32.57538035961273,1.3737206085753804,44.74596588289534
2015-03-31,13062.34780184032,3.7060135700343895,32.547634538525884,1.3731759457198625,44.66679059392137
2015-04-01,13037.480241748024,3.6992096699209673,32.510460251046034,1.3664342166434218,44.55323105532311
2015-04-02,13001.440443213296,3.6602031394275163,32.49030470914127,1.3590951061865189,44.40627885503232
2015-04-07,12991.39854337605,3.644049045819121,32.57582741771919,1.3574260164100673,44.52844104360653
2015-04-08,12941.40121524581,3.6301786043085986,32.56030197017124,1.353894310440066,44.425520162032775
2015-04-09,12891.228884351218,3.625394468164099,32.53016521254873,1.3538147391869315,44.46259513643958
2015-04-10,12928.410596026491,3.6669820245979188,32.55912961210974,1.3660359508041628,44.60454115421003
2015-04-13,13005.145943896894,3.712282031842305,32.577710386656555,1.3732941622441246,44.73085670962851
2015-04-14,12978.123816736084,3.7004922377887164,32.46024233244982,1.3631200302915563,44.60147671336615
2015-04-15,12937.80130447112,3.706021363077795,32.448246526136685,1.3613763115606388,44.508932791379145
2015-04-16,12845.140509756326,3.645411259452899,32.4050042012884,1.353935206796751,44.40481747735972
2015-04-17,12796.994636582209,3.6166081006103203,32.35805437395968,1.342888847789902,44.21953023857962
2015-04-20,12907.302060990394,3.630513848736361,32.39018931269234,1.3488762473188471,44.2516086915975
2015-04-21,12958.299065420559,3.631682242990654,32.36542056074766,1.3498130841121494,44.23271028037383
2015-04-22,12887.66638741506,3.5948059201340405,32.3596760681374,1.3456204039839896,44.174811505166154
2015-04-23,12947.901968065355,3.626717415521723,32.45729669513554,1.3472892684738211,44.196063869290754
2015-04-24,12954.000369549149,3.574094604582409,32.549889135254986,1.337490761271249,44.28122690317812
2015-04-27,12990.00184808723,3.5606172611347255,32.698207355387176,1.3338569580484199,44.292182591018296
2015-04-28,12948.677587626978,3.5467191360849273,32.5899148897227,1.3208565937585797,44.22073762240322
2015-04-29,12918.360298127613,3.560988911107071,32.85039083802945,1.323123068532994,44.30376295219051
2015-04-30,12971.654034774854,3.557289344627731,32.970129291127954,1.320998662505573,44.66161390994205
2015-05-04,13021.870516499283,3.6004304160688667,33.31958393113343,1.3325860832137733,44.65835724533716
2015-05-05,13066.942520464156,3.6130250966987503,33.40019789511559,1.3368714581271928,44.637042367545206
2015-05-06,13056.26001780944,3.5698130008904716,33.27960819234194,1.3267141585040072,44.57791629563669
2015-05-07,13139.274657231314,3.5976116762494468,33.58425475453339,1.3311808934099953,44.715612560813796
2015-05-08,13124.650209428748,3.597005614472863,33.50592638802246,1.3299171196863022,44.68496568933249
2015-05-11,13146.02405313229,3.5991742954586248,33.67528271405492,1.334679590737749,44.72267097469036
2015-05-12,13208.417118960764,3.613221816887624,33.75656197170567,1.3357949995551208,44.81359551561527
2015-05-13,13121.343908742534,3.5968273772391046,33.562962302825056,1.3292932893681488,44.666250779787894
2015-05-14,13040.940537700326,3.569664594097557,33.48892197215168,1.3182415272790964,44.52141168228391
2015-05-15,13133.933615819209,3.570709745762712,33.60699152542373,1.3261829096045197,44.460628531073446
2015-05-18,13142.426903152164,3.5692334708929674,33.3453332162613,1.3219773465624727,44.42532267977873
2015-05-19,13139.946332737029,3.596332737030411,33.43023255813953,1.3313953488372092,44.59928443649374
2015-05-20,13140.77172153265,3.6139593452059726,33.579780536067645,1.3357618276668468,44.59345205972298
2015-05-21,13132.237492140484,3.6039701787478666,33.41686876852601,1.3361178478397557,44.40222761160514
2015-05-22,13148.943031171622,3.5841096381225364,33.35901110713006,1.329989251164457,44.611250447868144
2015-05-25,13182.182546912005,3.6134086354527235,33.59628347604299,1.341592275460011,44.5964656585899
2015-05-26,13212.70364268717,3.6282262493135637,33.68021233754347,1.3460552809811457,44.65495149185429
2015-05-27,13220.546810273405,3.6467826567246617,33.85528859431096,1.3523888428610882,44.726134585289515
2015-05-28,13198.39390602056,3.652441262848752,33.8738986784141,1.3512298091042585,44.566813509544794
2015-05-29,13229.024612579764,3.6640838650866,33.73473108477666,1.3490428441203282,44.6207839562443
2015-06-01,13198.190789473683,3.68859649122807,33.69974415204678,1.3518823099415205,44.49652777777778
2015-06-02,13211.39722549642,3.6965273370205822,33.779127754102824,1.3550639223864358,44.69126847402303
2015-06-03,13244.970361056225,3.689509610202982,33.68600682593857,1.348841386743309,44.79252739356925
2015-06-04,13296.589202085359,3.6994786604223737,33.72890341963418,1.3449677476362996,44.87938499602368
2015-06-05,13293.367801747194,3.7231235514351932,33.721697272241045,1.3480121233731504,45.017828489926906
2015-06-08,13349.471420892312,3.7694857552409955,33.76993370363734,1.3586274861135996,45.21143164307472
2015-06-09,13332.002844697307,3.75251133434083,33.7283314072362,1.3508756333896346,45.121344119477286
2015-06-10,13285.415373703345,3.73871797145137,33.64128025534179,1.344800070928274,45.00044330171115
2015-06-11,13306.650641025642,3.7448361823361824,33.752670940170944,1.3474893162393162,45.29825498575499
2015-06-12,13325.338680926916,3.752762923351159,33.70766488413547,1.348128342245989,45.25490196078431
2015-06-15,13329.657692993404,3.7604742378320557,33.71189160278124,1.3466749866286325,45.22642182207167
2015-06-16,13344.003566651805,3.7545251894783775,33.69505127061971,1.3462327240303167,45.21355327686135
2015-06-17,13345.039453852294,3.7552974554481784,33.704229098324326,1.346661938115081,45.18308360670273
2015-06-18,13308.821466152225,3.703174324798316,33.62679761487197,1.3316380217467554,44.87986671343388
2015-06-19,13320.00177006815,3.7435171254093285,33.68970705372158,1.3372864855296929,45.0367289140632
2015-06-22,13292.992507712648,3.7324812692816214,33.65182899955927,1.3345967386513882,44.97752313794623
2015-06-23,13279.99821492324,3.741967154587647,33.75490896108533,1.3393430917529452,45.105319528739734
2015-06-24,13303.692143048249,3.761883528047802,33.777757959511284,1.3431731026487113,45.04949612057434
2015-06-25,13312.653935391754,3.75754060324826,33.75870069605568,1.3414242370158844,45.10887024808138
2015-06-26,13323.968934118906,3.7864667023745757,33.80467773611855,1.3479735761471165,45.090162470987316
2015-06-29,13355.196263361178,3.778855654360909,33.80490433845325,1.3487828976915477,45.1818916734034
2015-06-30,13350.996514433818,3.770220752524801,33.779604969166144,1.3466797747788006,45.11037626240057
2015-07-01,13342.963963963963,3.7618018018018016,33.817117117117114,1.3497297297297295,45.24504504504504
2015-07-02,13331.104283390567,3.775257545635279,33.815290077715524,1.3521597686607627,45.17169709018616
2015-07-03,13331.416726748379,3.779470079307859,33.77974044700793,1.3476027397260275,45.050468637346796
2015-07-06,13353.997093023256,3.817042151162791,33.8453851744186,1.3513808139534884,45.10446947674419
2015-07-07,13335.303265940902,3.817308571951331,33.95755191656756,1.3576982892690515,45.273991400603784
2015-07-08,13357.728592162553,3.807964441219158,34.016690856313495,1.3531386066763424,45.19049346879535
2015-07-09,13323.810385380857,3.795187262529401,33.92437126831916,1.3507327664193958,45.16374163198842
2015-07-10,13286.964684845774,3.7940098345999105,33.930263746088514,1.3477872150201162,45.10326329906124
2015-07-13,13299.19449723957,3.8065888315684675,34.029323920716806,1.3535161553081727,45.13892659969228
2015-07-14,13331.601849333696,3.7994742090472307,34.02774000543922,1.3599854954219925,45.22346115492703
2015-07-15,13336.31574166591,3.802979380506858,34.07575619947316,1.3624307384866927,45.25206649105277
2015-07-16,13387.512652986105,3.801509156160854,34.220115947363574,1.366890586178338,45.24247722462501
2015-07-17,13342.841399577555,3.7967673799246944,34.152814767196254,1.3655983102213245,45.194232711911106
2015-07-20,13417.85845927018,3.8102653888684115,34.42959823074088,1.372558053814965,45.318835237744196
2015-07-21,13375.614244961811,3.801325112726603,34.47961718965676,1.36569430385571,45.2001472347474
2015-07-22,13411.419922949915,3.7937075765914514,34.66795083470923,1.365712713263621,45.18436984039625
2015-07-23,13417.692517501591,3.8045276843349387,34.74406764251295,1.366396945176834,45.34321301936539
2015-07-24,13476.844318493462,3.8252125422799157,34.951092421610745,1.3748057409269585,45.56083737087484
2015-07-27,13496.608790016278,3.8200397901971423,34.893289925845544,1.370229697956231,45.53807198408393
2015-07-28,13445.48752834467,3.814965986394558,34.89977324263038,1.3671655328798187,45.499319727891155
2015-07-29,13464.052583862194,3.810335448776065,34.951949229374435,1.3667271078875793,45.508612873980056
2015-07-30,13490.616157005934,3.8189867640346877,35.0853491556367,1.3740757644911001,45.73254221816523
2015-07-31,13555.475517461477,3.8310385702562235,35.17005562140968,1.3752165587672107,45.72444606546914
2015-08-03,13505.789425623232,3.851794356679755,35.082640854716466,1.3776824034334765,45.72915715459776
2015-08-04,13478.838968376926,3.8522737628725054,35.038731431695986,1.3764695160849358,45.63382848810717
2015-08-05,13514.132132684002,3.877791050261876,35.234769824496915,1.3835339520352843,45.72084903059818
2015-08-06,13527.377124483233,3.912540192926045,35.17041800643087,1.3853927423059256,45.77859439595774
2015-08-07,13535.618316424458,3.926514943789416,35.15217987386893,1.383420162690796,45.73622155196051
2015-08-10,13525.145985401457,3.9364963503649633,35.13959854014598,1.3860401459854013,45.81478102189781
2015-08-11,13634.997738579828,3.973496155585708,35.28991406603347,1.3989145183175036,46.065128900949794
2015-08-12,13747.0551322277,4.03953384132676,35.24966382787987,1.4031376064545047,46.163155535634246
2015-08-13,13834.629579620127,4.010712035286704,35.27770276352507,1.3987757673958052,46.18957601944369
2015-08-14,13774.773968310805,4.080476233103572,35.20007161400054,1.40247068301853,46.15253782114404
2015-08-17,13867.873873873872,4.101801801801801,35.372972972972974,1.4093693693693692,46.309009009009
2015-08-18,13813.625678119348,4.090415913200723,35.54068716094032,1.4027124773960216,46.25768535262206
2015-08-19,13842.3693506023,4.101983515985871,35.59460193823023,1.4043112036953174,46.31645684267729
2015-08-20,13909.380309398193,4.1062326745953674,35.63802199767504,1.4040955021014039,46.627023160153804
2015-08-21,13939.615282333125,4.158762521053097,35.627160712702775,1.405194574949029,46.67405371864196
2015-08-24,14048.847525441419,4.267461076802644,35.76672175350092,1.4155866747847266,46.85309211098547
2015-08-25,14033.095776116807,4.214236050756127,35.53624196071615,1.397879367286633,46.60524943507735
2015-08-26,14107.621469917558,4.246009472022452,35.670057884581645,1.4037888089808805,46.66549728117874
2015-08-27,13998.741580999646,4.231832683445586,35.64516129032258,1.39959234314073,46.67493796526054
2015-08-28,14017.350017749379,4.18574724884629,35.888356407525734,1.4061057862974795,46.70837770678026
2015-08-31,14060.891662951406,4.190637539010254,35.84485064645565,1.4125724476148018,46.80071333036113
2015-09-01,14111.881452474192,4.182983268066928,35.74670701317195,1.4123353506585974,46.73816304734781
2015-09-02,14144.91337183474,4.2106619280319855,35.761883607285654,1.4160817414482454,46.77654375832963
2015-09-03,14205.218630332176,4.24018167245525,35.88476266809155,1.4160655445720902,46.824294238133405
2015-09-04,14174.636379960497,4.2489674986532595,35.84036631352128,1.4185670676961755,46.75525228945951
2015-09-07,14308.926969316346,4.33581553920689,36.11430109456307,1.426610443208326,46.98187690651355
2015-09-08,14276.034760795555,4.339276115391506,36.09120229349578,1.4197276473750222,46.88675864540404
2015-09-09,14246.63793877368,4.313044258910136,36.08313134033576,1.4168237723314483,46.91444474369334
2015-09-10,14298.1940098346,4.312740277156907,36.10818059901654,1.4159141707644167,46.83772910147518
2015-09-11,14300.905218317359,4.3168264110756125,36.150159744408946,1.415335463258786,46.81842385516507
2015-09-14,14340.902255639097,4.3048208757187085,36.03980539584255,1.4081379920389208,46.78372401592216
2015-09-15,14422.217314487634,4.292137809187279,35.949646643109546,1.4000883392226149,46.71996466431096
2015-09-16,14431.777698610616,4.233256145350908,35.96989668685429,1.4006056287851798,46.629853936587104
2015-09-17,14479.35820367751,4.22303748231966,35.74699434229137,1.3983380480905234,46.453323903818955
2015-09-18,14361.888081268064,4.208161835537263,35.551274192135914,1.3911901217269464,46.30703213941676
2015-09-21,14471.36,4.260533333333333,35.794666666666664,1.4082666666666668,46.46577777777778
2015-09-22,14573.957866427612,4.304527117884358,36.00537875392201,1.417929179740027,46.65262214253698
2015-09-23,14616.502242152466,4.347174887892377,36.13094170403588,1.42152466367713,46.79282511210762
2015-09-24,14753.22480206387,4.346766301930432,36.340183257717285,1.4281647540254423,47.006494084156216
2015-09-25,14654.972648192988,4.3863330642991665,36.15998565151108,1.4222939646668462,46.74558335575285
2015-09-28,14699.955237242613,4.423455684870188,36.350044762757385,1.4288272157564907,46.7958818263205
2015-09-29,14675.348089967867,4.447965012495537,36.44412709746519,1.4284184219921456,46.84041413780792
2015-09-30,14592.350263322323,4.394983486566098,36.340266000178524,1.4211371953940908,46.72587699723288
2015-10-01,14668.97695687259,4.406706715681879,36.42966018111719,1.4270599838608446,46.75602976777549
2015-10-02,14651.11111111111,4.414964157706093,36.60035842293906,1.4333333333333331,46.73207885304659
2015-10-05,14422.356710573158,4.368992524029904,36.35991456034176,1.4225703097187612,46.45158419366322
2015-10-06,14228.86671418389,4.362259444048467,36.32216678545973,1.4242694226657162,46.410370634354955
2015-10-07,13751.171666962542,4.207349547310492,35.86099769217114,1.4086632345109178,46.00479318302858
2015-10-08,13878.727563532968,4.220721521236894,35.98720454949351,1.411942420472721,46.13737337835437
2015-10-09,13506.86498855835,4.12946664319662,35.55007921140644,1.3954409434958632,45.718183418412245
2015-10-12,13439.866350127495,4.147542425041765,35.35039127758727,1.3977842257979425,45.72847973270025
2015-10-13,13637.796729382802,4.196852470546862,35.635660277826624,1.4004747670124846,46.055917003692635
2015-10-14,13614.408413672218,4.211656441717792,35.52410166520596,1.3860648553900086,45.965819456617005
2015-10-15,13453.413759944053,4.12326252294781,35.15779351341901,1.3770434478538334,45.75662208234986
2015-10-16,13520.98591549296,4.177992957746479,35.306338028169016,1.383274647887324,45.99471830985916
2015-10-19,13623.647754345717,4.2085061325333095,35.359569399099975,1.3840112944498368,46.098120532956855
2015-10-20,13686.292095313462,4.267475600105513,35.406664908115715,1.3884639057416688,46.37386793282335
2015-10-21,13748.55557512771,4.2865069579003,35.56015501144971,1.3929011802008102,46.44178263167166
2015-10-22,13614.531954388758,4.2838327587730936,35.59356492530717,1.3916732962079024,46.533191903120304
2015-10-23,13585.077589317936,4.227896066402021,35.4150126308192,1.3901118729700468,46.522013713460844
2015-10-26,13613.622740895467,4.224956861320497,35.45000454091363,1.3937880301516665,46.59703932431205
2015-10-27,13650.709700750382,4.274477895307838,35.503119066992134,1.3942681493535847,46.821263900189855
2015-10-28,13535.390166892195,4.270455570590888,35.46955345060893,1.393594948128101,46.818222823635544
2015-10-29,13680.896614821591,4.337968892955169,35.67337602927722,1.4065873741994512,47.0448307410796
2015-10-30,13679.459017881458,4.297903240446583,35.57592811110103,1.4019242988109286,46.73867659072343
2015-11-02,13653.226976069616,4.300308194343728,35.601885424220455,1.4019216823785352,46.87545322697607
2015-11-03,13608.491253644317,4.291545189504373,35.57580174927114,1.3996902332361518,46.91599854227405
2015-11-04,13483.603109282123,4.265020576131688,35.46044810242342,1.397896662094193,46.794695930498406
2015-11-05,13554.865386382431,4.298539005788845,35.56188550951024,1.40678121841404,46.90526509234586
2015-11-06,13549.116347569956,4.307529455081002,35.585419734904264,1.4096097201767306,46.92654639175258
2015-11-09,13650.733110616186,4.393466963622866,35.935412026726056,1.424461766889384,47.159428359317005
2015-11-10,13632.135188124359,4.382970777705164,35.93035197460555,1.4222761646905053,47.24115395387919
2015-11-11,13579.059350503918,4.351810377006346,35.87719298245614,1.4217991787980588,47.10246360582307
2015-11-12,13626.636211075891,4.365000932314003,35.920193921312695,1.4214059295170614,47.05854931941078
2015-11-13,13716.155704199182,4.378019323671498,35.900222965440356,1.421869193608324,47.12188777406169
2015-11-16,13780.033572694208,4.38645901333582,35.96474867108085,1.4224564021262707,47.22932015294227
2015-11-17,13726.569821930647,4.391846298031865,35.95595126522962,1.422211808809747,47.17806935332709
2015-11-18,13825.679729983123,4.368460528783049,35.99474967185449,1.4236827301706356,47.197637352334525
2015-11-19,13768.297932066998,4.333676429306634,35.860391129409564,1.4156451763825209,47.0281650603537
2015-11-20,13594.236526946108,4.285460329341317,35.74008233532934,1.4121444610778444,46.99756736526946
2015-11-23,13679.729094158594,4.2956448123412665,35.869626563822784,1.4184930862571725,47.15360737465902
2015-11-24,13724.692517134543,4.242981879635715,35.80978311895597,1.4152661721904047,47.08008637686603
2015-11-25,13688.768184394483,4.214906480256944,35.716040052900055,1.4063857925562062,47.075382580767055
2015-11-26,13766.943083301923,4.235959291368262,35.76045985676593,1.4082171127026009,47.12872220128157
2015-11-27,13826.654064272212,4.267485822306238,35.890359168241964,1.4108695652173913,47.18431001890359
2015-11-30,13843.869930995368,4.260043482370735,35.850269401644766,1.4122317799413933,47.188770205123355
2015-12-01,13813.198113207547,4.233962264150944,35.804716981132074,1.4100943396226413,47.178301886792454
2015-12-02,13801.451187335093,4.231530343007916,35.812287975876366,1.4097248398039957,47.148511119487374
2015-12-03,13806.990909942837,4.2252834785868245,35.85699559553931,1.4066160622247212,47.10804985474651
2015-12-04,13845.973215923683,4.224179049715648,35.84755090809026,1.3957072096862961,47.08035222894881
2015-12-07,13845.18456841521,4.232028864834859,35.859931538532706,1.4054029049865853,47.07188454066056
2015-12-08,14068.193103448277,4.291954022988507,35.96873563218391,1.412689655172414,47.208275862068966
2015-12-09,14040.626999360204,4.278036742528105,35.950095969289826,1.4059957956311122,47.199524723517044
2015-12-10,13946.906698345974,4.25833866398611,36.02485607237503,1.4016266106186603,47.23384812208718
2015-12-11,14101.643835616438,4.330958904109589,36.09041095890411,1.4096803652968037,47.45205479452055
2015-12-14,14136.82964581626,4.370390603660201,36.12309933533643,1.4103614677228442,47.461531457707366
2015-12-15,14033.794358507734,4.303457688808007,35.87534121929026,1.4064604185623295,47.36760691537762
2015-12-16,13987.944754413245,4.303027531327175,36.06603859873777,1.4092197932863808,47.33741882374463
2015-12-17,14025.357439350611,4.315100083018171,36.08984411032193,1.4160132829074807,47.44396273406512
2015-12-18,13931.432262827613,4.2857142857142865,36.15263935031377,1.4119601328903657,47.29881875230713
2015-12-21,13813.9374425023,4.294296228150874,36.11959521619136,1.4081876724931002,47.27506899724011
2015-12-22,13662.38130021914,4.2999452154857565,36.070124178232284,1.404218407596786,47.28725346968591
2015-12-23,13662.385489190181,4.311194576768047,36.059912055698064,1.4076584829607917,47.26731403444486
2015-12-24,13631.625102767883,4.288206814652416,36.02996254681648,1.4064127158125515,47.048506440120576
2015-12-28,13653.867907316184,4.298394453566867,36.12844371465061,1.4081372012406494,47.040686006203245
2015-12-29,13723.392987582178,4.296475529583637,36.08290723155588,1.4122534696859022,47.03615777940103
2015-12-30,13803.157605711147,4.291323448654585,36.00036609921289,1.4139666849716273,46.934834340106164
2015-12-31,13814.632130063379,4.3133094516395705,36.050335262239365,1.4160925874896666,46.8439423165243
2016-01-04,13942.585795558816,4.346026793907138,36.15984584327399,1.4253073958524498,47.1581941640668
2016-01-05,13846.528941001303,4.343011353061605,36.1213474781314,1.4247161734598919,46.87418574353248
2016-01-06,13953.54682554459,4.411469000186186,36.22882144851983,1.4344628560789423,47.09365108918265
2016-01-07,13930.05152741995,4.407802723592197,36.291866028708135,1.436510857563489,47.13470739786529
2016-01-08,13913.35972746524,4.384034619279992,36.26461651781604,1.4368842648006628,47.1448301261394
2016-01-11,13846.822189566496,4.3768368846436445,36.27020573108009,1.4334129316678912,47.139970609845705
2016-01-12,13811.000369139905,4.413990402362496,36.33074935400517,1.4368770764119603,47.338501291989665
2016-01-13,13820.247781065089,4.380732248520711,36.24537721893492,1.4323224852071006,47.41401627218936
2016-01-14,13912.65950610484,4.393188286055265,36.30955659597907,1.438538510970348,47.80684843477463
2016-01-15,13989.47223749313,4.4237676378962805,36.37987905442551,1.4417262231995602,47.90269378779549
2016-01-18,13921.639735585752,4.396529562982006,36.279838413514504,1.439037825927286,47.77451340433346
2016-01-19,13810.774751564224,4.373389768126611,36.278984173721014,1.4346705925653294,47.60765550239235
2016-01-20,13961.859356376639,4.394975703676538,36.29045567067021,1.4391675071055285,47.87659301366095
2016-01-21,13908.005140916186,4.38979160929037,36.264573579362896,1.438538510970348,47.889470302028826
2016-01-22,13834.752035529238,4.2846039970392304,36.01128793486306,1.4268134715025906,47.723908216136195
2016-01-25,13855.894590846048,4.272584373555247,35.93989828941285,1.430328247803976,47.97965788257051
2016-01-26,13845.861400756667,4.275629786841376,35.86324628587247,1.4301005813416996,48.03082033773184
2016-01-27,13860.148787656135,4.243479059515063,35.785268185157975,1.427443056576047,47.90778839088905
2016-01-28,13864.275887370448,4.198110611758231,35.831422544253876,1.4267632761625242,47.79968815922223
2016-01-29,13706.630036630035,4.147985347985348,35.68956043956044,1.4239926739926738,47.69413919413919
2016-02-01,13640.251745681733,4.166207276736494,35.611907386990076,1.4241087835354649,47.714075707460495
2016-02-02,13687.251579815002,4.214671673230149,35.749610770217046,1.4274200934151478,47.85786244161553
2016-02-03,13755.327906338609,4.2185127595353515,35.85383700722583,1.429708222811671,47.90085063569011
2016-02-04,13626.592896662502,4.116098518650722,35.65232910940567,1.4028199179011245,47.62270212386221
2016-02-05,13548.81271201571,4.153544009998214,35.50973040528476,1.3958221746116766,47.55490091055169
2016-02-08,13673.38077650662,4.185388703720386,35.54544635618413,1.4088820826952526,47.819115395009455
2016-02-09,13623.549305802777,4.172303310786757,35.44766820932716,1.403257386970452,47.74029903880385
2016-02-10,13446.504397263925,4.121702052056499,35.34956027360754,1.3923780758639068,47.42649018388558
2016-02-11,13471.745835903763,4.14497223935842,35.24720190358685,1.3901471754648804,47.5482506389354
2016-02-12,13491.38802660754,4.164523281596453,35.6,1.3974279379157428,47.504212860310425
2016-02-15,13370.214669051877,4.134525939177101,35.61538461538461,1.399194991055456,47.406082289803216
2016-02-16,13431.730252552392,4.180995880351065,35.63496328138993,1.4021135590184488,47.51029912233566
2016-02-17,13487.059985632186,4.215068247126437,35.630387931034484,1.4101113505747127,47.628412356321846
2016-02-18,13488.94803320101,4.171508480692891,35.566582461205336,1.4041862143630457,47.54150126308192
2016-02-19,13507.606344628697,4.220980533525595,35.74981975486662,1.407444124008652,47.623467916366266
2016-02-22,13445.193179756938,4.187465989479412,35.75004534736078,1.4029566479230908,47.63014692544894
2016-02-23,13394.391928740228,4.212506816942374,35.73986547900381,1.4073804762770405,47.62497727685875
2016-02-24,13447.17238867134,4.243966851834988,35.70986248975503,1.4095255441216648,47.66961114652581
2016-02-25,13410.501496327197,4.216922100299266,35.65974426407908,1.402285299718872,47.639430488800215
2016-02-26,13369.998182809377,4.211520988551699,35.64964564782846,1.4017808468108304,47.49772851172088
2016-02-29,13371.996693607642,4.212894930198384,35.660360029390155,1.4075128581925056,47.40540044085232
2016-03-01,13337.01250919794,4.1540654893303905,35.60430463576159,1.401582045621781,47.223142016188376
2016-03-02,13306.162490788505,4.164977892409728,35.5701915991157,1.402542372881356,47.27984524686809
2016-03-03,13234.996789285386,4.124575726997523,35.48023117145216,1.3905146316851664,46.978258875332536
2016-03-04,13135.004557885142,4.111212397447584,35.390154968094805,1.3810391978122152,46.78669097538742
2016-03-07,13090.002738975623,4.082899662193007,35.410389847530354,1.3820870994248153,46.91226148087283
2016-03-08,13142.999637286906,4.110174102285093,35.389916575988394,1.3836597751178819,46.9468625317374
2016-03-09,13170.755490750023,4.114371639478721,35.290257905768705,1.3825754123758316,46.85774172970018
2016-03-10,13049.820392373584,4.093027539836051,35.289674864142945,1.3827945104540849,46.58837616284425
2016-03-11,13060.98286744815,4.08755635707845,35.11000901713255,1.3770063119927862,46.49684400360685
2016-03-14,13044.761219534128,4.11421890457775,35.040021584674875,1.3743142368918067,46.573432862667495
2016-03-15,13177.495724187595,4.142857142857142,35.11027095148078,1.3794220901971375,46.73237915203889
2016-03-16,13267.498192335503,4.172903109182935,35.068691250903825,1.3842190889370933,46.775126536514826
2016-03-17,13039.996463619485,4.059499602157192,34.79002740694899,1.3539032799929274,46.31332331358854
2016-03-18,13081.026686763013,4.053196205337353,34.8399680822768,1.3544640482312262,46.41457576026244
2016-03-21,13197.418152781474,4.057137787241594,34.930352231390295,1.3595954218791588,46.39872238488155
2016-03-22,13175.99892971816,4.00303246521584,34.930431680342494,1.3610417409917945,46.3093114520157
2016-03-23,13213.561901351715,3.999015307492615,35.19022468892668,1.3678274102587056,46.41303374809775
2016-03-24,13252.501344809038,4.030482338174646,35.32992648377264,1.368836291913215,46.41025641025641
2016-03-29,13361.76523137395,3.9942826514204035,35.44041450777202,1.3677863140968376,46.336430230480616
2016-03-30,13249.841045566938,3.9298834334157537,35.22960084775697,1.3520840692334861,45.969622041681376
2016-03-31,13197.048748353096,3.871585419411506,35.149758454106276,1.3442248572683355,45.923583662714094
2016-04-01,13127.659202239329,3.8822603219034293,35.09009797060882,1.3461336599020293,46.0243177046886
2016-04-04,13147.407732864676,3.894288224956064,35.21968365553603,1.3508787346221443,46.18804920913884
2016-04-05,13227.579836368435,3.926717691563297,35.280197061669746,1.357438198293305,46.26814462918976
2016-04-06,13254.29604798871,3.939661256175018,35.29463655610444,1.3561220889202543,46.27381792519407
2016-04-07,13159.996480112635,3.9339141147483283,35.21999296022527,1.3524287222808868,46.26803942273847
2016-04-08,13144.996919827508,3.9103229780867723,35.099885593593235,1.3495555751122064,46.17530581712575
2016-04-11,13130.81650570676,3.8899912203687443,35.07989464442494,1.346883230904302,46.1387181738367
2016-04-12,13090.417690417691,3.884959634959635,35.05001755001755,1.3473148473148475,46.08371358371359
2016-04-13,13159.116657815544,3.8813949371570193,35.060187643830766,1.3511240927597805,46.0833775889538
2016-04-14,13192.605758976182,3.8870423035904733,35.11020263064344,1.363846427301813,46.19800924280128
2016-04-15,13171.45515774548,3.9068592697624953,35.07975895072669,1.358560794044665,46.128146047500884
2016-04-18,13170.838492835663,3.9274721386874227,35.03007252786131,1.3557403148770564,46.21705289226959
2016-04-19,13099.003790884246,3.8525963149078724,34.89993828793088,1.3397690205413029,46.098915630785505
2016-04-20,13158.99463924774,3.862378064856314,34.85016258019158,1.3398365409965727,46.24835222778803
2016-04-21,13125.002201673273,3.884191985909291,35.00044033465434,1.3431968295904888,46.518714222809336
2016-04-22,13203.471543993606,3.901536002841161,35.01021042351061,1.3505282784338097,46.75308532362603
2016-04-25,13196.324573863636,3.9046519886363633,35.06658380681818,1.3507634943181819,46.882102272727266
2016-04-26,13216.585452290245,3.9230087711526536,35.18029591565518,1.3537698236909719,46.8361832196332
2016-04-27,13195.992214456339,3.9209059541714586,35.12961160753782,1.3492877996991948,46.866318676457574
2016-04-28,13186.502905441099,3.896020426131361,35.04490227152668,1.344690966719493,46.93519985913013
2016-04-29,13185.003946329913,3.9065158291677626,34.919757958431994,1.342716828904674,46.92098570551609
2016-05-02,13160.576002784304,3.9045505960149653,34.86992082136953,1.3408161489602366,47.04428782737318
2016-05-03,13204.97017892644,3.953237099144265,34.93992566341083,1.3461837669634367,47.043824012447054
2016-05-04,13316.001738374618,4.008691873098653,35.09517601043025,1.356366797044763,47.242068665797476
2016-05-05,13341.157443832504,4.005507474429583,35.13506425386835,1.3577235772357723,47.35641227380016
2016-05-06,13369.003237945217,4.0119891485079195,35.1702109039993,1.3587118228756454,47.15498381027391
2016-05-09,13282.983764809127,4.024045634050022,35.15489249670908,1.366564282580079,47.241772707327776
2016-05-10,13308.413186813186,4.061186813186813,35.22989010989011,1.3694065934065935,46.70417582417583
2016-05-11,13283.41660092909,4.034972390218249,35.25988254886493,1.3682180734507843,46.502760978175125
2016-05-12,13285.749407322855,4.012994995170779,35.355167266660814,1.3714988146457108,46.54930195802968
2016-05-13,13317.500881212549,4.029873105393021,35.430031723651744,1.3704617553753964,46.64522382798731
2016-05-16,13307.7975980219,4.030289650300247,35.37972447898269,1.3697456729070998,46.49593783115507
2016-05-17,13319.172998763033,4.018466160098957,35.49036932320198,1.3695882664781764,46.45785474465454
2016-05-18,13388.997251529392,4.051511658835004,35.610426456246124,1.3776930578952036,46.656618494547395
2016-05-19,13615.396981334286,4.0910958292399755,35.699741002054125,1.3798338840760918,46.84022506028401
2016-05-20,13625.055709064982,4.081023264105536,35.72956591496569,1.3814956769765578,46.77511364649256
2016-05-23,13582.496656263933,4.085242978154258,35.660276415514936,1.3801159161836827,46.7953633526527
2016-05-24,13680.390401146133,4.115239971346705,35.73961318051576,1.3829691977077363,46.80068051575932
2016-05-25,13640.498833662301,4.101112506728872,35.67916741431904,1.3791494706621208,46.7513009151265
2016-05-26,13603.501074498567,4.068320200573066,35.59992836676218,1.3772385386819483,46.67890401146132
2016-05-27,13572.0361747851,4.07897564469914,35.68320200573066,1.3753581661891117,46.64756446991404
2016-05-30,13645.004039859952,4.117515037256487,35.730316904569534,1.3810934554268786,46.730406679235124
2016-05-31,13609.835036758113,4.118701811009504,35.65985296754528,1.3777120315581854,46.75363098440022
2016-06-01,13668.9994630392,4.1533023089314485,35.65956685161983,1.375962054770002,46.63504564166816
2016-06-02,13647.497318555595,4.1557919199141935,35.59974973185556,1.3763854129424384,46.57400786557025
2016-06-03,13579.003048233819,4.147480724403802,35.60964676349292,1.3762775685852608,46.45956607495069
2016-06-06,13359.996475460393,4.094810115428672,35.27006784738743,1.3590624724645344,46.169706582077715
2016-06-07,13247.003877335213,4.057983785689109,35.23968981318294,1.3537187169545295,46.02485019386676
2016-06-08,13206.002812445071,4.026278783617508,35.15029003339779,1.3479521884338197,45.898224644049925
2016-06-09,13288.759587410737,4.047518293220488,35.21995944635458,1.3520232742660672,46.00899233007141
2016-06-10,13295.621019108281,4.068029016277423,35.19992922859164,1.354122434536447,45.981953290870486
2016-06-13,13321.920482783102,4.091941782037629,35.20500532481363,1.3553425630102944,46.150159744408946
2016-06-14,13355.902004454343,4.1056570155902,35.2739420935412,1.3567037861915365,46.312694877505564
2016-06-15,13366.544968833481,4.100979519145147,35.264470169189664,1.354853072128228,46.33303650934995
2016-06-16,13397.90585287274,4.106407732235547,35.309647395740114,1.3527832468229821,46.44621442634688
2016-06-17,13325.51092944731,4.1010307446241345,35.279900479829394,1.3494757419584147,46.43504531722055
2016-06-20,13258.250970702436,4.054182845040593,35.18972820331804,1.3435404165195906,46.27073773385104
2016-06-21,13262.497790348241,4.027134523599081,35.21035884744565,1.3407283012197277,46.29573979140887
2016-06-22,13284.002481609501,4.026411415403705,35.1998581937428,1.33936009926438,46.47168306301515
2016-06-23,13137.03573623672,3.992361050136096,35.21029063131091,1.3391869347616119,46.429888488892786
2016-06-24,13408.593891198265,4.112687511295861,35.31989878908368,1.3530634375564794,46.94288812579071
2016-06-27,13396.52664120749,4.105019094380796,35.31460265502818,1.3597926895799235,47.266775777414075
2016-06-28,13181.188476474308,4.07089316355098,35.27679942201752,1.3551882958547818,47.09654113609681
2016-06-29,13144.499549143373,4.021100090171325,35.19206492335437,1.3481514878268712,46.98467087466186
2016-06-30,13152.314898216537,3.990362096919474,35.13511079084849,1.347234732480634,47.055485498108446
2016-07-01,13110.004490345756,3.9852716659182756,35.054333183655146,1.343421643466547,46.99955096542434
2016-07-04,13096.327886514637,3.9916502065002697,35.040402226611604,1.3457532770694918,46.84503501526307
2016-07-05,13128.68293558227,4.028081823075543,35.136371792571325,1.3493630001794366,46.99982056343083
2016-07-06,13205.998735206433,4.049869003523353,35.190170747131624,1.352335350980215,47.11627066582347
2016-07-07,13180.0,4.028519855595667,35.17960288808664,1.3478339350180504,47.073104693140785
2016-07-08,13193.49593495935,4.023035230352304,35.26558265582656,1.3462511291779584,47.201445347786816
2016-07-11,13102.497963616617,3.9922164901801063,35.13168612544122,1.3494433885419497,47.34274594985971
2016-07-12,13122.502704652,3.963577353047241,35.17039307609088,1.346826541651641,47.36206274792644
2016-07-13,13045.502167630058,3.9431900289017343,35.17973265895954,1.3460079479768787,47.129696531791915
2016-07-14,13052.003226673838,3.927220579008694,35.05870753786861,1.3424755758716502,46.99829703325267
2016-07-15,13087.5,3.9478792235801583,34.95506829618979,1.3444464414090582,46.68404025880662
2016-07-18,13090.500316656113,3.9781959648964085,34.96516782773907,1.3480503030851354,46.72939473446123
2016-07-19,13088.500226551881,4.005890348889896,34.993203443588584,1.352152242863616,46.88264612596285
2016-07-20,13106.174521020612,4.036683919004813,35.03405066739308,1.3585762280940707,47.14155997457551
2016-07-21,13117.004085338176,4.072628234226055,35.01044030867,1.3555152065365412,47.185655923740356
2016-07-22,13115.534773924099,4.058107862720174,34.92191755946977,1.355910659161068,47.063737061921195
2016-07-25,13136.496084501912,4.0695683846293935,35.04097614277909,1.3607721726461481,47.12347477690766
2016-07-26,13175.22960807493,4.064108393198145,35.004092025097755,1.3571883240883877,47.153769209784485
2016-07-27,13144.536438904559,4.084523701210081,34.984077881903374,1.3580201983440996,47.19497770903467
2016-07-28,13102.497745716862,4.059332732191163,34.87466185752931,1.3504959422903517,47.107303877366995
2016-07-29,13101.50274453343,4.067308557545217,34.83487807072798,1.3511203095473772,47.179879420498516
2016-08-01,13032.560014331779,4.026692941597993,34.7599426728771,1.3405589394482262,47.00286635614474
2016-08-02,13068.498168498169,4.037076744393818,34.76011793084964,1.3388725096042169,47.01688555347092
2016-08-03,13159.499999999998,4.054732142857143,34.934821428571425,1.3410714285714285,47.08660714285714
2016-08-04,13155.001795977012,4.046066810344828,34.91918103448276,1.3426724137931036,47.06986350574713
2016-08-05,13103.002868411617,4.027160272499104,34.822517031193975,1.3403549659376122,46.88060236643958
2016-08-08,13126.00342743754,4.031207720754036,34.9896274916569,1.347884910255254,46.90538468476594
2016-08-09,13131.910092074384,4.032135764578444,34.96750315941506,1.3478064632605165,46.88933020400795
2016-08-10,13078.996781115879,3.989985693848354,34.74517167381974,1.3383404864091557,46.61123032904149
2016-08-11,13100.0,4.005738366358828,34.74042858423743,1.3439433336322066,46.70043934367435
2016-08-12,13105.995698153793,4.0253629682738845,34.78670012547052,1.346388241620362,46.570173866284286
2016-08-15,13096.001788908765,4.003309481216458,34.61627906976744,1.3439177101967799,46.381932021466895
2016-08-16,13081.00044267375,3.9722886232846393,34.55776892430279,1.3363435148295708,46.163789287295266
2016-08-17,13150.000000000002,4.006030507272082,34.678964171692094,1.3444483859524654,46.42603760198652
2016-08-18,13136.003886582457,3.999735005741542,34.60471689780054,1.3421075876689337,46.265347584135675
2016-08-19,13192.000706339395,4.0203072576372945,34.64683030196009,1.3479604449938194,46.37912767084584
2016-08-22,13228.002830355563,4.033079780647443,34.66654873518486,1.3511409870865028,46.56023350433398
2016-08-23,13220.99832436723,4.0254872563718145,34.59917100273393,1.3490607637357794,46.41943734015346
2016-08-24,13285.001774937879,4.041267305644302,34.62282570110046,1.354011359602414,46.49982250621228
2016-08-25,13263.002657218778,4.027812223206377,34.57218777679362,1.3531443755535872,46.36581045172719
2016-08-26,13202.834366696192,4.01674047829938,34.54738706820195,1.3524357838795393,46.315323294951284
2016-08-29,13267.000895255147,4.0450313339301704,34.598925693822736,1.3618621307072516,46.400179051029546
2016-08-30,13264.998209169054,4.04772564469914,34.5702005730659,1.3606733524355301,46.379835243553
2016-08-31,13283.00395256917,4.08902263744161,34.628997484728714,1.3637261947538628,46.68972332015811
2016-09-01,13282.59465279024,4.097882648483761,34.64022967880854,1.3635384891440876,46.74322626951373
2016-09-02,13247.002590905031,4.0864826230679885,34.610024122219244,1.3576342356830162,46.674707406414726
2016-09-05,13139.503406238797,4.076012907852277,34.69971315883829,1.356669057009681,46.528325564718536
2016-09-06,13116.999731158707,4.081458912088897,34.65991576306121,1.3558562595214625,46.588403978851154
2016-09-07,13059.998220165526,4.05748865355522,34.63023938773694,1.3459998220165525,46.70018688261992
2016-09-08,13031.427053824362,4.042492917847025,34.72025495750708,1.3456975920679888,46.87057365439094
2016-09-09,13131.567270145544,4.091231806886759,34.78966986155485,1.3560525381611643,47.33493077742279
2016-09-12,13099.50115802601,4.130589702476393,34.86994477106717,1.3608587208266525,47.55300195973633
2016-09-13,13186.005156930736,4.123499599893305,34.909753712101,1.361963190184049,47.71494620787765
2016-09-14,13233.998930290605,4.130237118916028,34.89035478694955,1.366286325548226,47.598502406846144
2016-09-15,13175.00444286476,4.13639594810734,34.88981695397192,1.365381197796339,47.63728452105918
2016-09-16,13157.50044539462,4.136914306075182,34.91003028683413,1.364510956707643,47.87190450739355
2016-09-19,13167.129422301836,4.135960591133005,34.82758620689655,1.3631885356023286,47.97044334975369
2016-09-20,13141.99749642346,4.140736766809728,34.789878397711014,1.3623927038626609,47.86033619456366
2016-09-21,13135.497757847534,4.13677130044843,34.72017937219731,1.3584753363228699,47.80358744394619
2016-09-22,13072.66417512013,4.1071365011567895,34.66008186510056,1.3544224951058907,47.87862609005161
2016-09-23,13076.502586053148,4.104512216871767,34.629926877117896,1.3582129481005885,48.04797574460496
2016-09-26,13030.003551767002,4.12901793642337,34.60042621204049,1.3599715858639674,48.27295329426389
2016-09-27,12934.001782531193,4.131461675579323,34.59001782531194,1.3596256684491979,48.33778966131907
2016-09-28,12947.501113585746,4.136659242761692,34.600445434298436,1.3603563474387526,48.275278396436526
2016-09-29,12975.00222796542,4.123518402994385,34.65020942874966,1.3623562962302824,48.3299171196863
2016-09-30,13050.99901442523,4.1347549502732726,34.66983245228922,1.36502105546098,48.39620105725293
2016-10-03,12982.50266998932,4.118191527233892,34.62976148095407,1.3640085439658243,48.21911712353151
2016-10-04,12998.001971149537,4.127497536063077,34.700295672430784,1.3698593316011107,48.25374070423797
2016-10-05,13033.913121041835,4.138524663277139,34.80510213183481,1.3705289447863704,48.21603781999821
2016-10-06,13017.997317836387,4.162986142154671,34.8547161376844,1.3737147966025927,48.37460885113992
2016-10-07,12985.915619389585,4.160053859964092,34.910233393177734,1.3752244165170555,48.36894075403949
2016-10-10,12977.499999999998,4.153494623655914,35.10035842293906,1.3742831541218636,48.41129032258064
2016-10-11,13044.354183590576,4.183951620182326,35.39037819297771,1.3789150645365105,48.57568372596804
2016-10-12,13030.317604355716,4.195009074410162,35.75045372050816,1.3829401088929218,48.599818511796734
2016-10-13,13077.49592317449,4.2118137343721695,35.579815183910135,1.3838557709730026,48.413661895270884
2016-10-14,13050.863479367386,4.19269223777495,35.26995091801491,1.387293219414652,48.37938556626067
2016-10-17,13058.004366017829,4.217482263052575,35.2701473531017,1.3889394215026378,48.532836092414044
2016-10-18,13030.00090966979,4.192304193577732,35.05958337123624,1.3865186937141818,48.152460656781585
2016-10-19,12994.999544585115,4.187175516895892,34.90026414063211,1.387011567538027,47.9934420256854
2016-10-20,13007.504553734061,4.172040072859745,34.9799635701275,1.3886156648451728,48.02094717668488
2016-10-21,13073.58074591218,4.186018739665625,35.13503582583134,1.3943597280911262,48.295057872496784
2016-10-24,13018.997337250941,4.172619594160317,35.000459094665324,1.3918832063171427,48.26186759709852
2016-10-25,13005.99705665931,4.152133922001472,34.950331125827816,1.3919242089771893,48.21376011773363
2016-10-26,13010.068649885583,4.162013729977116,35.00045766590389,1.3895652173913042,48.45766590389016
2016-10-27,13032.460876727373,4.195662121350782,35.0901436807907,1.3920563741191543,48.489978951221744
2016-10-28,13050.503570774583,4.208020509064274,35.05035707745834,1.3943416956601353,48.5213330891778
2016-10-31,13040.215603873561,4.199707655764663,35.014617211766854,1.393294354101955,48.477069249040746
2016-11-01,13048.0,4.1728798185941045,35.0204081632653,1.3884807256235827,48.27936507936508
2016-11-02,13051.590806669672,4.178999549346552,34.955385308697615,1.384407390716539,48.34520054078414
2016-11-03,13068.004338394794,4.187545191612436,34.97017353579176,1.385755603759942,48.4056399132321
2016-11-04,13088.848823582439,4.206346344541603,34.97971693860993,1.384386550076625,48.53240782475435
2016-11-07,13088.003977580907,4.21659736033267,35.009943952269026,1.389983728078105,48.71813415295607
2016-11-08,13096.84725493749,4.218336655191158,34.96013770610618,1.3903786917919914,48.63562239536148
2016-11-09,13190.99981854473,4.23589185265832,34.94465614226093,1.3940301215750317,48.79332244601706
2016-11-10,13284.882973841211,4.303166590178981,35.160165213400646,1.4087195961450207,48.97475906379073
2016-11-11,13404.99816581071,4.341709464416728,35.2998899486427,1.4085656639765223,49.03980190755686
2016-11-14,13357.502087779529,4.34907673749652,35.46998236986174,1.4158856824719308,49.17231140391574
2016-11-15,13368.62052949373,4.329215048769159,35.39526242452392,1.4121690664189503,49.1295866233163
2016-11-16,13470.996075499907,4.350028032143524,35.51018501214726,1.4178658194729956,49.3646047467763
2016-11-17,13372.501632919659,4.382009890827657,35.43995521134646,1.4164411682373796,49.57544088830829
2016-11-18,13427.50023520557,4.403989086461568,35.51039608617932,1.4213002163891242,49.569103396368426
2016-11-21,13390.998024644907,4.419998118709435,35.46985231869062,1.42272599002916,49.74508512839808
2016-11-22,13426.0243006499,4.421022887821419,35.464820570782706,1.4246962418762361,49.80502966939813
2016-11-23,13536.521411054518,4.444633088096586,35.599886813808716,1.427655159403886,49.89530277306169
2016-11-24,13550.000000000002,4.459897610921502,35.67974971558589,1.4322146378460372,49.98388320060675
2016-11-25,13517.503776435045,4.45647658610272,35.649546827794566,1.4286253776435047,49.849886706948645
2016-11-28,13529.99622213827,4.4625047223271626,35.570457121269364,1.427465054778995,49.8536078579524
2016-11-29,13572.50378214826,4.465960665658094,35.69969742813918,1.4289901664145235,49.79576399394856
2016-11-30,13552.496473906913,4.466008462623414,35.65491302303714,1.4272684532204984,49.75364362952516
2016-12-01,13544.998588500988,4.463536275524607,35.66481603462878,1.4279665004234499,49.71581819892726
2016-12-02,13520.306333395978,4.452546513813194,35.62018417590678,1.4226649126104116,49.669235106183045
2016-12-05,13432.498598392822,4.448514296393197,35.64473930106522,1.4230984862642495,49.6991216595029
2016-12-06,13382.504192286195,4.435531954536986,35.59996273523384,1.41866964784796,49.55375442519099
2016-12-07,13325.004659832246,4.431966449207828,35.630009319664495,1.4182665424044736,49.635601118359745
2016-12-08,13286.498792046088,4.422040512915815,35.61977327634269,1.4190670879018767,49.679427615684816
2016-12-09,13327.502604413296,4.423524955014679,35.67004451179089,1.4280708400416706,49.82952931148783
2016-12-12,13327.500943752359,4.4120422801057,35.63986409966025,1.4293129482823705,49.75462438656096
2016-12-13,13312.865221489163,4.445523091423186,35.60037700282752,1.4267672007540058,49.80584354382658
2016-12-14,13288.002630590003,4.444099962420142,35.59000375798572,1.4239947388199925,49.7162720781661
2016-12-15,13425.00239946252,4.472214224013821,35.79038295421825,1.4404453402437853,49.934734619445244
2016-12-16,13389.999042053836,4.475045502442763,35.839639812242545,1.4431458952006897,49.998084107673144
2016-12-19,13397.908270965265,4.478027250047975,35.884667050470156,1.4491460372289386,50.05277298023412
2016-12-20,13468.99845619452,4.479544577383249,36.02952527981474,1.4475106136626785,50.02798147433423
2016-12-21,13434.987045389118,4.479512522790519,35.99462623548604,1.4428557719988484,49.90116111697534
2016-12-22,13472.730754500191,4.477977786288778,36.022596706242815,1.4492531597089238,50.01723477594791
2016-12-23,13434.932031399578,4.473961324909056,35.96017614397856,1.446869615163699,49.78173463526709
2016-12-27,13448.08042125419,4.47917663954045,36.00957395883198,1.4485399712781235,49.745332695069415
2016-12-28,13442.495913854438,4.483511200846072,36.03018940486492,1.45245649456783,49.846168637630996
2016-12-29,13462.498804171053,4.484454223667846,35.93992155362097,1.4499186836314935,49.66229790490769
2016-12-30,13446.001328147235,4.486007020206811,35.789773266293516,1.4452139265724315,49.58542832748316
2017-01-02,13527.998088867653,4.4860009555661735,35.82035355948399,1.4506450071667463,49.4763497372193
2017-01-03,13479.499277804525,4.492537313432836,35.904670197400094,1.450264805007222,49.84593163216177
2017-01-04,13384.363322793906,4.497460956213471,35.81009868736226,1.4416978058829164,49.64165948069368
2017-01-05,13360.270450433292,4.485001428435387,35.80516141319874,1.435672793067327,49.512427387867824
2017-01-06,13365.00141656436,4.472471432618756,35.65964680328643,1.432524317688167,49.35026914722825
2017-01-09,13345.121719284898,4.476987447698744,35.7303157093952,1.4392354507417269,49.62723468999619
2017-01-10,13289.997160972842,4.474496072679096,35.62032743446579,1.4377779880760861,49.57319958360935
2017-01-11,13329.001237741599,4.471484337808245,35.58507093211463,1.438827001809007,49.6810435113777
2017-01-12,13250.997284389923,4.458001685551081,35.34038767674876,1.4225114711115272,49.572993726004306
2017-01-13,13331.497983303629,4.461964168464497,35.4000562798987,1.426320232623581,49.678266579120155
2017-01-16,13366.499905606948,4.466018501038324,35.420049084387394,1.4294883896545216,49.958467056824624
2017-01-17,13329.03406963684,4.462467240733807,35.31542493448147,1.419692998876825,49.82590789966305
2017-01-18,13342.498124531134,4.45423855963991,35.31039009752438,1.423105776444111,49.90810202550638
2017-01-19,13373.003374578178,4.449006374203225,35.394638170228724,1.4263217097862768,50.06092988376453
2017-01-20,13409.998118886382,4.447422874341611,35.44018058690745,1.4294582392776525,50.052671181339356
2017-01-23,13363.555762949138,4.437984134391041,35.30004666355576,1.421278581427905,49.94307046196921
2017-01-24,13322.320431708225,4.4349646445850395,35.210271678451804,1.4184964644585039,49.78600669892073
2017-01-25,13329.507586335287,4.431536814670017,35.2303825746998,1.4184119892022713,49.6379037512799
2017-01-26,13379.130841121494,4.4289719626168225,35.30467289719626,1.4231775700934577,49.881308411214945
2017-01-27,13366.622975376837,4.4315139031925845,35.28040445651156,1.4277689354929313,49.82773148581593
2017-01-30,13333.37723424271,4.430291627469426,35.269990592662275,1.4277516462841018,49.76387582314205
2017-01-31,13355.239423523943,4.426592282659229,35.13993491399349,1.4133891213389123,49.73407717340772
2017-02-01,13367.93327154773,4.428359592215014,35.11955514365153,1.41241890639481,49.78035217794254
2017-02-02,13352.498149518875,4.424037749814953,35.06014063656551,1.4093264248704664,49.690044411547
2017-02-03,13344.995810445955,4.427986221022251,35.05539521459826,1.4138348384694162,49.77283306954659
2017-02-06,13294.996265870053,4.426997759522032,35.01960418222554,1.4101941747572815,49.64525765496639
2017-02-07,13328.496487119439,4.435971896955504,35.05011709601874,1.4184543325526933,49.749882903981266
2017-02-08,13324.997655883732,4.439006094702298,35.029535864978904,1.4169714017815285,49.91373652133146
2017-02-09,13255.003741114853,4.439019827908717,35.010288065843625,1.4146090534979425,49.91488963711186
2017-02-10,13297.99604854643,4.444538526672312,35.094552639006494,1.42177062752846,49.95389970834509
2017-02-13,13320.999153259949,4.448489980242733,35.070091259761035,1.421864709756327,49.91908928403424
2017-02-14,13308.933446295772,4.449119834321754,34.97505412783583,1.416172455991716,49.84655935234868
2017-02-15,13321.629559450495,4.448981525343439,35.02984367598294,1.4222643297015631,49.94694457603031
2017-02-16,13319.996244836651,4.45352985354863,35.0,1.4179496808111154,49.92114156965829
2017-02-17,13332.49765258216,4.452957746478873,34.995305164319255,1.4165258215962442,50.055399061032865
2017-02-20,13358.750941974376,4.458835719668425,35.019781461944234,1.4183308214016577,50.35983421250942
2017-02-21,13372.496915630634,4.457910221125557,35.03463984056182,1.4225111511815505,50.28945620195501
2017-02-22,13356.19708931799,4.453628840483212,35.009987634357465,1.4177684771235615,50.2882145914582
2017-02-23,13327.437813298026,4.448973801191715,34.9853400170245,1.4117090702733377,50.173082379646274
2017-02-24,13317.306060891697,4.440475068338203,34.881704213403715,1.4037138278819872,50.197945140918094
2017-02-27,13362.897893643147,4.438462265042032,34.85501086237839,1.4053083970907718,50.2436950977614
2017-02-28,13336.00075493064,4.44003019722563,34.870246296121536,1.3995470416155515,50.25762008115504
2017-03-01,13361.99563277319,4.447925567264787,35.00522168423052,1.409095224532422,50.332288996487236
2017-03-02,13358.502948449686,4.449020353813963,35.0047555640099,1.411451398135819,50.406125166444745
2017-03-03,13382.498816848083,4.454519640321817,35.06010411736867,1.4134406057737814,50.35210601041174
2017-03-06,13348.111782477343,4.447979607250756,35.03021148036254,1.4101208459214503,50.27473564954683
2017-03-07,13347.002647503781,4.447617246596066,35.08982602118002,1.4107413010590013,50.3375567322239
2017-03-08,13399.772641151949,4.460212201591511,35.27472527472527,1.4159719590754072,50.3959833270178
2017-03-09,13397.64003411999,4.454743626196569,35.33977822007393,1.420339304331343,50.34309544119041
2017-03-10,13375.231001320008,4.453234018480106,35.41014520082972,1.4181595323401848,50.2366584951914
2017-03-13,13355.997374097346,4.449967176216824,35.32964456531933,1.4135796680108788,50.343242989777735
2017-03-14,13370.24738970934,4.4495343805850815,35.32499294516038,1.4146364405982506,50.30665036214844
2017-03-15,13360.31820749388,4.4490679721333075,35.25983807192619,1.4122575786104312,50.26360384108454
2017-03-16,13316.996084281185,4.439492821182174,34.99533842998322,1.4017341040462428,50.07365280626515
2017-03-17,13345.003259755984,4.435503399459812,34.8495855453106,1.4021607525379527,50.16950731116699
2017-03-20,13313.504464285716,4.426525297619048,34.72470238095238,1.3978794642857142,50.06138392857143
2017-03-21,13318.996482132938,4.425476763562303,34.654693575263835,1.3967783743751156,50.06017404184411
2017-03-22,13328.999722402146,4.427500693994633,34.63033219209771,1.397982788933099,50.21930230406218
2017-03-23,13317.003523085481,4.428982013721491,34.600407936213614,1.3986649360281846,50.35138142035972
2017-03-24,13326.496992133272,4.423877834335956,34.57010643220731,1.3999074502545117,50.21193891716798
2017-03-27,13303.388740931216,4.413169253374966,34.35026173202315,1.3912204977500229,50.065203416291666
2017-03-28,13299.438253982871,4.4157841421862045,34.414771157565156,1.3939589280780917,50.17681186112902
2017-03-29,13309.639002605138,4.418961667286937,34.4352437662821,1.3961667286937105,50.272608857461854
2017-03-30,13316.00074508708,4.420508521933501,34.414640961162334,1.3948961534879387,50.16764459346186
2017-03-31,13317.687774763821,4.425498082499299,34.350388176971286,1.397437096623328,50.189879337760736
2017-04-03,13322.502579495356,4.427539630428665,34.385142106744205,1.397523684457368,50.14163774505206
2017-04-04,13327.997371138861,4.431508778518449,34.44465308421744,1.3992113416580603,50.21312552811943
2017-04-05,13324.002622213897,4.430979584191796,34.51957295373665,1.3998876194043826,50.132983704813626
2017-04-06,13319.998124882806,4.4365272829551845,34.59966247890493,1.4007125445340334,50.14907181698856
2017-04-07,13322.126058325495,4.434995296331139,34.60959548447789,1.401881467544685,49.876763875823144
2017-04-10,13279.996218566836,4.435526564567971,34.650217432406876,1.4066931366988087,49.6237474002647
2017-04-11,13281.499623210248,4.433496608892238,34.59495101733233,1.403918613413715,49.577053504144686
2017-04-12,13283.998114097125,4.4275341819896274,34.46958981612447,1.4020744931636022,49.45403111739745
2017-04-13,13256.500470366887,4.412511759172155,34.33960489181562,1.3965192850423331,49.46754468485419
2017-04-18,13296.498782999437,4.410503651001685,34.35030893091181,1.3983336453847595,49.67609061973413
2017-04-19,13326.993006993007,4.4,34.389743589743595,1.3973892773892773,49.733333333333334
2017-04-20,13323.499302000931,4.398045602605863,34.370404839460214,1.39683573755235,49.71800837598883
2017-04-21,13320.003739016638,4.39904655075715,34.38960553374462,1.3972705178538043,49.82800523462329
2017-04-24,13279.000737463126,4.39896755162242,34.360250737463126,1.3928834808259587,49.774151917404126
2017-04-25,13277.504361399322,4.365990267193095,34.42016343770086,1.3928932145808466,49.65384262234873
2017-04-26,13295.31809418893,4.347470852841274,34.469843018452224,1.3959423482970716,49.828330120260716
2017-04-27,13313.996875287196,4.348037864166896,34.619979781270104,1.3973899457770425,50.14612627515853
2017-04-28,13329.002744739251,4.340988106129918,34.56999085086917,1.3959743824336688,50.103385178408054
2017-05-02,13311.497938616583,4.327989005955108,34.50022904260192,1.3945945945945948,50.00183234081539
2017-05-03,13305.504167048264,4.318985255059987,34.484842934334644,1.3947247916475867,49.989009982599136
2017-05-04,13327.500686373203,4.327537292944084,34.62981605198134,1.3995607211494465,49.95332662212868
2017-05-05,13329.997263023446,4.337469209013776,34.71033664811605,1.4051637624304352,49.979016513091864
2017-05-08,13309.498994331687,4.335801791918083,34.66995794477966,1.405010056683123,49.88754799780581
2017-05-09,13350.0,4.346987509184423,34.76487876561352,1.4109110947832477,49.971528288023514
2017-05-10,13357.498621576915,4.346995037676898,34.760154383385405,1.4104024995405255,49.911780922624516
2017-05-11,13343.001841620626,4.348526703499079,34.751381215469614,1.4081031307550642,49.88581952117863
2017-05-12,13329.496138286137,4.343784479588084,34.735196763516,1.4080544317763886,49.730599485104825
2017-05-15,13298.997448049582,4.328199052132701,34.54520597885527,1.3982865475756472,49.638169886985054
2017-05-16,13300.497332489374,4.321457636314314,34.530246857762904,1.3976851433221809,49.641016366760105
2017-05-17,13311.999640190701,4.323018800035982,34.51470720518125,1.3942610416479269,49.695961140595486
2017-05-18,13465.998742025338,4.33758648575793,34.49456375235871,1.3919489621709047,50.002695659987424
2017-05-19,13311.995706234906,4.321495661508186,34.36980051882995,1.3873333929689597,49.703909115305485
2017-05-22,13275.816063328291,4.304456106021524,34.369830116516944,1.3858400782709241,49.686916303477716
2017-05-23,13300.258582255909,4.293535443602319,34.37984841729826,1.3882300490414623,49.78332590280874
2017-05-24,13308.496381667115,4.293040293040293,34.355400696864116,1.3882783882783885,49.98123827392121
2017-05-25,13297.003745318352,4.278491171749599,34.20991617620831,1.384430176565008,49.86980560014268
2017-05-26,13300.77706323687,4.268488745980708,34.04966059306896,1.38254733833512,49.775812790282245
2017-05-29,13314.998212370396,4.270200214515552,34.115123346442616,1.3844297461565962,49.7971040400429
2017-05-30,13323.50308780095,4.2807661326411885,34.12959813836929,1.3858408663742952,49.793251588651216
2017-05-31,13308.002851795738,4.280990999019695,34.07004723286694,1.3829426967293468,49.770073968452
2017-06-01,13310.00089134504,4.287993582315715,34.150102504679566,1.3838131740796864,49.71566093234692
2017-06-02,13311.00115895516,4.2804671480788095,34.149950967281804,1.3864669697780156,49.52571988945351
2017-06-05,13285.998755444929,4.263490088007823,34.029691528135835,1.3815450262245532,49.41328118054938
2017-06-06,13294.794812577724,4.266477171788951,33.950079943151536,1.3815064842778468,49.51589980458341
2017-06-07,13300.998484443257,4.260497459213694,34.02514041187483,1.3817419987518946,49.543549968797365
2017-06-08,13297.996259684745,4.268501202244189,34.036868821800695,1.3825808175260486,49.536022798112036
2017-06-09,13298.997852541159,4.265032211882606,34.07032927702219,1.384126700071582,49.509663564781675
2017-06-12,13298.003742981908,4.265038766598342,34.06024418501025,1.3841012387487743,49.57133945281169
2017-06-13,13287.046447356692,4.262458767941518,33.9199429437461,1.381920299545333,49.487385218864226
2017-06-14,13282.495760064267,4.257966616084977,33.94001606712488,1.3797197179326965,49.50906007319468
2017-06-15,13318.24288017195,4.267508507970625,33.989790435249866,1.38312735088662,49.84506537703743
2017-06-16,13297.501567117399,4.276529058834065,33.9598817945733,1.3841676367869615,49.80209545983702
2017-06-19,13280.60541119743,4.277524778998125,33.939637467631044,1.3825341548352532,50.01517992677918
2017-06-20,13293.59985657942,4.2891717461455725,33.9897812836142,1.3877733954822518,50.109358192900686
2017-06-21,13307.526688795191,4.287521306181035,34.00017942047187,1.389342423970575,50.285278550282584
2017-06-22,13327.49574715731,4.29948965887725,34.00035813412123,1.390366192138956,50.34828543289462
2017-06-23,13305.003132551688,4.288015752259913,33.94522509621409,1.3869148840955876,50.225543721471404
2017-06-26,13303.361044069008,4.2880128720836685,33.975149727362115,1.3884866362742467,50.19308125502816
2017-06-27,13307.004788082993,4.287994325234972,33.950168469586814,1.3855293491753857,50.23319737542118
2017-06-28,13327.498901098903,4.300835164835165,34.0,1.3847912087912089,50.565274725274726
2017-06-29,13332.99745903794,4.29352492771401,33.984929466397965,1.3800928765442915,50.56164023481995
2017-06-30,13327.497371188223,4.2924991237294075,33.95022783035402,1.376621100595864,50.45127935506485
2017-07-03,13389.999120415165,4.304864104142844,33.98012138270736,1.3817398188055237,50.62274606385785
2017-07-04,13366.000176164891,4.2975424997797935,34.014797850788334,1.3829824715934116,50.50911653307496
2017-07-05,13380.942713390414,4.298437637920381,34.04537028863977,1.3833524582928767,50.68320240091799
2017-07-06,13388.001756697407,4.2984628897672374,34.07992973210364,1.3833113746157224,50.70970575318401
2017-07-07,13407.465825446898,4.298457763757448,34.07991587802314,1.3810900806168946,50.63617245005258
2017-07-10,13398.998858347239,4.294370773689295,34.11961008167208,1.3860542724159128,50.87380346008606
2017-07-11,13391.003945637878,4.297501096010522,34.09995615957913,1.3838667251205612,50.690925032880315
2017-07-12,13369.997379683815,4.298191981832475,34.035286924622234,1.381343348764084,50.61490086470434
2017-07-13,13347.499343084874,4.299991241131646,33.9502496277481,1.377069282648682,50.55618814049225
2017-07-14,13338.50197109067,4.292509855453351,33.85457731055629,1.373981603153745,50.61060008760403
2017-07-17,13312.999476531146,4.287471645437096,33.659919734775784,1.367300645611586,50.677892165416154
2017-07-18,13300.0,4.284984855041108,33.605365642578974,1.3667676330592817,50.711380354824755
2017-07-19,13318.000520246249,4.28648226827365,33.60010404924998,1.3676406832567414,50.83933061649181
2017-07-20,13334.497170222028,4.291510666086199,33.65520243796256,1.3703090988245537,50.87331301697866
2017-07-21,13312.497852602646,4.283542346675829,33.44957911011854,1.363339632365573,50.70091049647827
2017-07-24,13320.999313186812,4.279532967032967,33.39028159340659,1.3615212912087913,50.65333104395604
2017-07-25,13318.00068411151,4.282024970070121,33.429964084145716,1.3596716264751154,50.61484521977082
2017-07-26,13318.000687049123,4.2845242184816215,33.49020954998282,1.3612160769495016,50.62521470285125
2017-07-27,13319.993158884898,4.278518898580469,33.31024456986489,1.3588164870873953,50.54215837181461
2017-07-28,13334.001193622646,4.282462272998551,33.375394321766564,1.359621451104101,50.47915423309745
2017-07-31,13323.995906881553,4.28148716636821,33.300076745970834,1.3573804041954465,50.47923595122367
2017-08-01,13324.001015916017,4.285472400948189,33.28987470369116,1.358110396207247,50.379275313240775
2017-08-02,13317.000591765998,4.28548482542903,33.26992983346014,1.3580184292839632,50.31786287936427
2017-08-03,13325.497470489041,4.281618887015178,33.24536256323778,1.3600337268128162,50.27403035413154
2017-08-04,13305.999325918436,4.278479946073475,33.244860128075494,1.3563363667003705,50.20896528479946
2017-08-07,13320.996863609393,4.283461897092481,33.315249639738916,1.3633127066203272,50.45859116724591
2017-08-08,13313.001523616049,4.285508718469612,33.245302183849674,1.3604198408667683,50.47570678855595
2017-08-09,13332.50362287955,4.2889779217458015,33.25036228795499,1.3628846645639758,50.66660983718353
2017-08-10,13357.01500170474,4.291510398908967,33.26031367200818,1.3637913399249915,50.773099215819975
2017-08-11,13364.181895452612,4.295027624309392,33.24011899702507,1.364385890352741,51.02677433064173
2017-08-14,13354.835975247945,4.293464440111893,33.26015088581843,1.3616173603458508,51.16385521742816
2017-08-15,13363.998637602179,4.295980926430517,33.285081743869206,1.3659741144414168,51.39560626702997
2017-08-16,13369.95730145175,4.298462852263023,33.28010247651579,1.3682322801024764,51.362937660119556
2017-08-17,13353.996751303754,4.295460374454988,33.25040608703087,1.3659912798153373,51.33624006155425
2017-08-18,13363.994889267462,4.294037478705281,33.21039182282794,1.3640545144804088,51.55962521294719
2017-08-21,13352.002380749938,4.289516197602246,33.25482526996004,1.3624691777910043,51.4190970155599
2017-08-22,13343.003992863816,4.281029649137711,33.24016651091666,1.3619913346359698,51.253079602412704
2017-08-23,13350.00423764726,4.279006695482668,33.359606746334435,1.3620645817442156,51.22891770489025
2017-08-24,13339.996611892258,4.27951888870066,33.33982720650516,1.3611722852786718,51.07995934270709
2017-08-25,13345.503048780487,4.273035230352304,33.30962059620596,1.359671409214092,51.08993902439024
2017-08-28,13336.000000000002,4.2674213836477985,33.2,1.3548008385744235,51.019706498951784
2017-08-29,13350.996015936254,4.267015272244356,33.16982071713147,1.3515106241699866,51.03336653386454
2017-08-30,13346.500503524674,4.270476670023498,33.230110775427995,1.3567472306143,51.225243370258475
2017-08-31,13346.384778012683,4.271120507399577,33.189852008456654,1.3610147991543338,51.236363636363635
2017-09-01,13318.271812080537,4.270469798657718,33.17030201342282,1.354530201342282,51.09060402684564
2017-09-04,13330.155396892063,4.27047459050819,33.14993700125998,1.3565728685426293,51.199496010079805
2017-09-05,13334.00336417157,4.261396131202691,33.179983179142134,1.3553406223717408,51.13877207737595
2017-09-06,13329.00008381527,4.238538261671277,33.159835722068564,1.3521917693403738,51.0502053474143
2017-09-07,13301.169492941273,4.209506306908362,33.06490685824075,1.3441650655751398,50.76768858073678
2017-09-08,13163.225538971808,4.19452736318408,33.10033167495854,1.3369817578772805,50.80928689883914
2017-09-11,13162.49895807285,4.197466033174961,33.12994915395516,1.3444194381928816,50.83770942735684
2017-09-12,13200.0,4.200117321712897,33.11991955082544,1.3470208665046508,50.92181345847649
2017-09-13,13202.496034727441,4.190500041739711,33.09040821437516,1.3455213289924033,50.970030887386265
2017-09-14,13267.000420698361,4.198990323937737,33.119899032393775,1.3506941522928062,51.316785864535134
2017-09-15,13256.716542673244,4.189500961297334,33.080331020646994,1.3433085346484996,51.245506979854554
2017-09-18,13254.996652159356,4.185302979578172,33.09005691329093,1.346083026447941,51.15333110143957
2017-09-19,13269.996658870698,4.19311727363849,33.07968593384564,1.3490644837955228,50.98396257935182
2017-09-20,13280.503039893394,4.192471058549179,33.06987590572166,1.343216457066711,50.90114100108269
2017-09-21,13346.9970600588,4.197984040319194,33.129777404451914,1.3523729525409494,51.019739605207896
2017-09-22,13300.0,4.190034278070396,33.09004263857537,1.345456065546359,50.607808711646186
2017-09-25,13317.072554141738,4.197943877980955,33.11030589028398,1.350889019971349,50.69014915311367
2017-09-26,13391.99966064308,4.213285823364723,33.205226096547044,1.3547128192076014,50.91880885721557
2017-09-27,13439.996593135167,4.221531385742271,33.309769184907594,1.3596797547057322,51.00928370666894
2017-09-28,13493.003905586687,4.231533367294957,33.390219052470705,1.359313975208015,50.94073696722703
2017-09-29,13457.99593427071,4.220481111299339,33.32034558698967,1.357868880230391,50.86396747416567
2017-10-02,13566.995912806538,4.233480926430517,33.440054495912804,1.3626532697547684,51.113760217983646
2017-10-03,13542.499787288352,4.234323151535778,33.42040330128478,1.362715902322811,51.1503445928699
2017-10-04,13453.474166454569,4.227538813947569,33.31975905658776,1.3593789768388902,50.96377364893526
2017-10-05,13458.652699710441,4.228495997274741,33.350366206779086,1.3624595469255665,51.05518650996423
2017-10-06,13513.00076877082,4.237464764670709,33.460322883744766,1.3664474246177498,51.23174169300418
2017-10-09,13534.003064873148,4.231993870253703,33.384982121573294,1.3632726034394687,51.242124978716156
2017-10-10,13488.997202678647,4.219971179113334,33.26015088581843,1.3563617868949733,51.47749427820633
2017-10-11,13523.203719357565,4.219019442096365,33.185122569737956,1.3562130177514793,51.4480135249366
2017-10-12,13508.999662618084,4.220310391363022,33.11066126855601,1.3541666666666665,51.53593117408907
2017-10-13,13496.003386960203,4.219475021168501,33.12023708721423,1.3558848433530906,51.4233700254022
2017-10-16,13482.495975599424,4.216978734220113,33.06023892230789,1.351859696687283,51.257307464204025
2017-10-17,13504.65175610171,4.223488391870057,33.12016327919041,1.356577940301046,51.3376987839102
2017-10-18,13516.001361818027,4.223508383692229,33.160268959060346,1.3585837092518511,51.47587028683292
2017-10-19,13514.999154977184,4.2235085347304375,33.12489437214805,1.3567686327530843,51.43062362683792
2017-10-20,13510.00169233373,4.224995769165679,33.15958707057032,1.358436283635133,51.501946183787446
2017-10-23,13534.003407155027,4.234923339011925,33.18994889267462,1.3625212947189098,51.49744463373084
2017-10-24,13550.999064705384,4.238500127540175,33.19020491454808,1.3623841510075676,51.69713459739818
2017-10-25,13571.99830292745,4.235468816291896,33.18031395842172,1.3616461603733558,51.793805685193036
2017-10-26,13598.000510507954,4.233982812898835,33.1600442440228,1.3622053943673955,51.84974049178933
2017-10-27,13630.986643688064,4.241964670400689,33.30030159414046,1.3700129254631623,51.85178802240413
2017-10-30,13574.53496383052,4.237512917671375,33.23975198070961,1.3637616259042369,51.73871856699966
2017-10-31,13565.002577762503,4.231998625193333,33.21017356934181,1.3627771094689811,51.59391648049493
2017-11-01,13583.999311057527,4.2314846710299685,33.159662418188084,1.3613503272476748,51.67671374440234
2017-11-02,13528.003434950622,4.23048518677544,33.11979390296264,1.3604980678402747,51.469300128810644
2017-11-03,13493.214377627179,4.231963627005233,33.1200137256584,1.360041176975208,51.148666037573996
2017-11-06,13515.996548748923,4.235547886108714,33.164797238999135,1.3646246764452112,51.09577221742882
2017-11-07,13527.72011762671,4.223144784639336,33.13008130081301,1.3641238540044975,51.39768206192701
2017-11-08,13517.99827437446,4.224331320103538,33.10957722174288,1.3620362381363245,51.24072476272649
2017-11-09,13524.99570077386,4.195184866723989,33.099742046431636,1.360189165950129,51.24419604471195
2017-11-10,13544.997425776557,4.191522224129055,33.1302557061953,1.3603912819632744,51.23820147588811
2017-11-13,13564.567604667125,4.191489361702128,33.06022649279341,1.3612731640356899,51.238846945778995
2017-11-14,13553.503618561088,4.194040017028523,33.06002554278416,1.3604086845466155,51.14516815666241
2017-11-15,13535.000000000002,4.170101351351351,33.02027027027027,1.3558277027027028,50.82516891891892
2017-11-16,13523.999660181802,4.1753461897884625,32.959816498173474,1.3568091071276867,50.79092685413304
2017-11-17,13527.50317931327,4.161000423908436,32.83001271725307,1.3563374311148793,50.82831708350996
2017-11-20,13523.996265172736,4.148119854002207,32.76971394618454,1.3557422969187676,50.726593667770146
2017-11-21,13527.00119474313,4.132189793480117,32.77521761392729,1.355009387267452,50.6357740228708
2017-11-22,13516.001361818027,4.110307260192357,32.739807643203676,1.3520299599965955,50.641756745254916
2017-11-23,13481.99696151249,4.108203916272788,32.674713031735315,1.3459655638082375,50.53089128966914
2017-11-24,13519.003115264799,4.118969436726446,32.66986612781005,1.3460469815610003,50.639892228677276
2017-11-27,13501.999665327978,4.107513386880856,32.619645247657296,1.3439591700133868,50.24765729585006
2017-11-28,13503.861036339164,4.1038021534320315,32.56981830417227,1.344465006729475,50.31376177658142
2017-11-29,13503.999323581635,4.0890335672613505,32.53995095966855,1.3464953073475945,50.21814492263464
2017-11-30,13532.99856527977,4.090302979154359,32.61287872394295,1.3491433876276477,50.32407798126424
2017-12-01,13532.141354648718,4.090870845603702,32.630206142196045,1.3474127050904503,50.376945729911654
2017-12-04,13515.99662873999,4.063211125158027,32.610198061525494,1.3478297513695743,50.65571007163927
2017-12-05,13512.999071494893,4.05646999240314,32.604034776736725,1.3465856334937114,50.62716299485101
2017-12-06,13546.001523229246,4.075484471524075,32.63010916476263,1.3476347634763477,50.68206820682068
2017-12-07,13548.13337858476,4.088240285083997,32.63023926692686,1.3504157474970302,50.607500424232136
2017-12-08,13550.0,4.087974791347301,32.66990291262136,1.3531766308976325,50.53312893885199
2017-12-11,13545.998643608003,4.069515089860969,32.62970498474059,1.350966429298067,50.34927093930146
2017-12-12,13602.25225225225,4.067652558218596,32.61006289308176,1.3514363420023796,50.46489886112528
2017-12-13,13607.004089979551,4.086486025903204,32.58009543285617,1.3525903203817313,50.48738922972052
2017-12-14,13573.00126635711,4.084170536091177,32.50738708315745,1.346559729843816,50.571549176867876
2017-12-15,13577.003218702353,4.0795358292393695,32.50465864814501,1.3465187192952734,50.42181941385736
2017-12-18,13588.503603221703,4.081475201356507,32.64010173802459,1.3483679525222552,50.48834251801611
2017-12-19,13581.798189968706,4.081028503763851,32.69474752600863,1.3465279539879897,50.24866785079929
2017-12-20,13577.999155761923,4.074039679189531,32.74968341072182,1.3457154917686787,50.233853946813
2017-12-21,13549.000758917278,4.079011721055738,32.7498102706805,1.345138713213593,50.19394552660427
2017-12-22,13558.170927191428,4.079473550999746,32.759638909980595,1.343879186703788,50.098709187547456
2017-12-27,13554.754098360656,4.075746111811685,32.809583858764185,1.3398066414459857,49.962168978562424
2017-12-28,13561.999329646387,4.06653259594436,32.62024467906821,1.338025808614044,49.908664320429025
2017-12-29,13540.49862419745,4.047027432669057,32.61986158592512,1.3361127324272493,49.85825064621029
2018-01-02,13481.997513468712,4.019477828429341,32.420223787816,1.3287194363862413,49.84003315375052
2018-01-03,13455.002911087084,4.0149713049987525,32.52931880562256,1.3297845795558514,49.89436912584214
2018-01-04,13420.0,4.012018234562785,32.21964359718193,1.3297140489017822,49.78201409034397
2018-01-05,13420.0,4.0,32.19012038190121,1.3277708592777087,49.86716479867165
2018-01-08,13434.25206715109,4.003090286477909,32.20997243798546,1.3326651632840556,50.19209888916729
2018-01-09,13441.996312437142,4.009470331880657,32.25025142474019,1.3352329869259134,50.279919544083135
2018-01-10,13430.503669112743,4.003002001334223,32.109739826551035,1.332638425617078,50.55370246831221
2018-01-11,13399.50070733128,3.9864358824997916,32.004660064908045,1.3319464092535576,50.41940584172422
2018-01-12,13330.897256323638,3.975858943725797,31.97000906319519,1.3267693828788003,50.378182417401334
2018-01-15,13307.037549890038,3.9560153131872604,31.92473731367598,1.321414026227906,50.299747495316446
2018-01-16,13337.497955846278,3.964922322158626,31.980376124284547,1.3233851185609158,50.64513491414554
2018-01-17,13359.026468901091,3.9613209866426287,31.96017372777186,1.3236908956813898,50.821109563222166
2018-01-18,13343.179403351041,3.9555373927257866,31.919901920719248,1.3220269718022066,50.729873314262356
2018-01-19,13313.496532027744,3.9379844961240305,31.880048959608324,1.3201142390860872,50.70420236638107
2018-01-22,13351.997712231392,3.9349620066998936,31.85962905466133,1.3196339570226325,50.89304681755045
2018-01-23,13343.995428198219,3.931178055351457,31.83035349824475,1.3194546493591313,51.02538982774104
2018-01-24,13317.997085492227,3.9094073834196887,31.599740932642483,1.3099902849740932,50.83387305699482
2018-01-25,13293.003949383414,3.8854678810349004,31.42016603530265,1.3058757153219958,50.93012009349561
2018-01-26,13314.99678353168,3.8741556770665806,31.390318430363457,1.3074139594724992,51.05500160823416
2018-01-29,13398.99830357864,3.8869052427498185,31.44034251555053,1.3102835447128203,51.41126100654334
2018-01-30,13389.002495773288,3.9004911037758636,31.40970936317527,1.310683519845423,51.32678528298849
2018-01-31,13375.997431163201,3.8996548125551898,31.31010676727944,1.307537930480854,51.27398249979931
2018-02-01,13417.850549803354,3.904005136848864,31.35965968376274,1.312464884822217,51.633357412312385
2018-02-02,13466.05027217419,3.886967659301953,31.400096061479346,1.313560678834454,51.625040025616386
2018-02-05,13495.0,3.9032958199356913,31.529742765273312,1.317282958199357,51.58279742765273
2018-02-06,13575.002027739474,3.9149971611647336,31.584881174466705,1.3232216724795196,51.54027090599399
2018-02-07,13559.247852164048,3.9029826552115416,31.59020911006646,1.3203922840006483,51.25303939050089
2018-02-08,13648.000326477308,3.9326640548481877,31.839699640874954,1.3294156056154096,51.67156382631407
2018-02-09,13658.999429642303,3.9599120019555123,31.799885928460846,1.3298297074879817,51.59618675140552
2018-02-12,13636.752833727474,3.9442224577998863,31.700236483731555,1.3256136345103156,51.969338661012806
2018-02-13,13639.998378334549,3.946971539771345,31.509770534338763,1.3227925079056189,52.12438174004702
2018-02-14,13615.751538710723,3.903304178814383,31.41966310333657,1.3192419825072887,52.14771622934888
2018-02-15,13525.054030256942,3.8945009205154886,31.319939165932922,1.3115344592972065,52.145201312735125
2018-02-16,13517.49839537869,3.8944961489088574,31.290115532734276,1.3106546854942234,52.24727214377407
2018-02-19,13552.441579371474,3.8904915390813857,31.380338436744555,1.313053988718775,52.457695406929886
2018-02-20,13630.251215559158,3.897974068071313,31.5097244732577,1.3186385737439221,52.31766612641815
2018-02-21,13610.99740090968,3.9127680311890836,31.500162443144898,1.3212313190383365,52.167803768680955
2018-02-22,13710.99706744868,3.9191919191919196,31.57461713913327,1.3222548061257737,52.06174649723037
2018-02-23,13675.99804862184,3.913732823806814,31.439954467842913,1.321570859419465,51.80827709569884
2018-02-26,13664.001623376624,3.909496753246753,31.319805194805195,1.3171266233766235,51.896103896103895
2018-02-27,13672.782700593447,3.9079749613852535,31.390130883667993,1.319811397447362,52.260791805544265
2018-02-28,13749.00114622564,3.9241853610610775,31.43032585557557,1.3232356312428362,52.10496151956771
2018-03-01,13803.434393229807,3.928518609810204,31.570125708651712,1.3269246569714894,51.95875441623531
2018-03-02,13777.997076023392,3.9203216374269,31.489603638726447,1.3207439896036388,52.00860948667966
2018-03-05,13762.501015682132,3.9050134070041445,31.420329893556513,1.3194117169090762,51.964735516372805
2018-03-06,13721.996615905244,3.893481588913061,31.31979695431472,1.3153654016598177,51.85722343082749
2018-03-07,13757.002496577272,3.9036804381090437,31.310300394620278,1.314568736409761,52.002093903519366
2018-03-08,13779.003300861446,3.9065292649545125,31.33483616456002,1.315433539972627,52.0457290073263
2018-03-09,13812.366772435113,3.9138393946790333,31.35464974371491,1.3183630298592466,52.153608331299324
2018-03-12,13767.997073646562,3.9044870752723138,31.329865062591452,1.3145829946350187,52.08096244513087
2018-03-13,13712.99886896106,3.8933591856519634,31.21021166585878,1.3107125545322347,51.939731782194215
2018-03-14,13728.99991915272,3.897000565930956,31.13024496725685,1.3091599967661087,52.00905489530277
2018-03-15,13756.997001863705,3.915484968803176,31.1652216189936,1.3112389595656755,52.042784215217566
2018-03-16,13760.377205105277,3.9085440208113162,31.19990244695553,1.3155028046500286,51.95431265750752
2018-03-19,13777.000568689577,3.9145340807539193,31.209683971078068,1.3179787147615565,52.135835567470956
2018-03-20,13761.005213424567,3.9174812642554575,31.199902248289344,1.3175301401107853,52.07396546106224
2018-03-21,13763.120625101741,3.919339085137555,31.21032069021651,1.3183298062835749,52.12192739703729
2018-03-22,13752.500811951933,3.9127963624553423,31.269892822344918,1.3159304969145826,52.40662552776875
2018-03-23,13763.996436092662,3.917463145958205,31.180139316377772,1.3134618499919002,52.357038716993365
2018-03-26,13734.0020949158,3.9017806784304248,31.149786479735713,1.3112561437434533,52.22786238014663
2018-03-27,13739.996767937942,3.876131221719457,31.22979961215255,1.3096315449256626,52.484647705235936
2018-03-28,13758.662687530248,3.857073721567995,31.25020164542668,1.3077915792869816,52.325375060493634
2018-03-29,13743.99805210616,3.8680301923545164,31.229607986364744,1.3114195276357439,52.24738251765279
2018-04-03,13760.115372115699,3.875690607734807,31.179720506987326,1.3092297692557686,52.02632434189146
2018-04-04,13766.503747148907,3.878217660475725,31.250407298794393,1.3144346692733788,52.152166829586186
2018-04-05,13771.753670473083,3.8687601957585644,31.26508972267537,1.314274061990212,52.06362153344209
2018-04-06,13773.500081739414,3.8714239006048716,31.289847964688573,1.3191106751675656,52.059833251593915
2018-04-09,13782.696684005203,3.8719928478543566,31.270318595578676,1.3132314694408322,52.01479193758128
2018-04-10,13750.999110104362,3.869508939406197,31.229673974597528,1.3107353773966508,51.96666936332012
2018-04-11,13765.003229974162,3.8745155038759687,31.170058139534884,1.3084625322997416,51.98562661498708
2018-04-12,13769.496064270066,3.876491114176743,31.200194757770024,1.310963239470908,52.01817739186887
2018-04-13,13752.999918811398,3.873832913858894,31.1496305918649,1.3118454169034666,51.9355362507104
2018-04-16,13775.24656426839,3.8849636216653187,31.240097008892477,1.3113177041228778,52.050929668552946
2018-04-17,13775.002023144776,3.8891316662620374,31.209840576191635,1.3103504086752447,52.27320547058347
2018-04-18,13768.00129157249,3.8885211494995158,31.230222796254445,1.3106231837261866,52.03261220536003
2018-04-19,13786.746890647715,3.8834598610886775,31.2098207074786,1.308996931028913,52.036827653044746
2018-04-20,13926.996506621172,3.893411325046713,31.32017223170038,1.31383540498822,52.13989763587619
2018-04-23,13939.998365746038,3.8924660892302665,31.489622487334533,1.3227651577055075,52.355777087759435
2018-04-24,13871.366576598704,3.9055105215753705,31.450094161958564,1.3226889380168672,52.19602063375092
2018-04-25,13920.000000000002,3.9156339762002466,31.58473533032417,1.329421419778416,52.33729995896595
2018-04-26,13877.9996712689,3.9161735700197235,31.55489809335963,1.3265121630506245,51.996219592373436
2018-04-27,13855.252692626345,3.9130903065451528,31.57995028997514,1.3260149130074566,51.691797845898925
2018-04-30,13905.248778872425,3.9249110025664375,31.579600960344404,1.325937577614041,51.70295554267737
2018-05-02,13960.4147580578,3.932955775797451,31.72482718414258,1.3346381277588073,51.88723244773882
2018-05-03,13933.247164776518,3.9271180787191455,31.630253502334888,1.331054036024016,51.69696464309539
2018-05-04,13977.700726877767,3.9380065168351575,31.75536803408806,1.333611830562286,51.672654357089144
2018-05-07,14060.998151571166,3.944463115442783,31.880356242648297,1.3373382624768946,51.89295916652664
2018-05-08,14085.004212299917,3.9684919966301604,31.909856781802866,1.3380791912384162,51.90901432181971
2018-05-09,14069.997474534894,3.9845104806801923,32.054886774981064,1.3402643320144794,51.93534809327385
2018-05-10,14029.996632429704,4.015827580400741,32.06011112981984,1.3407139249031823,52.00202054217882
2018-05-11,13970.747444276854,3.998072733366851,31.86525892408245,1.3337523043405395,52.41411094352271
2018-05-14,13970.003336670005,3.9505338672005337,31.840173506840173,1.3329996663329997,52.4366032699366
2018-05-15,14067.003281999496,3.9559875452326856,32.019691996970465,1.338719178658588,52.53218884120172
2018-05-16,14071.749830278346,3.9640190088255265,32.14019008825527,1.342837746096402,52.371860149355065
2018-05-17,14052.003388394745,3.968996188055908,32.070309191020755,1.3422278695468022,52.27530707327403
2018-05-18,14146.999405822937,3.971988795518208,32.19505984211867,1.343519225872167,52.40811476105594
2018-05-21,14176.494599880942,3.980015307424101,32.229781444000345,1.343906794795476,52.3888085721575
2018-05-22,14138.00237408852,3.96727149397999,32.01458368662032,1.3372901475326437,52.268102424961846
2018-05-23,14214.998291766311,3.982490604714725,32.1498120942945,1.345575674752306,52.470105910488556
2018-05-24,14140.117667121416,3.977489768076398,32.040416098226466,1.340893587994543,52.54774897680764
2018-05-25,14111.434689507494,3.9800428265524626,31.940042826552464,1.3406423982869378,52.62612419700214
2018-05-28,14019.993129508757,3.9776709034695976,32.00961868773617,1.3410340089316386,52.483682583304706
2018-05-29,14020.799446270981,3.9851185326181002,32.070427409586436,1.3466862779027513,52.63540404914345
2018-05-30,13947.6530261348,3.9854711141678134,32.05983493810179,1.3400962861072903,52.62035763411279
2018-05-31,13907.00059834174,3.979998290452176,32.03008804171297,1.338234037097188,52.574579023848194
2018-06-01,13879.004199160167,3.988002399520096,32.030165395492325,1.3383323335332933,52.59662353243637
2018-06-04,13872.003067223312,3.975036210275198,31.95961489307319,1.3338161370026411,52.523643179688165
2018-06-05,13882.997858672377,3.984925053533191,31.980299785867242,1.3355888650963597,52.43940042826552
2018-06-06,13855.002124946875,3.9697407564810874,31.89970250743731,1.3331916702082447,52.44113897152571
2018-06-07,13877.171341669484,3.973977695167286,31.929705981750594,1.3312774586008789,52.5304156809733
2018-06-08,13929.99829845159,3.987323464352561,32.05972434915773,1.3358856559469117,52.805853326527135
2018-06-11,13975.496183206107,3.9880407124681936,32.079728583545375,1.3347752332485157,53.060220525869376
2018-06-12,13967.602646759415,3.9973702069901598,32.099592806243635,1.335086528673227,53.063284696301324
2018-06-13,13963.311798707922,3.9939646378782734,32.130227813668824,1.3355151309078546,53.226793607616464
2018-06-14,13932.685421994885,3.985507246376811,32.150042625745954,1.335464620630861,53.15771526001705
2018-06-15,13988.953087271473,3.9998275267333567,32.43014832700931,1.3469299758537427,53.36409106588479
2018-06-18,14078.10212692672,3.997502798587789,32.67975544648239,1.3502109704641352,53.399638336347195
2018-06-19,14164.530951968096,4.003468007629617,32.84029824865615,1.3598924917634818,53.33882434541356
2018-06-20,14095.897391604767,4.000518224218346,32.80963897046122,1.3575747106581448,53.43237173950596
2018-06-21,14093.77708441671,4.015513953891489,32.93031721268851,1.3619344773790951,53.42087016814006
2018-06-22,14104.747596153844,4.002489697802197,32.940418956043956,1.3583447802197801,53.29584478021978
2018-06-25,14155.0,4.013589743589744,32.95982905982906,1.3615384615384616,53.44871794871795
2018-06-26,14177.998629198082,4.022960932145304,33.00462645647704,1.3615490061686086,53.73029472241261
2018-06-27,14191.003787878788,4.028495179063361,33.00017217630854,1.3631198347107438,53.50981404958677
2018-06-28,14330.000863334195,4.042476042476042,33.12008978675645,1.3667443667443666,53.49218682552016
2018-06-29,14285.503516898269,4.03842854692057,33.080288214101905,1.3635271916280665,53.33161777320295
2018-07-02,14400.0,4.046137984362918,33.15491021565427,1.3682446945613886,53.38688890798179
2018-07-03,14372.996142306041,4.0469781397342475,33.15987998285469,1.3648521217316758,53.363909129875694
2018-07-04,14352.344957911013,4.046040199278475,33.17471224875451,1.364971654354922,53.39116990207869
2018-07-05,14385.002989153643,4.042958408062175,33.20010248526774,1.3634810829276625,53.35041421129046
2018-07-06,14370.001705902421,4.04503582395087,33.179802115319,1.36028659160696,53.32565677243261
2018-07-09,14324.997879379083,4.029519043175842,33.100347781830514,1.3528713207227074,53.346339808295866
2018-07-10,14343.003500384188,4.021087680355161,33.18961837274823,1.3568684367796464,53.4850166481687
2018-07-11,14365.00213037921,4.036983383042181,33.26970600766937,1.3607158074137196,53.5943757988922
2018-07-12,14382.003774232287,4.039200548979242,33.260422027792075,1.3629267455824328,53.50660490650198
2018-07-13,14418.302842909903,4.04586446792064,33.359958773511984,1.3672592974319335,53.5008159409087
2018-07-16,14375.0,4.042832764505119,33.26023890784983,1.3612627986348123,53.490614334471
2018-07-17,14370.000854189799,4.037498932262749,33.26983855812761,1.361663961732297,53.38259161185615
2018-07-18,14405.003875635175,4.054000516751356,33.359745069330806,1.3679269658082853,53.53802428731375
2018-07-19,14475.0,4.075854332067656,33.48032447359337,1.372885743872972,53.65895754228512
2018-07-20,14517.497857754925,4.066238217652099,33.43016281062553,1.3676092544987146,53.37789203084833
2018-07-23,14490.124615909868,4.062990781836804,33.43035165585524,1.363861386138614,53.425230454079895
2018-07-24,14499.299504527593,4.062019477191184,33.35981547924141,1.3640013668204338,53.27695199043225
2018-07-25,14443.601368691188,4.055517536355859,33.270316509837464,1.3627887082976902,53.285714285714285
2018-07-26,14455.001707067258,4.0628200751109596,33.32024581768521,1.360788665073404,53.39621031068624
2018-07-27,14417.496774193547,4.064516129032257,33.45978494623655,1.3643010752688172,53.3152688172043
2018-07-30,14390.99623416638,4.0575145498117084,33.300239643957546,1.3620335501540566,53.16158849709003
2018-07-31,14419.998295841855,4.058537832310838,33.23960463531016,1.3612815269256986,53.09986366734833
2018-08-01,14439.99658002736,4.066005471956225,33.10961012311902,1.3613201094391245,52.95827633378933
2018-08-02,14475.002152018595,4.076009296720324,33.30463975208746,1.3667039683222864,53.10321081174141
2018-08-03,14463.298239558162,4.070072488781498,33.26458405246807,1.3667587159130135,53.0747324818778
2018-08-06,14470.241704929393,4.079528718703976,33.350082300961624,1.3687083080654943,52.87706835311444
2018-08-07,14430.003447681434,4.076538527840028,33.20031029132908,1.363730391311843,52.81761765212895
2018-08-08,14434.99870566917,4.071792216757269,33.22029510742946,1.3645698507205106,53.03822590387436
2018-08-09,14409.997412231518,4.0754765806952475,33.17519192616234,1.3633226947295782,53.03113948072112
2018-08-10,14475.872905027934,4.085981145251397,33.269902234636874,1.371159217877095,53.101431564245814
2018-08-13,14595.001315443304,4.092519512409014,33.385074103306145,1.3758660001753924,53.4622467771639
2018-08-14,14580.00175346309,4.087673154480098,33.27459231983167,1.3737506575486584,53.49026827985271
2018-08-15,14599.999999999998,4.103524423637487,33.36542708241321,1.3803550923063332,53.610105114389185
2018-08-16,14610.0,4.097625329815303,33.26473175021988,1.3762532981530342,53.443271767810025
2018-08-17,14638.003687121412,4.109472390483715,33.24466684224387,1.3739794574664208,53.44219120358177
2018-08-20,14590.0,4.100525394045535,33.03502626970228,1.3717162872154116,53.37390542907181
2018-08-21,14595.000869414014,4.100504260128674,32.72996000695532,1.3681098939314904,53.44374891323248
2018-08-22,14580.001721763087,4.102530991735538,32.729855371900825,1.3653581267217632,53.39876033057851
2018-08-23,14630.002590897317,4.10501770446498,32.78003281803265,1.3700664996977288,53.483029622592625
2018-08-24,14628.003106662063,4.099068001380738,32.695029340697275,1.3689161201242666,53.40179496030376
2018-08-27,14627.250064471762,4.107023123871745,32.60465915928823,1.3654259434367748,53.294077194188944
2018-08-28,14621.99829205807,4.096498719043552,32.53458582408198,1.361656703672075,53.27668659265585
2018-08-29,14655.0,4.1231560891938255,32.710120068610635,1.3671526586620928,53.49485420240138
2018-08-30,14690.00171057133,4.109476565172768,32.705268559698936,1.3657201505302772,53.482723229558665
2018-08-31,14788.430177667153,4.116985666466398,32.765427860269504,1.3702686464681144,53.48725431293451
2018-09-03,14893.996037557066,4.1267981738306485,32.74528383151004,1.3717805151175813,53.52829701093979
2018-09-04,14935.132330046707,4.139508735512887,32.8247708008995,1.3761459955025084,53.580695381421904
2018-09-05,14935.002590226215,4.151959937834571,32.83975133828354,1.3784320497323435,53.76705232256951
2018-09-06,14890.44180849235,4.136152656008252,32.77462609592574,1.3752793536187038,53.800928313563695
2018-09-07,14820.0,4.146792940163581,32.78519156263452,1.375462763667671,53.76926388291003
2018-09-10,14853.997061619568,4.150116670987814,32.85541439806413,1.3798288825512055,53.9253305677988
2018-09-11,14870.00172801106,4.151028166580266,32.83998617591153,1.377656817003629,53.997753585622945
2018-09-12,14824.997842037115,4.146482520500647,32.78463530427277,1.376348726801899,54.06991799741044
2018-09-13,14801.996557659208,4.144492254733219,32.619621342512914,1.3716006884681586,54.056798623063685
2018-09-14,14804.996150226709,4.138506287963042,32.56993754812216,1.3698348875010693,54.04996150226709
2018-09-17,14866.995116099735,4.138462856653243,32.620169651272384,1.3723759746379915,54.16074029646131
2018-09-18,14857.997777207833,4.1425151748311535,32.564760194921774,1.370522356159699,54.125844233564166
2018-09-19,14875.289277449216,4.142967343790177,32.45992971629382,1.3707894060169707,54.018170909402585
2018-09-20,14844.931599966012,4.1374798198657485,32.33494774407341,1.3649417962443708,53.900926161950885
2018-09-21,14818.368908920826,4.130028063610851,32.434730844459565,1.3642316523513907,54.134705332086064
2018-09-24,14875.00212350293,4.129024038053172,32.3953113055296,1.3642232226280473,54.22577083156375
2018-09-25,14919.75885199966,4.1328012227222555,32.430160482296,1.3656279188248281,54.34236223146812
2018-09-26,14937.547925364233,4.141007071653744,32.45974269404447,1.365510777881912,54.29666865468178
2018-09-27,14905.89390962672,4.134107798752883,32.42504484496455,1.364653626035705,54.11890322029554
2018-09-28,14901.503109882515,4.1370076019350375,32.349689011748445,1.3682619212163096,54.11886662059434
2018-10-01,14910.003446493192,4.140013785972773,32.24022057556436,1.3702395312769258,54.05221437187661
2018-10-02,15044.996967859306,4.1414710213982495,32.37026769470675,1.3741661613098848,54.30130815212682
2018-10-03,15068.938344302043,4.140024246622792,32.384828541738834,1.3759958434360928,54.275199168687216
2018-10-04,15169.996522343941,4.147017909928708,32.635193879325335,1.3797600417318727,54.3227264823509
2018-10-05,15180.001738223535,4.1500086911176775,32.80462367460455,1.3810185989918302,54.28037545628367
2018-10-08,15217.503049311728,4.154469419759541,32.95521867921241,1.384736016727653,54.06081198815125
2018-10-09,15291.648447748143,4.157498906864888,33.10013117621338,1.3868823786620028,54.243113248797556
2018-10-10,15203.000000000002,4.153043478260869,32.92521739130435,1.3829565217391306,54.18000000000001
2018-10-11,15234.997840172786,4.158963282937365,32.75507559395248,1.3796112311015118,54.03023758099352
2018-10-12,15205.00259201659,4.154484188698808,32.73025747364783,1.3765336098151029,54.070330050112325
2018-10-15,15209.99913651671,4.156031430791815,32.67507123737156,1.3768241084535016,54.09636473534238
2018-10-16,15164.347976180201,4.1497367739708295,32.564943471131436,1.3743850867351342,53.837058772762575
2018-10-17,15168.75108412836,4.152732003469211,32.56027753686036,1.3761491760624458,53.92974848222029
2018-10-18,15193.498478922205,4.156540634506736,32.60495436766623,1.3787918296392871,54.00869187309865
2018-10-19,15187.497820401048,4.157018308631211,32.57018308631211,1.3775065387968615,53.70967741935483
2018-10-22,15197.25073951627,4.158430485470681,32.77536105794327,1.379415347137637,53.802853662780585
2018-10-23,15189.94598362084,4.16257187663356,32.849799616657954,1.3784631468897022,53.768949294302146
2018-10-24,15196.997102467294,4.166476424620247,32.90982526999737,1.3806304328738257,53.7422073930986
2018-10-25,15187.5,4.169498948843728,32.909950946040645,1.3791170287316048,53.681674842326565
2018-10-26,15207.051564565889,4.186690171881886,33.11502864698105,1.384310268840899,53.6597620096959
2018-10-29,15218.996573236098,4.176961602671119,33.20973552411915,1.382743168438626,53.68684649855022
2018-10-30,15214.052057685542,4.182026028842771,33.30988392543089,1.3840133661625045,53.51916989096026
2018-10-31,15202.500441774166,4.184484891323556,33.16398657006538,1.3868174589150029,53.42905106909348
2018-11-01,15090.230843500394,4.184499253927851,32.940402001228826,1.3781269200386204,53.22742034582639
2018-11-02,14917.9994744679,4.1589734606288875,32.8799159148638,1.3739160900411667,53.160199702198476
2018-11-05,14975.998240985047,4.175461741424802,32.96042216358839,1.3765171503957783,53.22339489885664
2018-11-06,14802.502625131256,4.165558277913895,32.94014700735036,1.3732061603080152,52.92439621981099
2018-11-07,14580.003482197266,4.155480107948115,32.784887263863496,1.3692870201096892,52.74135979803256
2018-11-08,14540.003501400559,4.16342787114846,32.909663865546214,1.3710609243697478,52.790616246498594
2018-11-09,14684.999118632115,4.1775956284152995,33.009871320289086,1.3773135906927552,53.10770315529702
2018-11-12,14807.012871726585,4.184021304926764,33.109631602308035,1.3812694185530403,53.23834886817576
2018-11-13,14822.999733593819,4.194032501554036,33.014829944054696,1.3816712547731107,53.17911375543912
2018-11-14,14766.448300283288,4.202283994334278,32.97007790368272,1.3800460339943343,53.10640934844193
2018-11-15,14683.051747014593,4.189119858469704,32.97478991596638,1.377266696152145,52.73241928350287
2018-11-16,14611.316763617133,4.191961924907456,32.94993830424819,1.3759915388683235,52.7701392561255
2018-11-19,14590.006125842303,4.187275750415682,32.9246521396692,1.3725387240745601,52.52472214929553
2018-11-20,14597.67095700902,4.185535417213905,32.96996760353735,1.3724717625426845,52.411347517730505
2018-11-21,14598.246997984046,4.183977561574196,32.95030239284775,1.3728635287930582,52.233324568323255
2018-11-22,14543.541173375426,4.191967026221169,32.979917565552924,1.3726212400245548,52.39761466280803
2018-11-23,14531.192741367162,4.196176885130373,33.079633544749825,1.3746476391825229,52.393410852713174
2018-11-26,14474.99779987679,4.1879785267975,33.03969022265247,1.3732289008184457,52.41485523189298
2018-11-27,14486.749646892655,4.192973163841807,32.989936440677965,1.3755296610169492,52.47086864406779
2018-11-28,14535.501595179014,4.197802197802197,33.01931939028713,1.3778801843317972,52.598369372562914
2018-11-29,14344.550803547905,4.178010011416528,32.934925792570475,1.3702467726354615,52.40713093878985
2018-11-30,14302.500220089796,4.184523285500484,32.879654899198876,1.3716876485606129,52.41306453032838
2018-12-03,14285.448288033887,4.153988704553477,32.78503353335687,1.36701376632545,52.42675608895164
2018-12-04,14289.99912349899,4.147515119642388,32.66982207029538,1.3629590674029275,52.620738013848715
2018-12-05,14394.997357759381,4.15404262814867,32.75497621983442,1.3669191474370266,52.73736128236745
2018-12-06,14519.998238040702,4.164478900537397,32.844683287816046,1.370804334419875,52.869350717998415
2018-12-07,14470.152141412364,4.166036408407352,32.85463019963064,1.3704159704511476,52.817694134201034
2018-12-10,14592.0,4.172516411378556,32.84463894967177,1.3712910284463895,52.83763676148796
2018-12-11,14610.246946128835,4.184462606555937,32.79462167150013,1.3724404604974076,52.73662008963881
2018-12-12,14597.496915212409,4.189846641988366,32.779834302838005,1.3729067512779833,52.63000176273576
2018-12-13,14507.396007387213,4.180019347462844,32.710403658429335,1.3707677425028582,52.667311582094804
2018-12-14,14620.841825431988,4.1863535666814355,32.809924678777136,1.376517501107665,53.15019937970757
2018-12-17,14575.002204391145,4.170002645269376,32.79957675689974,1.3744819680804161,53.01384357640419
2018-12-18,14479.00149424277,4.182033928100554,32.76522809176409,1.3703085171837919,53.080777006240666
2018-12-19,14442.498903989475,4.1789565979833405,32.71459886014905,1.369837790442788,53.077597544936424
2018-12-20,14447.995808226357,4.181206881495066,32.66963583966466,1.3691380665444066,53.1097720723081
2018-12-21,14627.948133870686,4.171018048011214,32.65025407394428,1.3703346767128088,53.045382863150515
2018-12-24,14588.499298737728,4.173474754558205,32.57538569424965,1.372282608695652,52.960203366058906
2018-12-27,14598.048694734993,4.167970466731124,32.544607541531164,1.3726817262898832,52.730069438340514
2018-12-28,14527.047319713636,4.151911995809325,32.57988475641697,1.3656364588789942,52.62964903090623
2018-12-31,14410.480349344978,4.132489082969432,32.35982532751092,1.3616593886462882,52.50043668122271
2019-01-02,14463.551811880321,4.141002018074932,32.29534087917874,1.3648328507501977,52.55242607703782
2019-01-03,14410.001762425096,4.143461402890377,32.18011984490659,1.3659675713782164,52.589883679943604
2019-01-04,14243.050074541787,4.1310181531176005,32.08541611856529,1.3614838200473558,52.45023239498377
2019-01-07,14087.05111402359,4.117518567059851,31.985146352118825,1.3570117955439054,52.407164700742676
2019-01-08,14145.0,4.113024475524476,32.084790209790214,1.3591783216783218,52.49737762237763
2019-01-09,14125.002182453078,4.114535137494544,32.00523788738542,1.3560017459624618,52.28022697512004
2019-01-10,14079.003034243606,4.097529258777633,31.904638058084092,1.351018638925011,52.16038144776767
2019-01-11,14086.551634440302,4.090002601231249,31.930113587097896,1.3512529263851556,52.20324286829099
2019-01-14,14123.999302345861,4.102991192116509,31.940350571204323,1.353972268248016,52.24731839190721
2019-01-15,14124.002100840335,4.093574929971989,31.90038515406162,1.3545168067226891,52.09996498599439
2019-01-16,14150.381947493195,4.109491614715954,31.71042233734305,1.355606286767934,52.2152954605321
2019-01-17,14180.001755001756,4.113460863460864,31.745349245349246,1.3559143559143558,52.51579501579502
2019-01-18,14202.052271531309,4.124188738817751,31.714611471671635,1.3561655849850902,52.6074372917032
2019-01-21,14240.996303467698,4.118377046294666,31.79017778560112,1.360411899313501,52.773279352226716
2019-01-22,14233.001585344373,4.136163466619694,31.819623040338207,1.3609300686982562,52.8941342258235
2019-01-23,14172.965602181754,4.137503299023489,31.75508049617313,1.3591097035277557,52.6981613442421
2019-01-24,14165.003086147606,4.143020897628075,31.73000617229521,1.3605502160303322,52.821620668371395
2019-01-25,14084.999118632117,4.132557729596333,31.619954168870084,1.356601445443328,52.584170632822136
2019-01-28,14062.550359082152,4.110877561744615,31.55018392012612,1.353564547206166,52.510071816430205
2019-01-29,14090.001751006828,4.10882507441779,31.510243389949217,1.3521274732971458,52.483803186832425
2019-01-30,14130.002624901566,4.105783533117508,31.379823256627873,1.3510368361186456,52.30028873917228
2019-01-31,13910.497910863509,4.090181058495822,31.235201949860727,1.3456650417827298,52.09174791086351
2019-02-01,13956.498997471885,4.083253421672043,31.290210095022232,1.3487926074448608,52.23258652253509
2019-02-04,14012.503276539972,4.090170380078637,31.320227173438177,1.3533420707732633,52.46221057230231
2019-02-05,13975.496804692286,4.08193994572354,31.274621377921736,1.3520966471154687,52.30062155300709
2019-02-06,13922.0028084957,4.085659118834474,31.229594523433384,1.3532560997015974,52.365279971915044
2019-02-07,14000.0,4.0722785368003525,31.234905244601144,1.3561040105773468,52.20890260026443
2019-02-08,13965.000881367883,4.069539925965098,31.48510488277807,1.355191256830601,52.13202890886656
2019-02-11,14080.864797948536,4.072508621451941,31.420107878680696,1.358563975594659,52.147846847643464
2019-02-12,14068.502124645895,4.07737252124646,31.299575070821533,1.357471671388102,52.10516997167139
2019-02-13,14068.465280849181,4.066961521450685,31.33038478549314,1.3568332596196373,52.16187527642636
2019-02-14,14089.998225062123,4.07596734114306,31.35516506922258,1.3587149449769258,52.35356762513312
2019-02-15,14142.504440497336,4.08499111900533,31.269982238010662,1.3581705150976913,52.42984014209592
2019-02-18,14106.497175141243,4.085540254237288,31.219985875706215,1.355667372881356,52.37023305084746
2019-02-19,14102.001062511068,4.0865946520276255,31.21037719142908,1.3568266336107668,52.21356472463255
2019-02-20,14040.001763357432,4.071856815376476,31.095044965614527,1.3512608005642743,52.02168929642038
2019-02-21,14073.013915800599,4.0796195173507135,31.16963184780694,1.3521225999647701,52.13404967412366
2019-02-22,14057.395143487858,4.077174392935982,31.340397350993378,1.353112582781457,52.143046357615894
2019-02-25,14017.613386173492,4.067459269044474,31.27520915896081,1.3492734478203436,51.87670629678556
2019-02-26,14011.0025525922,4.062758559985917,31.32030631106416,1.3495290907490536,52.05879764105272
2019-02-27,14024.00316177762,4.067802564552959,31.3903038819603,1.3477955383804672,51.80133497277358
2019-02-28,14076.497897687457,4.068500350385424,31.519796776454097,1.3481079187105816,51.68097407147863
2019-03-01,14114.908196433276,4.073969955196345,31.725379952560832,1.3525432662742687,51.819379776860224
2019-03-04,14129.999117932435,4.075504983681751,31.879685983946374,1.3549439887095354,51.80029990297257
2019-03-05,14129.499514520257,4.073792920822667,31.79009621325801,1.3556359784623533,52.365610380439584
2019-03-06,14152.498894294558,4.094559929234851,31.854931446262714,1.3577178239716938,52.26271561256081
2019-03-07,14187.00204063526,4.087037529944104,31.779788838612372,1.3581758495253304,52.2784136278946
2019-03-08,14318.99839600784,4.091605774371769,31.790233469969696,1.359561575476742,52.313313134913564
2019-03-11,14290.003557452863,4.089469939523301,31.7102454642476,1.3592138029171112,52.25097829953753
2019-03-12,14265.18847006652,4.083991130820399,31.660310421286034,1.3562749445676274,52.889578713968966
2019-03-13,14236.795541006812,4.089533752101212,31.61019198442891,1.3558347341413783,52.704591701318236
2019-03-14,14298.75166002656,4.088534749889332,31.78043382027446,1.3567950420540063,52.767596281540506
2019-03-15,14275.999292536257,4.083038556773965,31.69968164131588,1.354174036080651,52.60965688008489
2019-03-18,14237.37774253238,4.076394395982025,31.680324257643846,1.3512203718389286,52.699797338972594
2019-03-19,14175.004402183484,4.070434935728121,31.67987321711569,1.3507659799260434,52.85173446029231
2019-03-20,14164.999119253127,4.061035758323058,31.735071340496738,1.3506253302800777,52.88180376959662
2019-03-21,14117.001844208307,4.046807763238781,31.720382892772456,1.3480284534996048,52.59506454729077
2019-03-22,14198.000353919659,4.064501858078216,31.669615997168638,1.3507343832949918,52.50132719872589
2019-03-25,14180.0,4.068962472406181,31.615011037527594,1.349757174392936,52.46004415011037
2019-03-26,14170.002656983439,4.071472854485874,31.644672748206535,1.3509875121778407,52.61181471968825
2019-03-27,14239.99644791759,4.083473936595328,31.83021046088269,1.3550306367107716,52.76440813426871
2019-03-28,14267.498662863258,4.082456765911927,31.87020859333215,1.3573720805847744,52.864146906757
2019-03-29,14240.0,4.079928793947486,31.715175789942144,1.3541611036938141,52.581219403649314
2019-04-01,14225.0,4.080455678177288,31.73460306158775,1.3539515841936633,52.48487006051976
2019-04-02,14219.999999999998,4.081696428571428,31.75,1.3551785714285713,52.41607142857143
2019-04-03,14176.999021613448,4.082540247264965,31.75042248510184,1.3527528239793647,52.1284354709597
2019-04-04,14168.000713076033,4.079507977538106,31.78001604421072,1.3536857117390142,52.26579909082807
2019-04-05,14155.497195762488,4.093741654055016,31.899759636784474,1.354491231193804,52.111635360099704
2019-04-08,14163.00017784101,4.1012804552729865,31.95980793170905,1.3554152587586696,52.136759736795305
2019-04-09,14132.996364281282,4.098607785758624,31.74957878868494,1.3527533918595374,52.03688924359316
2019-04-10,14150.004433017113,4.107456334781452,31.774980051423,1.3527795017288768,51.90442415107723
2019-04-11,14174.50284090909,4.117808948863636,31.825284090909086,1.3542258522727273,51.940696022727266
2019-04-12,14092.500662485645,4.11447751965374,31.759561876159346,1.3530606836851868,51.72069605158554
2019-04-15,14060.001767877664,4.116768319632282,31.765225846371433,1.35233801820914,51.6892071068682
2019-04-16,14084.997788589118,4.134099955771783,31.809818664307826,1.353560371517028,51.762052189296774
2019-04-17,14085.001327316164,4.134501371560038,31.79010707017078,1.352623661622865,51.66003008583311
2019-04-18,14042.497777777777,4.143022222222222,31.81511111111111,1.3556444444444444,51.68622222222222
2019-04-23,14075.002223210315,4.129035126722988,31.965317919075144,1.356958648288128,52.05958203646065
2019-04-24,14095.0040146311,4.129984833615844,32.00017842804889,1.3591756624141316,52.18217503791596
2019-04-25,14233.00368605592,4.139980221163355,32.139710509754565,1.3655488627168928,52.28445563247325
2019-04-26,14196.002874337555,4.138956256175335,31.989580526363063,1.3630647624180365,52.16383724063595
2019-04-29,14200.0,4.133542600896861,31.949775784753367,1.362421524663677,52.120179372197306
2019-04-30,14221.501158851846,4.128543412372973,31.914779818149405,1.3605812087716171,51.814048850062406
2019-05-02,14250.0,4.13699607563325,32.02461648234035,1.3609525508383875,51.750802711380665
2019-05-03,14254.997758852534,4.14047512326311,32.02510085163603,1.363424473330345,51.869116987897804
2019-05-06,14292.499330297349,4.147513170818823,31.904634342351997,1.3631574247700688,51.957317617644435
2019-05-07,14280.0,4.148502458649978,31.8998658918194,1.3627179257934734,51.95172105498435
2019-05-08,14295.000892697732,4.148455632922692,31.79967862881628,1.3619889305481163,52.16657739689341
2019-05-09,14350.37076744394,4.152595372107567,31.785044224068614,1.3638881443759492,52.244259805235416
2019-05-10,14405.503116651826,4.165716829919857,31.579697239536955,1.36286731967943,52.29029385574354
2019-05-13,14416.078257003112,4.1645175633614935,31.6754112939084,1.3685193419297463,52.44019564250778
2019-05-14,14430.00178157848,4.17049706039551,31.500089078923928,1.3687867450561197,52.46570461428826
2019-05-15,14460.001788428865,4.1784852007511395,31.585442189036932,1.3696682464454977,52.39023517839578
2019-05-16,14450.004463090243,4.164509506382219,31.59510845309292,1.3692760867624743,52.48326341158618
2019-05-17,14450.000000000002,4.181972789115647,31.774973147153602,1.3753132832080202,52.72824919441461
2019-05-20,14477.299185098951,4.183039312259336,31.85009402704397,1.3760186263096623,52.71424733590042
2019-05-21,14483.003315115131,4.18600483827614,31.935310456052324,1.3781919182868918,52.5517426753875
2019-05-22,14525.002237937517,4.185480261391103,31.945215289589115,1.3784799928386,52.466207143496554
2019-05-23,14480.50094263399,4.194990573660113,31.994793069395822,1.381721878086004,52.516383876470066
2019-05-24,14392.500223473673,4.1885223920622145,31.8548315008492,1.3768660051845891,52.20613211763654
2019-05-27,14379.99642793356,4.186461868190748,31.82979103411324,1.3746204679407037,52.21110912662976
2019-05-28,14375.0,4.188527519656898,31.810221586847746,1.377769835596855,52.2596497498213
2019-05-29,14417.004302617426,4.19397633560416,31.840265328074583,1.381588382932951,52.330584438866985
2019-05-30,14400.0,4.1903179450332315,31.81965151787318,1.3796479252739358,52.15017064846417
2019-05-31,14332.499327414582,4.192180073536005,31.64021164021164,1.3790691417810064,52.215047977759845
2019-06-03,14237.997317836389,4.17898971837282,31.415288332588286,1.3704067948144836,51.86589181940098
2019-06-04,14222.99893276414,4.169868374244041,31.294912842404838,1.3692636072572038,51.76716471006759
2019-06-05,14204.503864262238,4.14950697343875,31.360042640135028,1.3648396553255753,51.77223061206361
2019-06-06,14193.999644949405,4.160482868808805,31.319900585833476,1.3636605716314574,51.70335522812001
2019-06-07,14247.999645169875,4.158875188503504,31.35012862592034,1.3667169342677192,51.98704870043466
2019-06-10,14244.996018051499,4.163525351738784,31.345013715600388,1.3674011149455798,52.09185027873639
2019-06-11,14237.500000000002,4.162809187279152,31.274734982332156,1.364487632508834,51.952296819787996
2019-06-12,14241.420118343194,4.157467102358032,31.24525302481674,1.3640377991698311,51.942947981983565
2019-06-13,14293.002037381522,4.1693684117282315,31.225086367260165,1.3661971830985915,51.86996190982372
2019-06-14,14316.999556147359,4.1705281846426985,31.15934309809143,1.3673324456280513,51.96537949400799
2019-06-17,14335.000890154888,4.17598362115008,31.32989140110379,1.3708385259035072,52.25476232864519
2019-06-18,14322.499329578975,4.1814606239385,31.32475194422097,1.3710556896397605,52.07919907034952
2019-06-19,14269.501204604265,4.172392254840725,31.275095922191483,1.3672704559650217,51.91041313464799
2019-06-20,14182.497567878305,4.147961439816044,30.934819138586718,1.356327938445211,51.43627841160343
2019-06-21,14127.78366914104,4.153587840226228,30.805054789678334,1.3575468363379286,51.47843761046306
2019-06-24,14152.185360716167,4.139985957521503,30.724942952431107,1.3541337546076881,51.37001930840793
2019-06-25,14152.002107481558,4.137600983491394,30.710396909027043,1.3532665964172812,51.34966631541973
2019-06-26,14167.998591797217,4.147509241330751,30.764830135539512,1.3542510121457487,51.44868861116001
2019-06-27,14140.0,4.143975373790678,30.785400175901493,1.3538258575197888,51.19525065963061
2019-06-28,14132.996485061512,4.137258347978911,30.665202108963094,1.3528119507908614,51.26098418277681
2019-07-01,14112.503304255883,4.132875143184422,30.637941668869505,1.353335095603137,51.06441096131818
2019-07-02,14137.501106096805,4.138483320060171,30.654809308910714,1.3553667817007344,51.129103619148744
2019-07-03,14141.503586292394,4.141857788010271,30.58000531302577,1.3564154786150713,51.16532365181971
2019-07-04,14139.998228206945,4.132973068745571,30.654677533664067,1.3560418143160877,51.101169383416014
2019-07-05,14120.4973357016,4.1355239786856135,30.665186500888105,1.3571936056838367,51.2113676731794
2019-07-08,14110.00445831476,4.140526081141329,30.774855104770403,1.3595185020062417,51.34195274186358
2019-07-09,14130.004462293618,4.14190093708166,30.835341365461847,1.3609995537706379,51.34225792057117
2019-07-10,14130.0,4.138502673796791,30.825311942958997,1.3609625668449197,51.475935828877
2019-07-11,14064.997784669915,4.115463003987594,30.61497563136907,1.3547186530793087,51.22108994240141
2019-07-12,14035.999289078467,4.113036523593709,30.915311472496224,1.3603483515506976,51.14991557806807
2019-07-15,13942.67459401899,4.1085278196823145,30.89537669713373,1.3561984204454698,51.030260005324344
2019-07-16,13939.99821794529,4.104873919629333,30.884790163058003,1.3573910719059075,50.89013632718524
2019-07-17,13980.0,4.114489522960321,30.945162728488633,1.3618368256798932,51.12973695942934
2019-07-18,13970.996790299574,4.114033523537803,30.879992867332383,1.360645506419401,51.10912981455064
2019-07-19,13952.004275788348,4.107161945483698,30.79458400142526,1.3592553001959735,51.02707999287369
2019-07-22,13945.002229157379,4.112973695942934,30.845296477931345,1.3606776638430673,51.111012037449846
2019-07-23,13961.004206569409,4.118499955249262,30.895014767743668,1.363823503087801,51.13040365166025
2019-07-24,13974.999999999998,4.114093357271095,30.904847396768396,1.3640933572710952,51.134649910233385
2019-07-25,13977.498875393612,4.114529914529914,30.86459739091318,1.3656320287899237,51.099415204678365
2019-07-26,13978.003232178131,4.121386245286407,30.895133776261453,1.3684683066977914,51.00556652899983
2019-07-29,14020.001798722906,4.125011242018166,30.85529274215307,1.3715262163863655,51.011781635039114
2019-07-30,14020.001793078716,4.1249775865160485,30.805092343553884,1.3701811009503317,50.83467814237045
2019-07-31,14025.02017756255,4.126535736705228,30.735360057393958,1.3685768092547754,50.834005918751686
2019-08-01,14155.993476488176,4.143698468786809,30.89517078916372,1.375192534203135,51.19325903778201
2019-08-02,14201.737799387718,4.1574824419232845,30.75544750585269,1.3767332973167656,51.60003601656762
2019-08-05,14314.702199964227,4.178501162582721,30.795027723126452,1.38195313897335,52.03988553031658
2019-08-06,14265.004022526145,4.187002771073567,30.74461428443729,1.3802628050415662,52.08635022794314
2019-08-07,14230.75343688627,4.18898410998036,30.784681306909476,1.382788787716479,52.278164613461875
2019-08-08,14207.996068971679,4.185026355758064,30.745108549986597,1.3832752613240418,52.12811578665237
2019-08-09,14189.99821396678,4.18449723164851,30.719771387747812,1.3824790141096626,51.979817824611544
2019-08-12,14249.597998927999,4.200643201715205,30.825442201179204,1.3864570305520816,52.19224584598892
2019-08-13,14317.50133666013,4.197469256816967,30.875066833006596,1.3879878809481376,52.346284084833364
2019-08-14,14245.003575259205,4.18850554165177,30.844654987486592,1.388094386843046,52.3605648909546
2019-08-15,14270.0,4.193542600896861,30.854708520179372,1.388609865470852,52.69865470852018
2019-08-16,14222.995666305525,4.178494041170098,30.88479595521849,1.386421090646443,52.37630913687252
2019-08-19,14234.99954967126,4.176979194812213,30.844816716202825,1.3848509411870666,52.392146266774745
2019-08-20,14260.003611412063,4.176868905742145,30.774647887323944,1.3859696641386783,52.33297219212712
2019-08-21,14236.995677233428,4.1775036023054755,30.775396253602306,1.3827449567723342,52.18029538904899
2019-08-22,14235.405576107552,4.188486871785617,30.794911125146623,1.3859965713254534,52.31886673283407
2019-08-23,14212.498870311792,4.18996836873023,30.72480795300497,1.3881608676005421,52.42476276547673
2019-08-26,14244.746311622886,4.205469593378914,30.59014033825117,1.3882691615689098,52.47121266642677
2019-08-27,14248.802233429395,4.202989913544668,30.561059077809798,1.3878782420749278,52.31898414985591
2019-08-28,14249.589461337182,4.214743300550392,30.615356852837674,1.388883876206803,52.33059640891455
2019-08-29,14197.001445086706,4.217485549132948,30.60513005780347,1.386741329479769,52.19743497109827
2019-08-30,14185.003624501633,4.20550924247916,30.585357013410658,1.387459224356651,52.06777818050019
2019-09-02,14194.000729394602,4.218544857768053,30.634573304157552,1.3906819839533189,52.15171407731583
2019-09-03,14225.107433482675,4.220718661424523,30.67385937642864,1.3931608302093812,52.290390417847675
2019-09-04,14152.495915774189,4.199764022508623,30.615356689054277,1.3859139589762208,51.91958613178436
2019-09-05,14112.298788207632,4.18945559775728,30.545306565382532,1.3831615120274916,51.9189726894556
2019-09-06,14085.99800489707,4.180466128593452,30.669266346241045,1.3810646594722045,51.879931078262445
2019-09-09,14047.040696093538,4.170669808755552,30.635366627390553,1.3797697815643977,51.839934741230856
2019-09-10,14044.999999999998,4.171467391304347,30.615036231884055,1.3792572463768114,52.01539855072463
2019-09-11,14060.001817686085,4.179496500954285,30.58529491956739,1.3796237389802781,52.12578387712442
2019-09-12,13965.502143573838,4.165283225394508,30.405910790841926,1.3765392684484175,51.91279759190002
2019-09-13,13964.996395097332,4.1644736842105265,30.43979812545062,1.3722062004325883,51.95025234318673
2019-09-16,14039.9963738555,4.178043695041247,30.524884416644003,1.3741274589792405,52.29988215030369
2019-09-17,14091.003083620533,4.185470705604933,30.565028115363685,1.3762923997823326,52.34173771086523
2019-09-18,14060.63512168642,4.184022437347327,30.53469646249887,1.3735637383515789,52.151452094453994
2019-09-19,14059.998192825518,4.191289418993404,30.52498418722327,1.3773380319869883,52.23005331164724
2019-09-20,14055.00453309157,4.169990933816863,30.49501359927471,1.3758839528558477,52.01722574796011
2019-09-23,14084.997724169321,4.185343650432408,30.495220755575787,1.3782430587164314,52.13654984069185
2019-09-24,14112.496591838588,4.18149595564846,30.564391529582842,1.3764427883304553,52.129419249295644
2019-09-25,14150.0,4.1900382443999264,30.574576579857947,1.3779821526133673,52.3356401384083
2019-09-26,14168.001462790271,4.192814042786615,30.635399524593158,1.3808740171877856,52.1704150667398
2019-09-27,14165.002286236855,4.1880201188843165,30.644718792866943,1.3808870598994056,51.88477366255144
2019-09-30,14195.004132610893,4.186977683901184,30.595095968408483,1.3830471117641656,51.935898613279456
2019-10-01,14227.995962561936,4.194531106625068,30.675353275830425,1.3863094145714807,51.94531106625068
2019-10-02,14203.00228832952,4.194508009153318,30.625171624713957,1.3855377574370709,51.99633867276888
2019-10-03,14172.495662496576,4.187471463793261,30.555200438316135,1.3814263537576477,51.810793534837
2019-10-04,14146.452318061753,4.185536023317241,30.45541488295837,1.378905182621368,51.74514983149649
2019-10-07,14172.546165741836,4.193031929409624,30.45210588556354,1.3804239061220778,51.87301009733467
2019-10-08,14154.997269251775,4.193519024212635,30.405060986710357,1.3806663025669033,51.84325505188421
2019-10-09,14170.00273199162,4.196976595938438,30.335124305618795,1.3799289682178308,51.74027866314543
2019-10-10,14151.495920217589,4.189029918404351,30.4052583862194,1.3768812330009066,51.65004533091568
2019-10-11,14127.999637779587,4.185456850493525,30.464547677261614,1.3743547948926922,51.55030335959431
2019-10-14,14129.997280391623,4.188015592421358,30.39524975070257,1.369141510289185,51.580999002810266
2019-10-15,14165.00408830744,4.19051512673753,30.37521577178159,1.370764059235032,51.62987189970019
2019-10-16,14205.995464852607,4.195011337868481,30.415419501133787,1.373061224489796,51.560090702947846
2019-10-17,14156.996310627193,4.179159542877711,30.314946459101954,1.365157923153064,51.31017726986413
2019-10-18,14153.939339554916,4.186468054558507,30.295226130653266,1.365218951902369,51.21141421392677
2019-10-21,14063.44759688535,4.180524478653898,30.255079208806947,1.3606909514006982,51.05701244070527
2019-10-22,14040.0,4.188499550763702,30.3099730458221,1.3624438454627135,51.18508535489668
2019-10-23,14029.002966825496,4.187539332913782,30.324552728580414,1.3630315562348287,51.033893733704936
2019-10-24,14035.99928109274,4.185028756290438,30.29025880661395,1.362508986340762,51.30122214234364
2019-10-25,14034.995948500946,4.186008823264608,30.164760961555775,1.3631043486089853,51.274871702529936
2019-10-28,14012.997203932533,4.185983584378101,30.20474429512041,1.3623162262108774,51.16893659240552
2019-10-29,14052.23073456512,4.182965299684543,30.215412347904465,1.3628661559260928,51.034700315457414
2019-10-30,14046.497388798847,4.179992796686475,30.23590851791824,1.3633171258779038,50.95533945614983
2019-10-31,14077.012730858885,4.178500986193295,30.18468710776403,1.3604088219472836,50.837367760444685
2019-11-01,14041.592602567556,4.1655444833468,30.184935811114105,1.358200915701589,50.530568273633186
2019-11-04,14019.815379100199,4.150474995518911,30.192686861444706,1.3574117225309197,50.525183724681845
2019-11-05,13967.503825726888,4.130524799711945,30.195337114051668,1.3572778827977316,50.420379872175715
2019-11-06,14015.004508566275,4.136519386834986,30.304779080252477,1.3584310189359783,50.60955816050496
2019-11-07,13994.502121513045,4.124040805272186,30.354789202852764,1.3573169630766455,50.4802744425386
2019-11-08,14014.00217509516,4.1334964654703645,30.385173101323186,1.359615733188327,50.57911908646003
2019-11-11,14075.427950366813,4.143555837333575,30.335114572955348,1.3608368807173261,50.8450321528847
2019-11-12,14071.24829777576,4.142532909668634,30.33681343622333,1.361234679981843,50.802541988197916
2019-11-13,14103.89787388697,4.15346174813738,30.235326185716882,1.3628929674722878,50.90405233508995
2019-11-14,14102.191506774576,4.157497499317996,30.206419932708926,1.3630080931163044,50.73019914522143
2019-11-15,14073.001631321371,4.152347290193946,30.224759833242707,1.3613376835236541,50.61537067246692
2019-11-18,14093.00244100895,4.155501310912213,30.235060121146365,1.3603652472651657,50.70156405388301
2019-11-19,14089.997291685475,4.157533628238693,30.204929132436583,1.3604766633565044,50.89013270741176
2019-11-20,14108.00253187449,4.165476082828465,30.18536938240347,1.3616963559092141,50.88977303553666
2019-11-21,14087.503381119828,4.169506807321251,30.204670453520873,1.3612839239022632,50.86917320349833
2019-11-22,14084.997287032014,4.171007415445832,30.195333695062402,1.3629951166576237,50.854584915897995
2019-11-25,14091.996729651162,4.178506540697675,30.225290697674417,1.3653706395348837,50.79487645348837
2019-11-26,14099.89110707804,4.1830308529945555,30.215063520871137,1.3663339382940107,50.83121597096188
2019-11-27,14094.84058497593,4.172041057316741,30.235262058315925,1.3650649468616585,50.829321464256516
2019-11-28,14100.79963652885,4.173466606088142,30.225352112676052,1.3659245797364834,50.79509313948205
2019-11-29,14104.999089419049,4.177927517756328,30.234929885266798,1.3674194135858677,50.845019122199965
2019-12-02,14125.00226798512,4.1795337022589125,30.284858931325413,1.3685022226254195,51.09044724666606
2019-12-03,14105.00406467347,4.174509981031524,30.28543040375757,1.3654593081022492,51.10920422726041
2019-12-04,14104.999548777185,4.176518364768523,30.305026622146016,1.3629636314412055,51.005324429203135
2019-12-05,14064.999098611863,4.1694609698936365,30.355146926266453,1.361366504416802,50.84009374436633
2019-12-06,14020.56066342167,4.159455561564809,30.32720389399676,1.3596538669551108,50.791418784928794
2019-12-09,14001.002257336344,4.160180586907449,30.312415349887132,1.359819413092551,50.84966139954854
2019-12-10,14010.002708314527,4.164484968854384,30.2952062832897,1.3597544461496796,50.77457795431977
2019-12-11,14044.496613995487,4.16451467268623,30.264559819413094,1.359819413092551,50.81625282167044
2019-12-12,14035.000448953939,4.159468438538206,30.175092035557157,1.3573673341115202,50.710245128849785
2019-12-13,13985.00089493467,4.134508680866297,30.185251476642208,1.3518883121532128,50.51100769643816
2019-12-16,14004.997308451462,4.1420240445002685,30.22519289431186,1.3543872241162749,50.61995334649201
2019-12-17,13990.001791793584,4.142537179716896,30.22487009496506,1.3556710266977243,50.54022576599175
2019-12-18,13998.002699055332,4.138461538461539,30.234817813765186,1.3562753036437247,50.62618083670716
2019-12-19,13989.178735270309,4.142034721597554,30.19519654583071,1.3559413510839258,50.60987676531438
2019-12-20,13977.498422997207,4.1400378480670454,30.18473461295846,1.3549608002162747,50.72001441831126
2019-12-23,13986.004514672688,4.142483069977427,30.16523702031603,1.3560270880361176,50.98961625282167
2019-12-24,13985.018050541516,4.136462093862815,30.155234657039706,1.3553249097472924,50.84025270758123
2019-12-27,13963.875190531697,4.127499327535192,30.155115215637046,1.352371559221734,50.725365372545504
2019-12-30,13911.564929841808,4.106533202252212,29.91509518276879,1.348467244615247,50.74984359638931
2019-12-31,13882.499554922557,4.090528752002848,29.744525547445257,1.345113049670643,50.649813067473744
2020-01-02,13884.499240596802,4.088626820334137,30.144733315465025,1.3476279817743233,50.76833735370321
2020-01-03,13938.001255943303,4.102000538261415,30.1551987081726,1.3498699201578899,51.11958374450524
2020-01-06,13940.003573342863,4.103984277291406,30.14472038592103,1.3498302662140431,51.14078970877256
2020-01-07,13875.0,4.093000358037952,30.27479412817759,1.349892588614393,50.870032223415684
2020-01-08,13892.496626180839,4.101484480431849,30.355375618533518,1.3507872244714352,50.76023391812866
2020-01-09,13850.0,4.09045904590459,30.285328532853285,1.3517551755175519,50.63006300630063
2020-01-10,13762.501127039943,4.076458389685331,30.235325939951313,1.349652871697773,50.489586150933185
2020-01-13,13700.997663131404,4.062466295164479,30.217508538558327,1.3472047456408411,50.46467733237461
2020-01-14,13692.80251911831,4.0744939271255065,30.25101214574899,1.3478182636077374,50.60008996851102
2020-01-15,13697.989588942737,4.075480165140908,30.239633817985993,1.3472446598456291,50.727876503320765
2020-01-16,13630.00268600591,4.062763004745277,30.365296803652967,1.3452412928641775,50.83355716715911
2020-01-17,13670.24666906734,4.054825351098308,30.37990637378466,1.3467770975873243,50.9074540871444
2020-01-20,13638.520523229588,4.061524582769509,30.353631032927378,1.3480378890392422,50.95985566080288
2020-01-21,13673.31533963113,4.0715249662618085,30.400359874044085,1.3489878542510123,51.00224921277553
2020-01-22,13652.335858585857,4.06547619047619,30.379689754689757,1.3486652236652237,50.95508658008658
2020-01-23,13651.997114777749,4.069966639617708,30.549995491840235,1.3498331980885403,50.9548282391128
2020-01-24,13595.749886724061,4.064975079293158,30.56003624830086,1.3511554145899414,50.83099229723607
2020-01-27,13604.997732426304,4.065487528344671,30.72018140589569,1.3573696145124716,50.869841269841274
2020-01-28,13637.501135847342,4.086506133575647,30.845070422535212,1.358382553384825,50.77510222626079
2020-01-29,13627.497500227251,4.079992727933824,30.969911826197617,1.3608762839741841,50.839923643305156
2020-01-30,13686.499229304562,4.088040620183154,31.195031281167832,1.3627708767793998,50.99827726901805
2020-01-31,13655.003619254434,4.098534201954398,31.17987694534926,1.365544697792255,51.015200868621065
2020-02-03,13742.499548165553,4.114043014639436,31.040122898969813,1.3679739743358033,50.870233146575096
2020-02-04,13710.001810282403,4.11151339608979,30.950398262128893,1.3702932657494569,50.78023171614772
2020-02-05,13640.996099065589,4.1170280322961075,30.96525446793069,1.3791163929964618,50.767486165290755
2020-02-06,13633.381804962282,4.12151231482323,31.07970553485413,1.3844406071071527,50.72889212033082
2020-02-07,13732.564499954417,4.140030996444525,31.30002734980399,1.3907375330476799,50.88522198924241
2020-02-10,13731.303077344535,4.148023011597115,31.300337868687794,1.388822938544425,50.82366907131769
2020-02-11,13686.001284285845,4.133473993211632,31.26502155765526,1.387670855884781,50.510044950004584
2020-02-12,13664.000366501741,4.135972145867694,31.10500274876306,1.3855598314091992,50.56716144401686
2020-02-13,13704.002944694948,4.141529400938622,31.13922885801049,1.3891598417226465,50.485874666421275
2020-02-14,13715.993359158825,4.140011068068622,31.21933222652647,1.391809629219701,50.54971407489393
2020-02-17,13652.496538994003,4.144993077988002,31.17489616982003,1.388740193816336,50.56483617904938
2020-02-18,13664.996301775149,4.153014053254439,31.225036982248525,1.3921967455621302,50.664755917159766
2020-02-19,13688.0,4.1625,31.199999999999996,1.3919444444444444,50.57037037037037
2020-02-20,13707.497683039852,4.1839666357738645,31.440222428174238,1.4004633920296572,50.71825764596849
2020-02-21,13765.0032404407,4.19350060179613,31.63040459216739,1.400888806591982,50.8795481899824
2020-02-24,13957.247180624883,4.22702902569791,31.739693104085777,1.401737844333518,51.070438158624505
2020-02-25,13925.0,4.233025830258302,31.725092250922508,1.3990774907749075,51.070110701107005
2020-02-26,13997.112643678163,4.225471264367816,31.874942528735637,1.3980689655172416,51.069425287356324
2020-02-27,14034.99635169646,4.2105071141919,31.649945275446917,1.3949288580809924,50.86373586282379
2020-02-28,14347.499316753212,4.2145394916643895,31.54960371686253,1.395372141750934,51.04035711032159
2020-03-02,14304.450638374392,4.203470598813163,31.440388419349038,1.3890487322424023,50.81010609602589
2020-03-03,14281.73068273815,4.205990824862822,31.539983808581457,1.392372042817307,50.793379508860305
2020-03-04,14115.00224719101,4.178966292134831,31.340224719101123,1.3842696629213482,50.59595505617977
2020-03-05,14170.000893894698,4.1594708143380705,31.55001340842049,1.3850898364172701,50.759810494323766
2020-03-06,14606.995412844039,4.172018348623854,31.439661256175018,1.3787932251235004,50.76040931545519
2020-03-09,14392.501745810056,4.216480446927375,31.495286312849167,1.3827688547486034,50.63983938547486
2020-03-10,14294.995610184373,4.237489025460931,31.438981562774362,1.3886742756804216,50.5153643546971
2020-03-11,14352.49647141849,4.234474241354976,31.390261115031763,1.3885850388143968,50.620148200423436
2020-03-12,14620.996441281137,4.265480427046263,31.660142348754444,1.4038256227758006,51.2855871886121
2020-03-13,14770.001801152737,4.278458213256484,31.739913544668585,1.412463976945245,50.840237752161386
2020-03-16,15018.553374563056,4.310477726987542,32.21027157838129,1.4222461235099042,51.6491888500493
2020-03-17,15190.0018211619,4.350482607903842,32.290111090875975,1.4287925696594426,51.50519031141869
2020-03-18,15449.551856594111,4.371044448509237,32.41997439180538,1.4413755258825682,51.61971830985916
2020-03-19,15912.49884269975,4.414961577631701,32.474770854550506,1.4482918248310341,51.470234237570594
2020-03-20,15925.00233492108,4.394508265620622,32.54973381899692,1.4490520220416552,51.270197067339126
2020-03-23,16574.99768153575,4.444959658722063,32.864694426411944,1.4601687841973476,51.40035240656589
2020-03-24,16325.002305634973,4.430508161947801,32.7704509822005,1.4472009591441481,51.06981462694826
2020-03-25,16114.999538191558,4.386533665835412,32.78008681998707,1.4455527847049043,51.029832825344045
2020-03-26,16106.001274929422,4.335033239231399,32.63455058737819,1.4351151989800564,50.97987432838539
2020-03-27,16140.001821991438,4.338070511068598,32.585405848592515,1.4359114512161795,51.129634690716955
2020-03-30,16393.003443900674,4.332608301613195,32.69983686786297,1.4257748776508972,50.92985318107667
2020-03-31,16310.00365096751,4.3200073019350125,32.79025191675794,1.4268893756845564,50.990324936108074
2020-04-01,16678.502194586687,4.357534747622531,33.02029992684711,1.4346196049743967,50.94092904169715
2020-04-02,16656.996148908856,4.357601320374106,32.973592517880064,1.4319640564826701,50.87566477168531
2020-04-03,16614.44598980065,4.358460825220213,33.009735744089014,1.4361613351877607,50.815948076031525
2020-04-06,16412.501158372717,4.364470391993327,32.85979056621259,1.4345287739783155,50.659809100176076
2020-04-07,16135.002296738632,4.34248966467616,32.765273311897104,1.4240698208543867,50.45016077170418
2020-04-08,16222.9969644007,4.348633980314599,32.75963572808389,1.4273755864225923,50.572164474289394
2020-04-09,15867.497929511364,4.337535658415385,32.8195454127174,1.4244041593816141,50.55581117143646
2020-04-14,15715.670893003738,4.333485359846757,32.71002462829517,1.4157621089117942,50.581957493386845
2020-04-15,15776.584426304686,4.339539576263413,32.67999633128497,1.424653765018802,50.730074291479404
2020-04-16,15695.995591476854,4.3768368846436445,32.659808963997065,1.4271675238795005,50.89456282145481
2020-04-17,15585.626151012892,4.369981583793738,32.530386740331494,1.4223756906077347,50.916206261510126
2020-04-20,15534.999999999998,4.374493554327809,32.489871086556164,1.4231123388581952,50.76058931860036
2020-04-21,15688.502353049736,4.39549690873858,32.54498477438405,1.4312078988649994,50.840638553105094
2020-04-22,15583.997423391922,4.365234195270084,32.369559215974974,1.427072789178246,50.70028526732308
2020-04-23,15569.996286669144,4.360007426661716,32.3199034533977,1.4232268845154104,50.660044559970295
2020-04-24,15624.999999999998,4.360462962962963,32.43518518518518,1.4255555555555555,50.824999999999996
2020-04-27,15384.998157021748,4.354036122373756,32.469590858827864,1.4182639144858091,50.66992259491339
2020-04-28,15367.003769421715,4.362508044497564,32.43541417670314,1.416475131010389,50.59483313413625
2020-04-29,15321.001660210291,4.347537354731599,32.42021767201623,1.4152370411363215,50.510053495665005
2020-04-30,14875.0,4.300018389113645,32.379551305627075,1.4089738874586246,50.36042662743656
2020-05-04,15099.999999999998,4.316029976238347,32.34966185340888,1.4161030890148054,50.611405593127394
2020-05-05,15100.0,4.304528267084755,32.39509360877985,1.4164899013188232,50.59762058470903
2020-05-06,15044.998612010733,4.32247617285093,32.39011751642454,1.4189876931618397,50.54131581382437
2020-05-07,15044.99675415005,4.324492256329408,32.429750533246775,1.4191783362700547,50.53973847723268
2020-05-08,14967.499769436503,4.334040394724707,32.24015493867011,1.4134464631559531,50.4297703587568
2020-05-11,14968.883961566888,4.333980044345897,32.1849593495935,1.416759053954176,50.3760162601626
2020-05-12,14803.499723706022,4.32648738257506,32.09983422361392,1.414348867194695,50.09025603241849
2020-05-13,14797.480459770117,4.325517241379311,32.04045977011494,1.4142528735632185,50.15632183908046
2020-05-14,14950.704225352112,4.3405300222386956,32.13028169014085,1.4245737583395108,50.584692364714606
2020-05-15,14935.932580107426,4.35099092424523,32.09483237636599,1.4259122059640674,50.72976477125393
2020-05-18,14842.549852289514,4.368537666174299,32.01994091580502,1.4241137370753325,50.86964549483013
2020-05-19,14773.972602739726,4.345479452054795,31.915068493150688,1.4167123287671233,50.74611872146119
2020-05-20,14717.503194013505,4.35152400073006,31.819675123197662,1.4147654681511224,50.599561963862016
2020-05-21,14732.499999999998,4.345545454545454,31.81,1.4146363636363635,50.589999999999996
2020-05-22,14901.999266324283,4.362527512839325,31.894717534849594,1.4234225972120322,50.76027146001467
2020-05-25,14710.000000000002,4.363519706691109,31.979835013748854,1.424839596700275,50.762603116406964
2020-05-26,14754.997722095673,4.363462414578588,31.879726651480638,1.4177676537585422,50.44009111617312
2020-05-27,14709.999090164682,4.347466108634337,31.895186971158218,1.4182512965153307,50.64871258302247
2020-05-28,14714.99636891794,4.355482933914307,31.870007262164126,1.4180283224400874,50.646332607116925
2020-05-29,14610.003591954024,4.347521551724139,31.81034482758621,1.410919540229885,50.49479166666667
2020-06-01,14610.003598416697,4.318459877653832,31.669665347247214,1.4095897804965816,50.330154731917965
2020-06-02,14414.99910506533,4.2775192410954,31.56524073742617,1.4021836405942367,50.17988186862359
2020-06-03,14190.950509201359,4.261479363944971,31.56959085224227,1.3986063962837236,49.958013221368596
2020-06-04,14095.004444444443,4.273511111111111,31.590222222222224,1.4007111111111112,49.87466666666667
2020-06-05,14018.005295675199,4.266990291262136,31.465136804942627,1.3923212709620476,49.829655781112095
2020-06-08,14014.55028799291,4.267523260965884,31.43464776251661,1.3912272928666372,49.89011962782455
2020-06-09,14093.50097396848,4.275455994333275,31.36001416681424,1.3908269877811228,50.04515672038251
2020-06-10,14085.3010989011,4.251516483516483,31.14021978021978,1.3842637362637362,49.90505494505495
2020-06-11,14014.998237574902,4.24947127247092,30.949947127247093,1.3886147338738104,50.13130066972154
2020-06-12,14205.803255484783,4.2675159235668785,30.950106157112522,1.390481245576787,50.214968152866234
2020-06-15,14253.603483515508,4.277970319026037,31.109926241891056,1.3944725850884208,50.344796943037416
2020-06-16,14130.049522461974,4.275026529890343,31.11071807569862,1.3895472232048107,50.1096568800849
2020-06-17,14198.753561253563,4.281962250712251,31.209935897435898,1.3933404558404558,50.10060541310542
2020-06-18,14085.002673320263,4.27802530743183,31.124576724291565,1.3938691855284262,50.17109249688112
2020-06-19,14208.447814451383,4.268867082961641,31.01248884924175,1.3936663693131133,50.07404103479037
2020-06-22,14259.002943012576,4.280478016587889,30.9997324534023,1.3947204138054046,50.1203959689646
2020-06-23,14160.001767096663,4.275490369323203,30.919773811627497,1.390970136066443,50.083937091358905
2020-06-24,14168.501773049646,4.272517730496454,30.840425531914892,1.3890070921985818,50.046985815602845
2020-06-25,14274.999999999998,4.278035714285714,30.934821428571425,1.3928571428571428,50.066964285714285
2020-06-26,14220.00356728797,4.291001516097387,30.923035762061893,1.3919557656291803,49.98929813609204
2020-06-29,14368.202764976957,4.285005317263382,30.880007089684508,1.3920595533498759,49.85643388869195
2020-06-30,14452.94695481336,4.285497410251831,30.919807108412222,1.397392391498482,49.86068940882301
2020-07-01,14264.999999999998,4.286517857142857,30.990178571428572,1.395535714285714,49.81339285714285
2020-07-02,14378.504341662236,4.2854864433811795,31.05972000708843,1.3934077618288143,49.68810916179337
2020-07-03,14509.996436208125,4.287508909479686,31.110121168923733,1.3946899501069137,49.47968638631504
2020-07-06,14417.66004415011,4.277350993377484,31.044591611479028,1.3909933774834435,49.33421633554084
2020-07-07,14440.0,4.274490699734278,31.232949512843224,1.3951284322409212,49.505757307351644
2020-07-08,14414.31862484494,4.272461456671983,31.235158603579656,1.395091263512316,49.52861952861953
2020-07-09,14395.000881678714,4.262475753835302,31.19467466055369,1.3907600070534296,49.42867219185328
2020-07-10,14435.003547357219,4.266495211067755,31.319616885420366,1.392603760198652,49.48031216743526
2020-07-13,14424.997793273898,4.263924441698296,31.39023744372848,1.3896195604201607,49.42889928502074
2020-07-14,14450.004395604397,4.271472527472527,31.57978021978022,1.3930549450549452,49.4989010989011
2020-07-15,14587.50436910171,4.262495630898287,31.48986368402656,1.3879762320866829,49.4442502621461
2020-07-16,14625.004380585246,4.271508673558787,31.669879095847207,1.391974767828982,49.49973716488523
2020-07-17,14695.00350017501,4.263475673783689,31.709835491774587,1.390182009100455,49.449597479873994
2020-07-20,14785.001747030048,4.262491264849755,31.774982529699507,1.3896750524109014,49.353598881900766
2020-07-21,14707.681552040547,4.261469894258498,31.629817355588568,1.3887092545661102,49.33583850388884
2020-07-22,14569.001554672657,4.252461565037139,31.565037139402317,1.383226809466229,49.32630851615132
2020-07-23,14649.494338317918,4.2585357420693235,31.709741550695824,1.3858587604805945,49.44420433918229
2020-07-24,14629.565816678152,4.2644727773949,31.720365265334248,1.3855099931082013,49.3762922122674
2020-07-27,14520.000000000002,4.252465986394558,31.505102040816325,1.3789115646258503,49.16411564625851
2020-07-28,14535.000426730392,4.2525390458308445,31.509772125970812,1.3798753947256124,49.21396261841769
2020-07-29,14535.002132196161,4.243496801705756,31.470362473347546,1.3767164179104476,49.072921108741994
2020-07-30,14600.0,4.239461807033978,31.440006812569194,1.3762241335263563,49.12032700332114
2020-07-31,14655.638082376772,4.2395340985820384,31.185010128291694,1.3711174881836596,49.05806887238352
2020-08-03,14714.310080163737,4.221473648302916,31.25021320143271,1.3770254136107793,49.10370117687191
2020-08-04,14684.997875053125,4.220484487887802,31.11602209944751,1.3765405864853377,49.10667233319167
2020-08-05,14550.0,4.192508857769529,31.0097857263371,1.3689893706765648,49.029863337270115
2020-08-06,14611.162712150639,4.188465760364773,31.100227982774637,1.3709364181372963,49.08891328210758
2020-08-07,14670.00084623847,4.187526444952188,31.15511551155116,1.3711601929423713,49.046289244309044
2020-08-10,14639.998299753464,4.195528351610984,31.140015302218828,1.3736291762305535,49.1260732806257
2020-08-11,14722.905881354494,4.1924806925231275,31.060001697360605,1.3709581600611052,48.89671560723076
2020-08-12,14760.003398181972,4.1935264633421125,31.11035595956163,1.3733752442443292,48.96015631637074
2020-08-13,14839.009549564777,4.192512465139863,31.049607031183974,1.3716724414772248,48.819403363475026
2020-08-14,14908.998560907474,4.193515618386524,31.1097942944214,1.3721323965123169,48.72005417760094
2020-08-17,14881.00059056779,4.1920188981692394,31.20982029865857,1.3698641694085885,48.67375348013161
2020-08-18,14845.002519737945,4.182513018646061,31.11960356122963,1.3648580547623046,48.55031076768016
2020-08-19,14770.996396547389,4.172462917958602,31.240258107768376,1.3641163160982148,48.53012653984748
2020-08-20,14771.004219409282,4.172489451476793,31.43037974683544,1.368776371308017,48.69789029535865
2020-08-21,14771.000084968988,4.179964313025746,31.575325006372672,1.3706347183278103,48.7076217180729
2020-08-24,14670.498860471003,4.1754874651810585,31.409639571199456,1.3676880222841226,48.4907571537098
2020-08-25,14644.997460639917,4.16852886405959,31.475368207211783,1.3687150837988826,48.55002539360081
2020-08-26,14672.499787937908,4.169988972771227,31.340232420052594,1.3682246161676137,48.5740944948681
2020-08-27,14721.395900389633,4.172539386752498,31.229883110282902,1.3660850415043198,48.60579366423852
2020-08-28,14545.253881661769,4.16550566512799,31.129668485102812,1.3592110784725135,48.4062106588334
2020-08-31,14576.549413735345,4.165494137353434,31.07035175879397,1.359715242881072,48.43969849246232
2020-09-01,14570.00083423709,4.142487695002919,31.075331609243346,1.357637440560607,48.52840577292066
2020-09-02,14744.996206053454,4.146024787117444,31.274766039962905,1.3618581907090466,48.6173172582413
2020-09-03,14845.500719546264,4.147464657580631,31.439939050198934,1.3655295013967663,48.58122407517142
2020-09-04,14738.566120587739,4.14946799527107,31.389967910825874,1.364465461915217,48.581320722850876
2020-09-07,14791.94857916103,4.157476319350474,31.370094722598107,1.3667117726657647,48.669654939106906
2020-09-08,14860.033941450994,4.168519304200254,31.465422146796772,1.3703012303775985,48.649130250318194
2020-09-09,14784.999575299415,4.171494096661854,31.366686486027348,1.3690648093094366,48.65030153741613
2020-09-10,14949.784791965565,4.163980082707401,31.265085661237233,1.3671195881508986,48.60494556502658
2020-09-11,14992.922220347562,4.152522355323097,31.330352623586975,1.3666272988020922,48.549856588493334
2020-09-14,14880.001684068711,4.1455035365442905,31.3001010441226,1.3646850791512295,48.49023240148198
2020-09-15,14844.996636394213,4.130507904473595,31.179784729229734,1.3591490077362933,48.359401278170196
2020-09-16,14834.998736203555,4.1305080461706964,31.10034543769483,1.357317381413767,48.359592215013905
2020-09-17,14835.186911926761,4.1385097906247355,31.19521912350598,1.359582944816479,48.458930236500805
2020-09-18,14735.003802924026,4.11451026789487,31.17468097692893,1.359080537479929,48.428969830136054
2020-09-21,14793.416475778398,4.122507847628744,31.240349537626198,1.3597183337575294,48.47883261219988
2020-09-22,14785.000000000002,4.134497444633731,31.37989778534924,1.3626916524701875,48.46507666098808
2020-09-23,14860.588436537804,4.154464591173452,31.509579199452617,1.3675162504276428,48.5614095107766
2020-09-24,14890.004293688276,4.168484328037784,31.61957921854873,1.3764705882352941,48.55903821382567
2020-09-25,14870.001719099191,4.167526216262678,31.615093690905965,1.3771703627299297,48.50524325253567
2020-09-28,14899.999999999998,4.175492716366752,31.675235646958015,1.3734361610968295,48.51071122536418
2020-09-29,14885.4896598872,4.156468979661597,31.608272090240987,1.3688258417364554,48.44898307981542
2020-09-30,14945.199863341304,4.155534677143834,31.669798428425008,1.3695763580457805,48.491629654936794
2020-10-01,14825.79986385296,4.15146358066712,31.569945541184477,1.3618107556160655,48.443669162695706
2020-10-02,14872.404092071612,4.164535379369139,31.53537936913896,1.3630008525149189,48.4774083546462
2020-10-05,14721.796397008837,4.152532290958532,31.31033310673011,1.3602141400407886,48.40329707681849
2020-10-06,14734.997880457822,4.1535396354387455,31.1954217888936,1.3592200084781687,48.44171259008054
2020-10-07,14748.946474086659,4.1560747663551405,31.230246389124893,1.3589634664401018,48.410365335598975
2020-10-08,14757.501062473437,4.152486187845303,31.21461963450913,1.3581810454738632,48.452188695282615
2020-10-09,14701.153030945314,4.138024586689275,31.054684188215344,1.3553200508690124,48.395930479016535
2020-10-12,14728.95160606831,4.14696160691584,31.15009746588694,1.356979405034325,48.53631663700314
2020-10-13,14764.80020361415,4.142020870450496,31.1156358700263,1.3580215491643335,48.6340884024773
2020-10-14,14733.004255319147,4.150468085106383,31.189787234042555,1.357191489361702,48.71829787234042
2020-10-15,14770.39664899983,4.1544708497179,31.265173533937425,1.3621986664387074,48.774149427252524
2020-10-16,14749.902052636064,4.1485393067030065,31.179626948300825,1.3578059790477814,48.673877863895754
2020-10-19,14720.101824352989,4.142469240560033,31.18031395842172,1.356809503606279,48.56257955027577
2020-10-20,14710.499576629973,4.1504657070279425,31.29974597798476,1.3578323454699406,48.54614733276884
2020-10-21,14632.500843739452,4.144026324670942,31.240296996287547,1.3556361795477556,48.547924400944986
2020-10-22,14741.696979950935,4.1444886219439985,31.30022840707216,1.3571609846882668,48.61433042889772
2020-10-23,14684.750337381918,4.157473009446694,31.255060728744937,1.3570344129554657,48.404183535762485
2020-10-26,14714.400541500974,4.164480920551654,31.280142144005417,1.3617903375920128,48.40087993908114
2020-10-27,14658.696754563893,4.16446923597025,31.220419202163622,1.3588573360378633,48.307133198106825
2020-10-28,14742.397885222135,4.15553850089537,31.260339387737698,1.3655666410846763,48.35678349108893
2020-10-29,14786.500341763498,4.156527682843472,31.269651401230345,1.3660287081339713,48.432159945317835
2020-10-30,14625.004274234914,4.153530518037271,31.149769191314757,1.3636519063087706,48.41425884766627
2020-11-02,14645.39993134226,4.157483693786474,31.109680741503606,1.3648300720906283,48.40971507037418
2020-11-03,14481.550162365409,4.156041702273116,31.045120492223553,1.361391215176893,48.354127499572726
2020-11-04,14412.200324204421,4.167989079430083,31.02977561641498,1.3587577851719137,48.38921593720673
2020-11-05,14256.549978911851,4.147532686630114,30.809784900885703,1.350822437789962,48.2648671446647
2020-11-06,14273.900589721987,4.128475147430497,30.570345408593088,1.3478517270429655,48.18197135636057
2020-11-09,14062.501051922916,4.108474291003956,30.380375326096104,1.3422536396532863,48.146932592779606
2020-11-10,14050.0,4.120511517615176,30.33960027100271,1.3487466124661245,48.31470189701896
2020-11-11,14171.50263471018,4.129525752167261,30.329763725990137,1.3494815570287269,48.488866224715274
2020-11-12,14203.400898990754,4.130523280468154,30.290051734373677,1.3502671529132388,48.49037401407853
2020-11-13,14170.004231908591,4.122471434617013,30.170122725349135,1.3486246297079982,48.204824375793486
2020-11-16,14100.498732037193,4.117497886728656,30.21978021978022,1.3469146238377006,48.16821639898563
2020-11-17,14121.999663356337,4.104527857263087,30.159905739774448,1.3433765359367111,48.2991078942939
2020-11-18,14110.995955510616,4.087462082912032,30.320188742837882,1.341169531513313,48.25328614762386
2020-11-19,14215.796146044626,4.1004901960784315,30.404834347532116,1.345841784989858,48.29868154158215
2020-11-20,14195.599763972015,4.092472393155188,30.280704712130152,1.3431678327573127,48.22220348984237
2020-11-23,14153.99546256617,4.090496596924629,30.28989160574742,1.3406436433913116,48.17998487522057
2020-11-24,14239.69658659924,4.087484197218711,30.40033712600084,1.3435313948588283,48.236831015592074
2020-11-25,14139.999999999998,4.087468460891506,30.344827586206893,1.3427249789739277,48.130361648444065
2020-11-26,14153.848739495801,4.067478991596639,30.300000000000004,1.338655462184874,48.115126050420166
2020-11-27,14149.253480959573,4.069535312866969,30.32041603757759,1.3382821674215735,48.125314544539506
2020-11-30,14162.303839732887,4.074040066777964,30.264607679465776,1.3379799666110184,48.15525876460768
2020-12-01,14189.49699197861,4.080464572192513,30.25985962566845,1.3409090909090908,48.12667112299465
2020-12-02,14209.497762307312,4.07749046908669,30.25029007127466,1.3406265539532571,48.05569368473397
2020-12-03,14139.996708089868,4.069870792527364,30.17035634927166,1.3355279400872355,47.97876717965599
2020-12-04,14164.298050826548,4.0600378320585575,30.16037503084135,1.3328398716999754,48.05493872851386
2020-12-07,14194.302440633242,4.071982189973615,30.234993403693927,1.3367414248021108,48.170349604221634
2020-12-08,14144.097738154202,4.071982829783721,30.06026085520885,1.338038632986627,48.17483902922239
2020-12-09,14103.55933603105,4.062763233958212,30.05037575357172,1.3357007184738623,48.14435543810389
2020-12-10,14105.002063557573,4.060998761865456,30.06025588113908,1.3373503920759389,48.123813454395375
2020-12-11,14080.003298425003,4.051537890657211,30.094829718809272,1.336934113960584,48.106704048816695
2020-12-14,14155.90363427068,4.053527380365072,30.079756618977143,1.3321822068738696,48.032395987502056
2020-12-15,14164.7528830313,4.054530477759473,30.038714991762767,1.3340197693574958,48.051070840197696
2020-12-16,14160.201821314298,4.051521863975715,30.040200180490604,1.3293133152842727,48.08023627861186
2020-12-17,14121.999020088193,4.035521803037727,29.849746856116287,1.3250857422831945,48.01486199575372
2020-12-18,14142.752263643037,4.040460070152541,29.819724284199363,1.3281670609348235,48.07080512276695
2020-12-21,14254.103343465045,4.051014540376243,30.110079684547767,1.3378789123469974,48.33073194775322
2020-12-22,14225.100089876623,4.06103439823515,30.1503390799902,1.3340142168477818,48.100334994689106
2020-12-23,14261.902022028604,4.0635377280946905,30.22521782015453,1.3344566825579485,48.0461943120171
2020-12-24,14200.0,4.0605265316165005,30.09021569753137,1.3282211104732222,48.026736652177476
2020-12-28,14189.098944267125,4.050249611261151,30.17022669612898,1.3288321466568458,48.03993780178411
2020-12-29,14116.648992576882,4.050493514968594,30.03997063382005,1.3275144791581694,48.048780487804876
2020-12-30,14050.004071329698,4.036967673642211,29.939744320495073,1.3237521374480905,48.06286133051055
2020-12-31,14050.00407464754,4.020862195420096,29.92991606226061,1.3216526770434356,48.18270719582756
2021-01-04,13876.602147039686,4.0065061808718285,29.869876382563437,1.317338972023422,48.030253741054
2021-01-05,13915.002852253278,4.017032026729687,29.969847608181894,1.318555944910765,48.09713959742482
2021-01-06,13914.897065975038,4.010536553736424,29.924623115577887,1.3167450153995786,48.05965310423083
2021-01-07,14059.94623655914,4.037960247637667,30.025252525252526,1.3239654610622351,48.09628543499511
2021-01-08,14079.45306122449,4.029306122448979,30.08,1.324734693877551,48.12
2021-01-11,14196.448244676478,4.051960864918195,30.139768149305272,1.330263915152512,48.0851763545178
2021-01-12,14144.996299646411,4.057478825754462,30.12992352602582,1.3276868678562619,48.05032480881506
2021-01-13,14128.10290974848,4.0444681900378106,30.040276179516685,1.3265658392240671,48.061811606115405
2021-01-14,14043.995381062356,4.035961728802376,30.019795447047184,1.3271197624546356,48.03035301880568
2021-01-15,14049.797904809042,4.036872061370948,30.034644889878745,1.3284665511837006,48.02936566856389
2021-01-18,14135.999668435014,4.051972811671088,30.14008620689655,1.3327254641909814,48.0678050397878
2021-01-19,14079.253214638971,4.050032970656116,30.024727992087044,1.3282228816353445,48.01434223541048
2021-01-20,14051.79737211801,4.045037600198331,30.009916535823486,1.3266672175853236,48.03074126105281
2021-01-21,13989.998354992598,4.030021385096233,29.93008718539234,1.3226682020069092,48.03915117618029
2021-01-22,14097.90261556177,4.043016943576246,30.009870044415198,1.3282612271755223,48.070406316828425
2021-01-25,14078.596115865701,4.044519420671494,29.98518762343647,1.326859776168532,48.08015141540487
2021-01-26,14104.298772955612,4.048505311702216,29.980235526640865,1.325784402536441,48.07625792637734
2021-01-27,14135.050354961202,4.045484563315172,29.999999999999996,1.3280501898629684,48.101370315337626
2021-01-28,14117.252501860887,4.045488379786618,30.03473658092796,1.333140352328178,48.07377388139938
2021-01-29,14003.09822017139,4.042518127883981,29.900296638101516,1.3283618984838497,48.06608437705999
2021-02-01,14078.053624627606,4.042535584243628,29.980139026812317,1.3316782522343595,48.06603773584906
2021-02-02,14013.948854201264,4.044503487213551,29.990036532713383,1.3318664895383596,47.91431418133511
2021-02-03,14024.19905134393,4.051011067654157,30.049929266871928,1.333194640925356,48.0327868852459
2021-02-04,14037.054018006002,4.058519506502167,30.060020006668893,1.3358619539846617,48.07269089696565
2021-02-05,14036.752065426022,4.07051656513394,30.100141867645835,1.3379788033046818,48.10231160811149
2021-02-08,14034.353430353432,4.065530145530146,30.01912681912682,1.3361330561330562,48.102286902286906
2021-02-09,13986.946463978851,4.048000660938533,29.939689358889623,1.327990746860542,48.03536021150033
2021-02-10,13982.501855364066,4.0440339737775215,29.90517028119073,1.3259668508287294,48.04898161128062
2021-02-11,13964.847287396065,4.042479624598667,29.86004774841525,1.323783650284021,48.03078949534865
2021-02-12,13987.75189957053,4.042533861909481,29.909976874793525,1.326891311529567,48.05170135447637
2021-02-15,13898.351059444307,4.034462857613983,29.890345453046415,1.3229450078324676,47.93140407288317
2021-02-16,13978.75319113893,4.029976117928025,29.920118586840157,1.3247138268961542,48.26319690356584
2021-02-17,14062.504145936982,4.038308457711443,29.99004975124378,1.329021558872305,48.45190713101161
2021-02-18,14066.55081098974,4.042039059913936,30.01986097318769,1.3263819927176432,48.50711684872559
2021-02-19,14082.552104786228,4.0405305214597576,29.97446247631601,1.3229261059395339,48.47681028091276
2021-02-22,14174.153136075167,4.042528640896728,30.04038572488255,1.323497898293909,48.72001978076321
2021-02-23,14106.497570616817,4.0434818413901015,30.019764473359142,1.3215844519476243,48.60495758873425
2021-02-24,14054.19891322246,4.042483122015478,30.040342499588345,1.3213403589659147,48.63494154454142
2021-02-25,14193.946830265848,4.039509202453988,30.14969325153374,1.3186094069529655,48.66421267893661
2021-02-26,14316.896295685174,4.050490883590463,30.35970629486016,1.3287682534444354,48.750103126804724
2021-03-01,14315.348875798556,4.055504853563428,30.229818302497304,1.330954948975359,48.56135401974612
2021-03-02,14325.0,4.057532424343199,30.263551712670438,1.331559694047223,48.501829065513796
2021-03-03,14255.602589641434,4.050962815405047,30.350265604249667,1.3314243027888446,48.48937583001328
2021-03-04,14264.999169021106,4.057503739405019,30.339870367292672,1.3315605783613096,48.52833638025594
2021-03-05,14394.446305913889,4.073965488356509,30.509298039872675,1.340928128664768,48.624560227843865
2021-03-08,14360.003370975897,4.107534131130961,30.7896511039946,1.3480532614191807,48.71312995112084
2021-03-09,14411.451151841264,4.117538254582143,30.769295443080544,1.346140911383891,48.532032957793845
2021-03-10,14405.003363605785,4.126471577531113,30.770265724857044,1.3470400269088463,48.58728557013118
2021-03-11,14404.996240287408,4.107527780098588,30.553930988386664,1.3394602723702898,48.434288578828635
2021-03-12,14392.55007123104,4.117992122684991,30.780189390765102,1.3452610408111958,48.41364283918545
2021-03-15,14400.847315436244,4.1125,30.729865771812083,1.3456375838926176,48.54697986577182
2021-03-16,14427.796411202413,4.114036558779137,30.735368103303703,1.3457152440046956,48.62820727821566
2021-03-17,14458.973712941965,4.121525153271184,30.785252372553956,1.3467708070882671,48.69572520366171
2021-03-18,14409.998321020817,4.111484217595701,30.869711215580924,1.3442746809939556,48.687877770315644
2021-03-19,14405.003784374738,4.107476242536372,30.84013119165755,1.3430325456227399,48.60398620805651
2021-03-22,14402.498742243833,4.114036558779137,30.870367264799597,1.3409357705852758,48.501593157806475
2021-03-23,14395.0012623075,4.122527981149541,30.984599848523104,1.3426744088193217,48.62324328873181
2021-03-24,14445.665961945031,4.130486257928117,31.00042283298097,1.3460465116279068,48.59873150105708
2021-03-25,14425.004236570074,4.146500593119811,31.135400779528897,1.3471445517708864,48.58074902558889
2021-03-26,14417.501273128502,4.146494652860295,31.110168052962152,1.3465455780003397,48.49091835002547
2021-03-29,14445.001697216567,4.141463000678887,31.170230821452822,1.3458927359131028,48.465716225390366
2021-03-30,14533.00400306618,4.15100928370667,31.26990886636573,1.3469891832041563,48.560599608210545
2021-03-31,14524.997867803839,4.146524520255863,31.264818763326225,1.3448187633262259,48.52963752665245
2021-04-01,14531.09994891878,4.145496339179295,31.27021964924229,1.3452239060105566,48.59186105908394
2021-04-06,14505.003386386727,4.131476464612258,31.369793430409754,1.3410091432441584,48.614967829326105
2021-04-07,14561.351396836082,4.1315213732749925,31.374957926624035,1.3393638505553687,48.775664759340295
2021-04-08,14535.003790112018,4.1375389539290826,31.455403015244674,1.3405205087172576,48.6086077655184
2021-04-09,14598.351278600268,4.135010094212651,31.450201884253026,1.3409320323014804,48.59017496635262
2021-04-12,14609.895833333334,4.132980510752689,31.505376344086024,1.3410618279569895,48.59290994623656
2021-04-13,14653.001008742434,4.135003362474781,31.589609952925354,1.3433927370544723,48.63315400134499
2021-04-14,14624.348044132397,4.12846873955199,31.359913072550988,1.3371782012704783,48.504680708793046
2021-04-15,14617.451963241436,4.124477861319966,31.224728487886377,1.334502923976608,48.465329991645774
2021-04-16,14534.42349407642,4.126981478391456,31.219756382446185,1.3332220924411813,48.390622392791585
2021-04-19,14510.452845866224,4.123473203157458,31.23307021188201,1.3306190278354797,48.378063980058165
2021-04-20,14528.653223798854,4.115509086382873,31.275412828810882,1.3284374740685418,48.306364617044224
2021-04-21,14545.59840093279,4.121012742566836,31.370034146747724,1.33014075122845,48.427583909386186
2021-04-22,14540.146106591403,4.112485472355969,31.35480657479662,1.3283247551054294,48.40112900547901
2021-04-23,14525.401955909167,4.109481186805901,31.369136416376598,1.3268688877838555,48.34493618431958
2021-04-26,14482.482416218456,4.097972693421597,31.439801406702525,1.3261894911046754,48.35167563094746
2021-04-27,14509.852746525477,4.097534745201853,31.369953673064195,1.3256121773659828,48.40916611515552
2021-04-28,14500.0,4.1029826014913,31.360397680198837,1.3264291632145815,48.50621375310687
2021-04-29,14417.025311237529,4.103388572841949,31.19960425426663,1.325418418666007,48.34776156319564
2021-04-30,14421.652044363518,4.095513987750373,31.160403906637978,1.328008607846383,48.24201291176958
2021-05-03,14425.896712055795,4.104284290933245,31.18980405181003,1.3321155762205248,48.22401195616075
2021-05-04,14470.900923384079,4.1230346892937355,31.174611097246487,1.3370767822976457,48.07170784460528
2021-05-05,14421.749271137029,4.11753436068305,31.125364431486883,1.3356934610578926,48.02832153269472
2021-05-06,14300.447761194031,4.1219734660033165,31.270315091210616,1.3346600331674958,47.96434494195688
2021-05-07,14270.14677833983,4.112032506841364,31.170080437847254,1.3318683141222325,47.88705531138569
2021-05-10,14125.449913715176,4.107486235516476,31.069931793902533,1.323855698907059,47.86506697345714
2021-05-11,14177.649958915365,4.118488085456039,31.100246507806077,1.3249794576828267,47.84716516023007
2021-05-12,14263.153985806239,4.125515761676844,31.219673213401553,1.3288496451559664,47.79996699125268
2021-05-13,14334.748779074582,4.125072427779158,31.35005380349309,1.3343266285903486,47.92897938912342
2021-05-14,14296.749979378043,4.125463994060876,31.355275096923204,1.3330858698341996,47.73323434793368
2021-05-17,14347.953553487609,4.130774932059623,31.469982706085812,1.3365725109116364,47.92967141563041
2021-05-18,14272.500409098346,4.126493208967436,31.420389461626577,1.3291605301914582,47.87677957781051
2021-05-19,14372.748116606615,4.137979037012774,31.43465443825745,1.331886668850311,47.847199475925315
2021-05-20,14414.34893059084,4.146029664836516,31.389822174875032,1.3325411783987546,47.86527902974678
2021-05-21,14354.99671808336,4.141040367574663,31.370200196914997,1.330653101411224,47.908598621595004
2021-05-24,14355.003275466755,4.146003930560105,31.360137569603665,1.329511955453652,48.09285948247625
2021-05-25,14331.001304631443,4.142938682322244,31.350293542074365,1.3254240052185258,48.13519243313764
2021-05-26,14288.39643470439,4.142530051516886,31.239676179573145,1.3238204268541989,48.1486630141467
2021-05-27,14305.230365633712,4.140022954582719,31.30021314969667,1.323659616330546,48.02016724053124
2021-05-28,14334.16241146434,4.133503541426454,31.299621149728214,1.3261406687530886,47.8298468127162
2021-05-31,14263.552167855094,4.124497991967872,31.19990164740595,1.3220227850176216,47.65019260716335
2021-06-01,14254.887525562372,4.126462167689162,31.169734151329244,1.3226175869120655,47.7758691206544
2021-06-02,14271.811915312655,4.124979484654522,31.14967996061054,1.3235680288856064,47.851633021500085
2021-06-03,14294.666447854272,4.122507590054977,31.129892508410606,1.3244440797571184,47.762369738245674
2021-06-04,14326.12857968144,4.128001980688289,31.250309482545184,1.3282165552529503,47.7626475200132
2021-06-07,14245.272159184344,4.128021706956093,31.18977141917448,1.3232198651537577,47.631968426245685
2021-06-08,14249.07240190445,4.120505664094566,31.19028074207848,1.3232638318831063,47.690855360367756
2021-06-09,14248.249282492827,4.117507175071751,31.160311603116032,1.3229192291922918,47.75809758097581
2021-06-10,14272.498767865944,4.1205027106949235,31.17052735337605,1.3248726794808607,47.74848036799737
2021-06-11,14198.729896907216,4.108041237113402,31.064742268041236,1.324536082474227,47.73278350515464
2021-06-14,14256.621532364596,4.115009907529722,31.140191545574634,1.326783355350066,47.86079920739762
2021-06-15,14250.140403039311,4.117030062768417,31.149653121902872,1.3266435414601916,48.069871159563924
2021-06-16,14244.952161002971,4.117535466842626,31.149785549323656,1.3257175849554603,48.06499505113824
2021-06-17,14464.75663902153,4.139984920834381,31.399849208343806,1.3403702772891013,48.45606098684762
2021-06-18,14435.01428811565,4.139014960497563,31.449823499747854,1.3429147755925366,48.424945368969574
2021-06-21,14443.940795559667,4.14750651753427,31.614666554537045,1.3446303927340004,48.75367925321672
2021-06-22,14457.995628047755,4.16151000504456,31.720195056330923,1.3459727593744746,48.67328064570372
2021-06-23,14446.765961007448,4.161492762111957,31.78478788385909,1.3441553008116476,48.71391515354364
2021-06-24,14451.558310991959,4.160020107238606,31.849865951742625,1.34375,48.635221179624665
2021-06-25,14431.297071129708,4.155983263598326,31.810041841004182,1.3418410041841002,48.5020920502092
2021-06-28,14504.433249370275,4.146011754827875,31.974811083123424,1.3445843828715365,48.6801007556675
2021-06-29,14586.078398384925,4.151497308209959,32.104643337819645,1.3446332436069985,48.59101615074024
2021-06-30,14540.811174688657,4.151464153483676,32.07505890272636,1.3443285089195558,48.858128576236965
2021-07-01,14523.485358465165,4.15903736115786,32.04981487714574,1.3454224166947157,49.219959609559076
2021-07-02,14541.09786010319,4.163494882855452,32.184724689165186,1.3506724181679777,49.41470016070372
2021-07-05,14475.231754592955,4.155991909657845,32.12034383954154,1.3450193831114108,49.29293780549469
2021-07-06,14488.418651799291,4.155516134482176,32.209832742017234,1.3448217604325057,49.630849805710426
2021-07-07,14492.832389485251,4.162031949961964,32.265235398529285,1.3459555405291184,49.83517876764432
2021-07-08,14597.533367122827,4.181534042912654,32.51985132623754,1.353269133299544,50.132623754012506
2021-07-09,14496.744813627933,4.190504300893911,32.55017709563164,1.3517456569404622,50.07927137797268
2021-07-12,14511.626729665879,4.191528855889302,32.6797165035437,1.3522612217347283,50.49527505906176
2021-07-13,14473.986828774065,4.191995947315096,32.619891928402566,1.3520770010131713,50.01604187774401
2021-07-14,14483.499830680663,4.20047409414155,32.61513714866238,1.3537080934642736,50.258211987809005
2021-07-15,14517.105597425692,4.202472690320941,32.685240071132185,1.3544754001185535,50.1922262681006
2021-07-16,14474.707676664972,4.209540755804101,32.76478562955431,1.35510930350788,50.29994916115913
2021-07-19,14570.967193608703,4.22548019717831,32.85993540710521,1.3636749957504675,50.8796532381438
2021-07-20,14559.244161358809,4.224458598726115,32.81019108280255,1.3678131634819533,50.95966029723992
2021-07-21,14542.813455657491,4.232500849473326,32.87037037037037,1.3679918450560653,50.45531770302412
2021-07-22,14491.065817409766,4.223014861995754,32.86963906581741,1.3605095541401275,50.039065817409764
2021-07-23,14489.878473697629,4.2264808362369335,32.92512959972805,1.3594799014192231,50.242202770459755
2021-07-26,14494.129125307541,4.23152625774158,32.94476966149147,1.3601425299058283,50.34529566471536
2021-07-27,14487.31583403895,4.23285351397121,32.9602032176122,1.3597798475867908,50.42591024555461
2021-07-28,14498.043533497077,4.23503006690946,32.844922503599555,1.3599559583298042,50.36419073431016
2021-07-29,14463.623347090035,4.238524383053988,32.85016423818748,1.3536595637159943,50.300682220163395
2021-07-30,14451.652510301908,4.219998318055672,32.88032966108822,1.3531242115885964,50.02018333193171
2021-08-02,14377.898367827695,4.2249705535924615,32.93959279825004,1.351926636378933,49.81574962140333
2021-08-03,14300.07572570467,4.220530079932688,33.01977282288599,1.350946571308372,49.596970971813214
2021-08-04,14303.726498608889,4.221988027990895,33.11019306972431,1.3489587724475172,49.73273754320884
2021-08-05,14340.388185654008,4.2174683544303795,33.23966244725739,1.3498734177215188,50.34599156118143
2021-08-06,14342.440924875073,4.219022613703735,33.33530956212416,1.3510629287710678,50.5157957144067
2021-08-09,14383.79389507695,4.228466967094635,33.440183657852224,1.3555820083326249,50.39962588215288
2021-08-10,14385.778877324688,4.228459307285447,33.46016038218735,1.3581300119433546,50.33867940624467
2021-08-11,14406.485748421233,4.239972691585595,33.33504010923366,1.3589349718381978,50.45741594128691
2021-08-12,14349.237584121305,4.232984070193373,33.01984836868558,1.357270636340404,50.4565976659
2021-08-13,14365.966850828729,4.237484062898427,33.330216744581385,1.3571610709732256,50.610284742881426
2021-08-16,14373.904179408766,4.237512742099899,33.444614339109755,1.3563540604825008,50.767074413863405
2021-08-17,14389.428061528002,4.238038582476417,33.3203025410045,1.3591399677062972,50.43426531826293
2021-08-18,14392.322784270238,4.237993687622623,33.284995308368174,1.3598908129318437,50.45636782393586
2021-08-19,14468.254103967169,4.238457592339262,33.33960328317374,1.363030095759234,50.51641586867306
2021-08-20,14469.248564818783,4.23751178133836,33.36989118327478,1.3629509039499614,50.35129808928112
2021-08-23,14396.910735620413,4.225977129202936,33.35978835978836,1.3589349718381978,50.18603857313535
2021-08-24,14392.67461669506,4.218483816013628,32.8747870528109,1.3558773424190802,50.07069846678024
2021-08-25,14437.278459441037,4.205010224948875,32.77522154055897,1.354890933878664,49.842365371506475
2021-08-26,14444.021415823912,4.195036967791281,32.73986572618339,1.352936177445398,49.97280530296592
2021-08-27,14428.152367995921,4.19003486098121,32.65538644673072,1.350905535243602,49.95663634044724
2021-08-30,14335.064825014832,4.157020591475299,32.43030251673587,1.345733412422676,49.81442250656725
2021-08-31,14263.723170525604,4.157005239141458,32.219874936623285,1.3433327699847895,49.65776575967551
2021-09-01,14278.319370398578,4.153761529999154,32.32969450791233,1.3468731488533467,50.06600660066007
2021-09-02,14244.479149079856,4.1580280263380045,32.454837075806175,1.3439979739996624,49.83876413979402
2021-09-03,14264.184636118596,4.1464791105121295,32.530323450134766,1.342739218328841,49.86691374663072
2021-09-06,14225.354012137559,4.148010788941336,32.4645987862441,1.3423803101820635,49.95532703978423
2021-09-07,14259.662731871838,4.155480607082631,32.58010118043845,1.345362563237774,50.22428330522766
2021-09-08,14264.902342098585,4.154477044051745,32.73019362475691,1.3451424706180772,50.12429187452439
2021-09-09,14240.969758405136,4.1496029734752495,32.68035141071127,1.3432167595877682,49.9113025848961
2021-09-10,14198.589646144752,4.137995101765054,32.6450468710413,1.3383160206063678,49.864876277341445
2021-09-13,14251.222410865874,4.150509337860782,32.90492359932089,1.3430390492359934,49.93123938879457
2021-09-14,14268.892839004571,4.162011173184357,32.94988996106314,1.3433214829862874,49.82901642119519
2021-09-15,14230.657983761843,4.1584912043301765,32.869587280108256,1.3413396481732072,49.68031123139378
2021-09-16,14253.455751083908,4.16152342089603,33.08509733911417,1.343619824874607,49.91498767321262
2021-09-17,14229.966044142617,4.171477079796265,33.23005093378608,1.3455857385398982,49.93123938879457
2021-09-20,14296.6954145675,4.192468619246862,33.35496541712919,1.3524891127999317,50.24763043292631
2021-09-21,14234.213665019593,4.184528880558869,33.40006815471119,1.3516783097631624,50.11501107514057
2021-09-22,14233.753943217665,4.1925142808423566,33.440190979623154,1.3517776451530394,50.29840566118168
2021-09-23,14230.951771233462,4.1819889031156645,33.259923175416134,1.3485275288092191,50.251813913785746
2021-09-24,14290.562334670194,4.188497312057343,33.44995306766789,1.3537844525983447,50.8550217595358
2021-09-27,14253.00051290819,4.187980851427595,33.57497008035562,1.3540776201060012,51.189092152504706
2021-09-28,14298.158931323856,4.182479876691214,33.79003253981846,1.3569104298681283,51.05840041102929
2021-09-29,14304.710828899948,4.184743435730222,33.88536124935644,1.3576454436245067,50.80058349064699
2021-09-30,14312.142672078764,4.1864582433716215,33.88461870627861,1.3610847223421714,51.01131358493826
2021-10-01,14279.060344827587,4.17948275862069,33.639655172413796,1.356293103448276,50.64827586206897
2021-10-04,14245.31625988312,4.174028875902373,33.72464764523891,1.3558783086971469,50.756273633551054
2021-10-05,14227.391828995002,4.17876228236511,33.789863816583356,1.3569212204792278,50.76107567660749
2021-10-06,14285.002599202913,4.184456766591579,33.890140356957204,1.3612892046439093,50.947842661583785
2021-10-07,14190.192008303064,4.183532260854523,33.77529839128179,1.357637087009168,50.43072132848989
2021-10-08,14202.117728412135,4.1779756245137865,33.84994381536866,1.3554326216613364,50.505661682081424
2021-10-11,14208.069811646794,4.170036288232245,33.8646967340591,1.353464662173838,50.9106618282357
2021-10-12,14190.263954997836,4.16546949372566,33.31977498918217,1.3556036347901341,50.81003894418001
2021-10-13,14217.496972842071,4.160006919218128,33.27970939283861,1.353226085452344,50.652136308597136
2021-10-14,14095.026719531115,4.15402516807447,33.20461989312188,1.3482158248577834,50.661954835373216
2021-10-15,14042.923633856233,4.1579900017238405,33.32959834511291,1.347784864678504,50.76969488019307
2021-10-18,14108.74698379869,4.171492588762495,33.46001378834884,1.349448466046191,50.86608066184074
2021-10-19,14090.373230373232,4.171514371514371,33.35993135993136,1.3441441441441442,50.75675675675676
2021-10-20,14113.44747483438,4.1614901488428115,33.35971780091198,1.344661447130689,50.73733115374688
2021-10-21,14145.269399329723,4.158030420211395,33.39520494972931,1.3467388502191286,50.80690899716422
2021-10-22,14187.815993121238,4.150042992261393,33.33018056749785,1.3472914875322441,50.80309544282029
2021-10-25,14179.220891148841,4.151512539860381,33.114711712488145,1.3473239679393259,50.68861501335861
2021-10-26,14123.119297641593,4.146496815286625,33.10036150800482,1.34592873127905,50.73764847650198
2021-10-27,14211.293793578376,4.154514935009039,33.27020745459241,1.3484548506499097,50.72221743995868
2021-10-28,14205.753471922711,4.150004312947468,33.250237212110754,1.347623565944967,50.648667299232294
2021-10-29,14217.501073422067,4.141004723057105,33.250322026620864,1.3461571489909832,50.36839845427222
2021-11-01,14279.625151148732,4.151494213162896,33.35031957160131,1.3494558645707377,50.570046640179655
2021-11-02,14281.125570973023,4.1484960786003615,33.23967939326036,1.3476687063690425,50.469706110488666
2021-11-03,14332.691311107272,4.153480739333219,33.359820348937646,1.3497149766799101,50.62273276904474
2021-11-04,14364.871639726856,4.153513700406258,33.31489324920045,1.3507649753652,50.63445414469703
2021-11-05,14328.474693983855,4.159996527476344,33.28500737911277,1.3526347773244207,50.30731834360622
2021-11-08,14256.326107608604,4.15502202262717,33.00025908973141,1.348216599015459,50.10709042231626
2021-11-09,14252.621577265267,4.149520601192019,32.764965016843746,1.3475857303273733,50.082059255420226
2021-11-10,14241.66810866932,4.1534867624156435,32.79027513410625,1.3484166810866933,50.059698909846
2021-11-11,14260.314136125655,4.167975567190227,32.85514834205934,1.3539267015706808,50.062827225130896
2021-11-12,14185.80538085255,4.165967854647099,32.780398322851156,1.353424178895877,49.785988819007684
2021-11-15,14178.337993708494,4.1614819993009435,32.705347780496325,1.3506641034603286,50.077770010485835
2021-11-16,14234.931386347642,4.165992258972555,32.68209007741027,1.3540640394088668,50.33866995073892
2021-11-17,14243.001060445387,4.17903852951573,32.66967126193001,1.3577235772357725,50.32166843407565
2021-11-18,14224.856765094755,4.181489643014544,32.63992948435434,1.3581313353900395,50.32966064345526
2021-11-19,14289.3620796735,4.1834797267323225,32.80010646792654,1.3613698873214444,50.6370330937805
2021-11-22,14254.131938286931,4.185493881893953,32.910090441567654,1.3616776024117754,50.6703316190814
2021-11-23,14272.297717381653,4.199040767386091,33.106847855049296,1.3661071143085532,50.731858957278625
2021-11-24,14294.351240406924,4.210512225593432,33.36516152061396,1.3680171336783864,50.42298768516866
2021-11-25,14287.276129377171,4.229528646529449,33.40996168582375,1.3677269892185688,50.29938519112537
2021-11-26,14390.833407138429,4.239039943317686,33.660437516606144,1.370117792932424,50.480028341156675
2021-11-29,14361.280595956014,4.238471089038667,33.68038311457964,1.369368570415041,50.360943597020224
2021-11-30,14325.046202587344,4.202499339963038,33.69004664261198,1.3659244917715392,50.40130247293848
2021-12-01,14362.206116316069,4.219992929114372,33.72016970125509,1.3638854516528194,50.383595545342054
2021-12-02,14412.346767792575,4.230002645735956,33.87688508686833,1.3670517682335304,50.55119499073993
2021-12-03,14425.808165795766,4.230980426888672,33.88008148082543,1.3697635284740057,50.525197059605
2021-12-06,14446.744041818021,4.236466731638168,33.89031629308054,1.3693629839638521,50.425268007442185
2021-12-07,14370.575692963754,4.231965174129353,33.67981520966595,1.3663823738450604,50.437100213219615
2021-12-08,14342.455084520756,4.224533144526064,33.47995397822817,1.3642800247809543,50.25577484733162
2021-12-09,14380.479179559721,4.216514897002917,33.56025108301653,1.3655733356909203,50.433206613031565
2021-12-10,14373.015168987848,4.212543244921494,33.66007274017564,1.365741151423756,50.33797569413643
2021-12-13,14324.827097003017,4.227522610391914,33.34988473133535,1.3672636992374536,50.30235857421529
2021-12-14,14306.941374126802,4.23202758864621,33.350428861968346,1.367848616146432,50.297992749137855
2021-12-15,14354.24436156988,4.229976913514473,33.39992896465992,1.3678742674480553,50.23441662226957
2021-12-16,14348.870853916726,4.20651023288638,33.45007057163021,1.3633556810162317,50.00088214537756
2021-12-17,14358.984995586938,4.219505736981465,33.279788172992056,1.3644307149161519,49.97440423654016
2021-12-20,14409.793311452142,4.226470327330791,33.61039652266478,1.3674265945178747,49.90330879091635
2021-12-21,14285.533421868084,4.208942009738823,33.66002656042497,1.364674634794157,49.92386011509518
2021-12-22,14248.995664100521,4.213520927351562,33.74037695779135,1.3646579948677107,50.236262277674534
2021-12-23,14183.793103448277,4.2,33.54022988505747,1.3597701149425288,50.07338638373121
2021-12-24,14187.947335866396,4.19545816028983,33.43023769550234,1.3557479897499338,50.006185384819304
2021-12-27,14216.363154172559,4.182991513437058,33.55993635077794,1.3573196605374824,50.238684582743986
2021-12-28,14232.203688994794,4.180478333774601,33.49042449916159,1.353366869649634,50.55864442679375
2021-12-29,14254.905777227283,4.181987083075289,33.52030434397947,1.3544191807484738,50.952844377598865
2021-12-30,14260.993470972297,4.1764602082230455,33.410093523910355,1.3525674960296452,51.040232927474854
2021-12-31,14215.451174289245,4.165989758078757,33.24474660074166,1.3490199540879393,51.00035316969804
2022-01-03,14268.621752531924,4.1725231175693525,33.170409511228534,1.350330250990753,51.123734037868786
2022-01-04,14362.736058161185,4.186009397996276,33.3203298164731,1.3573898395247805,51.41235925170672
2022-01-05,14367.894690343672,4.193479989398357,33.22466648997261,1.3552433960597228,50.987719763229975
2022-01-06,14398.479893946089,4.2129916040654,33.550154661953165,1.3599646486964208,51.20901458241273
2022-01-07,14328.580279695523,4.208975039830059,33.699769870773586,1.359178615684192,51.37723490883342
2022-01-10,14297.490722742536,4.200035341933203,33.640219119985865,1.355716557695706,51.370383459975265
2022-01-11,14309.62420606916,4.19151376146789,33.39978828510939,1.3533874382498237,51.14590684544813
2022-01-12,14332.392260334213,4.186015831134565,33.36499560246262,1.3507475813544416,51.08179419525066
2022-01-13,14288.598098229084,4.176480851435051,33.219924976009764,1.345808252638925,51.09657157812091
2022-01-14,14317.157333799247,4.178474709530882,33.22529920503189,1.3469031187210623,51.30339827028915
2022-01-17,14327.571691660089,4.183460492852758,33.114969744804,1.3482416907831272,51.29878102253792
2022-01-18,14356.153778481568,4.183513679950734,33.10899973607812,1.350312307556963,51.51139262778217
2022-01-19,14353.265755839577,4.193036579991185,33.02512119876597,1.3479947113265756,51.50198325253415
2022-01-20,14347.768565884637,4.188481213617922,32.91497618627624,1.3460045863467984,51.4067736814253
2022-01-21,14314.592879802609,4.186464575255552,32.92033838561861,1.3447303489601692,51.261015156855834
2022-01-24,14343.320948336872,4.18895966029724,33.06970983722576,1.346072186836518,51.34907997169144
2022-01-25,14349.964501242457,4.190007099751509,33.08484203052893,1.3451366702165424,51.25399361022364
2022-01-26,14352.496231267181,4.191540303272147,32.960007094085306,1.3445065176908753,51.19091957080784
2022-01-27,14383.888888888887,4.197491039426523,33.26523297491039,1.3520609318996413,51.33960573476702
2022-01-28,14408.116358412643,4.189980247800324,33.42521098940564,1.3565272041659184,51.201292871251574
2022-01-31,14375.008963786304,4.185460738615991,33.295087845105776,1.3544281104338474,51.08013624955181
2022-02-01,14321.74955595027,4.185523978685613,33.195381882770874,1.349822380106572,51.079928952042636
2022-02-02,14346.003709264327,4.185463216462068,33.184668374105804,1.3471694780535193,51.0332950631458
2022-02-03,14392.415381889066,4.183501683501683,33.15966684387737,1.3478646110225059,51.04377104377104
2022-02-04,14386.915561758547,4.179518492672715,32.97016748080949,1.3449930216329378,51.25087229588276
2022-02-07,14395.885384816984,4.185288721935878,32.96496898750764,1.3443697038525377,51.522669695116626
2022-02-08,14392.005610098178,4.184782608695652,32.96458625525947,1.3454593267882187,51.46826788218794
2022-02-09,14334.053344993443,4.184783559247924,32.71010056843026,1.3422824661128114,51.24879755137735
2022-02-10,14328.3591223009,4.18349506075706,32.634845703295746,1.3414634146341464,51.213392779089084
2022-02-11,14311.517911885785,4.189541911185075,32.65481299816064,1.3435228168520628,51.22361390908295
2022-02-14,14307.644043831744,4.1905266878755745,32.52032520325203,1.3473842347119123,51.355602686461644
2022-02-15,14268.7439400617,4.186249449096518,32.370207139709116,1.3455266637285146,51.25077126487439
2022-02-16,14274.138234259584,4.185279634189237,32.33468167428772,1.3446183608863875,51.306718255364046
2022-02-17,14328.522427440634,4.187510993843447,32.13456464379947,1.3437115215479332,51.28759894459103
2022-02-18,14360.128589043508,4.186013739651224,32.09001233045623,1.3435793552932889,51.43825964417827
2022-02-21,14355.565355441879,4.179484917974952,32.270241665196686,1.346357382254366,51.420003527959075
2022-02-22,14366.002468700404,4.185505201904426,32.39992946570269,1.3461470640098747,51.32075471698113
2022-02-23,14342.489421720733,4.185472496473907,32.264633286318755,1.3445874471086037,51.11071932299012
2022-02-24,14399.355012093522,4.2010212308519215,32.70984502373914,1.354922511869569,51.46466003762429
2022-02-25,14344.427603423681,4.199982168330956,32.490192582025685,1.3530670470756063,51.30973609129815
2022-02-28,14376.926511295653,4.19849986605947,32.67523886061256,1.3573533351192073,51.28315028127512
2022-03-01,14364.235800035834,4.1929761691453145,32.70471241712955,1.3572836409245652,51.33040673714388
2022-03-02,14388.645777057447,4.195479920763551,32.72015126958401,1.3559337295155771,51.50909418332433
2022-03-03,14386.439147706755,4.186529433008306,32.559588299024924,1.35807150595883,51.72715781870712
2022-03-04,14388.59913990301,4.17796687711593,32.734925427761006,1.3607832372586697,51.98462805380181
2022-03-07,14397.209729233595,4.169435520881138,32.919687930243235,1.3612666360715926,52.16337769619092
2022-03-08,14358.94234300404,4.182519280205656,33.19500550863019,1.3639368343738525,52.240176276166
2022-03-09,14290.966978986628,4.1870281087965076,33.04466478668244,1.3614118075138724,52.086782497953244
2022-03-10,14277.29159148322,4.187477444965716,33.11981234211476,1.3585348249729339,52.16979429808733
2022-03-11,14282.65696087352,4.194540491355778,33.25022747952684,1.3602365787079163,52.28480436760692
2022-03-14,14305.22810218978,4.205018248175182,33.38503649635037,1.3637773722627735,52.37043795620438
2022-03-15,14293.913201710491,4.206987535256118,33.52015285233373,1.3641160949868074,52.34828496042217
2022-03-16,14271.748226305259,4.197471348008005,33.36456248863016,1.3612879752592324,52.240312897944335
2022-03-17,14329.897746810244,4.195457424667451,33.27029228124152,1.355533435888155,52.20342050493168
2022-03-18,14336.94585755814,4.193041424418605,33.380268895348834,1.3582848837209303,52.34556686046512
2022-03-21,14338.294980974817,4.205019025185722,33.554991846348976,1.355317992389926,52.379960137706114
2022-03-22,14339.631712626995,4.216527576197387,33.45518867924528,1.356767053701016,52.38479680696662
2022-03-23,14376.067364588074,4.224032771961766,33.65043240782886,1.358124715521165,52.4032771961766
2022-03-24,14372.66350883585,4.226270723264711,33.555292402987796,1.3583530697759154,52.31007469484423
2022-03-25,14340.747136884202,4.210507180512633,33.544810034539175,1.3560261770587165,52.10143610252681
2022-03-28,14351.422578880176,4.216487324457414,33.76527448477111,1.3606602225059274,52.051796461790985
2022-03-29,14340.378890392421,4.213531799729364,33.640054127198916,1.3577807848443844,51.963915200721694
2022-03-30,14342.29732158907,4.20447600215711,33.3848642818623,1.3539457127449217,52.04565881718497
2022-03-31,14365.372488964957,4.204756328258715,33.250157643455545,1.35375191424196,51.809746869651384
2022-04-01,14375.2262034021,4.210459645313066,33.4247195077814,1.3558631921824105,51.650380021715534
2022-04-04,14342.471603816446,4.2189913675602,33.52476147205815,1.3573830077237619,51.35938209904589
2022-04-05,14342.939192269123,4.21050232473334,33.45519190445802,1.3553651198833074,51.22982951955511
2022-04-06,14358.106747230615,4.214959260276481,33.59974366016662,1.3589673166712442,51.4208550764442
2022-04-07,14375.54965188714,4.218211799193844,33.474716013191646,1.3602052033711982,51.40527665811653
2022-04-08,14365.122916858483,4.22152656293159,33.595433201362674,1.3627658594972838,51.5514225209465
2022-04-11,14365.394495412844,4.23045871559633,33.58990825688073,1.3645871559633027,52.06697247706422
2022-04-12,14372.21250345272,4.232759414418561,33.63502439922659,1.3629500046036276,52.089126231470395
2022-04-13,14362.737853316092,4.230463698503603,33.535008313319786,1.364215776833549,52.139294291520415
2022-04-14,14360.452289023715,4.231476374333517,33.65968008825151,1.3542930685787828,52.17779003493289
2022-04-19,14346.338979912987,4.254466351939276,33.75543830417477,1.366564843099139,52.46968434694066
2022-04-20,14346.306555863343,4.285780240073869,33.76454293628809,1.3646352723915052,52.39796860572484
2022-04-21,14351.07926885276,4.2909892532378064,33.88536786993662,1.3612565445026177,52.43042160374759
2022-04-22,14424.951465286122,4.325043912360173,33.950263474161034,1.3667375427567716,52.43690487196079
2022-04-25,14455.462497673552,4.356504745951982,34.005211241392146,1.3732551647124511,52.3534338358459
2022-04-26,14395.50309162451,4.354974704890388,34.28517893947911,1.3739928798950722,52.165074011617016
2022-04-27,14419.219502976472,4.36001133893981,34.32958518378532,1.3797599924407067,52.15439856373429
2022-04-28,14517.93037672866,4.3625178826895565,34.479732951835956,1.38826895565093,52.30805913209347
2022-04-29,14517.571157495257,4.353510436432637,34.180265654648956,1.3799810246679316,52.3719165085389
2022-05-02,14531.936526035728,4.353477765108324,34.40516913721019,1.3858798935765868,52.479095400988214
2022-05-03,14483.203865100415,4.353543008715422,34.470443349753694,1.3835733232284955,52.53410382720727
2022-05-04,14434.944449719877,4.353527680182319,34.31487987845409,1.3824897920425412,52.47364922609439
2022-05-05,14431.22634367903,4.348504920514762,34.08970476911431,1.3778387585162755,52.38834216502649
2022-05-06,14486.698202459793,4.370009460737938,34.345316934720906,1.3852412488174077,52.475875118259225
2022-05-09,14554.096031821195,4.383464343214319,34.564826214603656,1.389904347002557,52.7227957192916
2022-05-10,14543.357968542734,4.382035247299602,34.53477354557514,1.3897100625355316,52.3867727875687
2022-05-11,14506.65213683313,4.376480621624183,34.579740358191984,1.3855775608831613,52.110300388515114
2022-05-12,14657.696003074558,4.3932551883166795,34.73289777094543,1.3959454265949272,52.44907763259032
2022-05-13,14630.284063553201,4.397977852672124,34.77034183919115,1.3962445835339432,52.43042850264805
2022-05-16,14675.00479754366,4.398004221838418,34.80521972749952,1.3942621377854538,52.48992515831894
2022-05-17,14641.144103974953,4.383929418461246,34.49482971255099,1.3840242861208614,52.30718148183284
2022-05-18,14678.323671956667,4.395514587094935,34.589945832937374,1.387246982799582,52.33963698565048
2022-05-19,14647.75296912114,4.405035629453682,34.53016627078385,1.384893111638955,52.3895486935867
2022-05-20,14656.320317670416,4.388957171220572,34.30462323910371,1.3792190602250165,52.17074784910655
2022-05-23,14643.962848297213,4.3889670700816215,34.15892672858617,1.3733933764893516,52.243174781874465
2022-05-24,14656.604477611938,4.391417910447761,34.15018656716418,1.373320895522388,52.38059701492537
2022-05-25,14627.993618618617,4.394988738738738,34.299924924924916,1.3772522522522521,52.352665165165156
2022-05-26,14610.554361035804,4.397962045433299,34.20491726652332,1.3750584275965223,52.32775544545199
2022-05-27,14534.57377354971,4.379033762357769,34.12516321581794,1.369054280917739,52.24771497854878
2022-05-30,14569.314381270902,4.366220735785953,34.09513192121888,1.367428465254552,52.324414715719065
2022-05-31,14543.218519555681,4.37851208811724,34.305049939326054,1.3709511808083636,52.574442266405306
2022-06-01,14539.143017176999,4.383028379387603,34.354929051530995,1.3722927557879014,52.447722180731894
2022-06-02,14479.854096520765,4.391040029928919,34.375233819678265,1.3749532360643473,52.81238309016087
2022-06-03,14443.709226467849,4.389002795899348,34.274930102516315,1.37381174277726,52.87791239515378
2022-06-06,14417.984337124743,4.388961402200262,34.284915159425694,1.373484989744546,52.83423457020324
2022-06-07,14455.421121740761,4.3955167885950095,34.485087225661225,1.3773213280810352,52.91783905458638
2022-06-08,14505.87577986777,4.393984542322376,34.52462985380389,1.3752677158022162,52.890399478536175
2022-06-09,14564.134785441682,4.393465512426697,34.514567625430516,1.3756864935306712,52.93865773061528
2022-06-10,14552.155416903006,4.401966345244847,34.764605785592735,1.3821138211382114,53.03554547173378
2022-06-13,14707.001434720229,4.41846006695361,34.83978957436633,1.3905308464849353,53.295074127211855
2022-06-14,14734.041331802528,4.422502870264065,34.984691924990436,1.3912169919632607,53.26157673172599
2022-06-15,14727.22653628607,4.413479052823315,35.01965295753045,1.3919087335825904,53.32853992905763
2022-06-16,14833.951923076922,4.4025,35.159615384615385,1.3895192307692308,53.55769230769231
2022-06-17,14816.946404730115,4.401964524127408,35.26034712950601,1.3872782757963,53.758344459279044
2022-06-20,14823.514310164494,4.401540363221451,35.33041741941618,1.3871826566511363,54.07625748787677
2022-06-21,14824.284360189575,4.398009478672986,35.34976303317536,1.3850236966824645,54.316587677725124
2022-06-22,14845.527991635776,4.404999524760004,35.43484459652124,1.389126508886988,54.34274308525805
2022-06-23,14862.05089107024,4.405794339083199,35.51034022681788,1.390355475078624,54.741256075478894
2022-06-24,14855.530216647661,4.402033447358419,35.4998099581908,1.3892056252375522,54.95058912960851
2022-06-27,14789.405978055242,4.4039916761256155,35.33957623912221,1.3848846008323874,54.76730987514189
2022-06-28,14837.524855600795,4.396553356689707,35.18038064577218,1.3867058043745857,54.77700975286431
2022-06-29,14845.117428924597,4.399733764381478,35.10982219264048,1.3888941713416374,54.93296567462204
2022-06-30,14972.561856166363,4.407528641571195,35.38461538461539,1.3943390776932705,55.02069895061134
2022-07-01,14984.786570743405,4.407002398081534,35.67002398081535,1.3971223021582733,55.10983213429257
2022-07-04,15001.559062649449,4.413008130081301,35.67479674796748,1.395217599234816,54.98517455762793
2022-07-05,15051.438289601556,4.419533527696793,35.839650145772595,1.4047619047619049,55.40233236151604
2022-07-06,15021.60754642822,4.424486587402967,36.14031639972487,1.4056205168517246,55.79149061609512
2022-07-07,14995.353634577603,4.427996070726915,36.09037328094303,1.400294695481336,55.93222003929273
2022-07-08,14966.771622552396,4.427039260061005,36.01495621371642,1.3999803207714259,55.96969398799567
2022-07-11,14985.066349772233,4.427015250544662,36.22994652406417,1.404040404040404,56.02495543672014
2022-07-12,14991.087432782313,4.4369647480581555,36.23979286994623,1.4067914758016333,56.41107349133639
2022-07-13,15016.469653322738,4.436972285685905,36.13489619549022,1.4039932452567796,56.29184464090593
2022-07-14,15112.003998001,4.4439780109945035,36.61369315342329,1.4057971014492756,56.53673163418291
2022-07-15,14993.120588527687,4.448951187990854,36.64976637836763,1.40302216920171,56.34556118898499
2022-07-18,14961.632612772679,4.45296614351989,36.64988648702004,1.3969993090514266,56.31823117165137
2022-07-19,14977.540263543193,4.449975597852611,36.595412396290875,1.392776964372865,56.20595412396291
2022-07-20,14977.762525737817,4.452005098539073,36.67516423178743,1.3926855574075891,56.2780664771056
2022-07-21,15042.896362388468,4.457005588783214,36.925188743994504,1.3940582410040199,56.38984214138641
2022-07-22,14990.863591756626,4.4520117762512275,36.694798822374885,1.3887144259077528,56.17271835132483
2022-07-25,14951.025791324737,4.453497459945291,36.659828057835085,1.3849159828057833,55.88999609222353
2022-07-26,14999.27894112999,4.456045041485579,36.72461477676808,1.3893717898064009,55.472145397076254
2022-07-27,14985.293538219068,4.458530338849488,36.84003152088258,1.387706855791962,55.60973207249802
2022-07-28,14925.49891325825,4.452776131199368,36.649871566884016,1.3840150167950998,55.909899229401304
2022-07-29,14861.30613845852,4.450480486369876,36.260050990390276,1.3814473426161993,55.28044714649931
2022-08-01,14857.04094595915,4.4530440730968435,36.13505325906381,1.3766246457539333,55.442196814228474
2022-08-02,14871.723395931143,4.453345070422535,36.10524256651018,1.3794014084507045,55.588810641627546
2022-08-03,14895.379635079458,4.457033549146557,36.259564449676276,1.3801255640572885,55.77300372768294
2022-08-04,14930.694430802476,4.458010018662215,35.95521068657303,1.378744720557902,55.6261663883705
2022-08-05,14889.27978110036,4.455975764682888,35.54480601974005,1.3756474152252514,55.23697840320531
2022-08-08,14852.093342484557,4.458966565349543,35.67016374154329,1.3783704284733795,55.450534366114326
2022-08-09,14849.609145983974,4.454954074653116,35.43482509282783,1.378737541528239,55.63709204612077
2022-08-10,14844.781506047602,4.456984003121343,35.52477565353102,1.376024190401873,55.658408115489664
2022-08-11,14718.446508028632,4.444960340491391,35.154768814083965,1.368833430063842,55.35403366221706
2022-08-12,14685.658726300439,4.444239183276617,35.384540593096744,1.3715119105493438,55.65969859017988
2022-08-15,14754.644433545855,4.4595389897008335,35.52525747915645,1.376753310446297,56.02942618930848
2022-08-16,14775.125851347351,4.465995459480801,35.465403217846216,1.3799230085875038,55.87010166814727
2022-08-17,14773.524203069657,4.468024399842581,35.47028728846911,1.3824281778827234,55.85596221959858
2022-08-18,14828.669679701317,4.4739634505796815,35.619964629593234,1.3807231283159755,55.783061505207314
2022-08-19,14871.60334195345,4.476526755520191,35.794708573702,1.3903918838273321,56.02247861547642
2022-08-22,14893.980601939806,4.484951504849516,36.0953904609539,1.3956604339566043,56.21237876212379
2022-08-23,14851.697390953965,4.4884658003425,36.119673617407074,1.396192203082502,56.07031328699507
2022-08-24,14855.647271995169,4.4855043285685525,36.144554056774716,1.3949063821220051,56.07006241191867
2022-08-25,14797.542627883651,4.472016048144433,35.839518555667,1.3898696088264795,56.01003009027081
2022-08-26,14815.199360447688,4.467472769061657,36.00979314479864,1.389627260917358,56.06975117417808
2022-08-29,14891.93871419988,4.489985980372521,36.450030042058884,1.3969557380332465,56.26577208091327
2022-08-30,14824.596372334063,4.475483356587602,36.37034084114012,1.3949571457046042,56.20191349411999
2022-08-31,14849.93,4.4755,36.45,1.3969,56.153
2022-09-01,14872.05117952819,4.4810075969612155,36.6953218712515,1.399640143942423,56.58636545381848
2022-09-02,14906.35444811368,4.484038827179026,36.64965475833083,1.4022815971179827,56.89382567797458
2022-09-05,14902.046370967742,4.492237903225806,36.555443548387096,1.4044354838709678,56.93245967741935
2022-09-06,14891.156325543916,4.5,36.50483481063658,1.4048146655922644,57.06587429492345
2022-09-07,14951.411229135052,4.5014668689934245,36.74456246838645,1.4093070308548306,57.189681335356596
2022-09-08,14878.469377560197,4.501049055849736,36.38525327205515,1.4041362773503847,56.97971825357179
2022-09-09,14832.65001492686,4.497959996019504,36.329983082893825,1.3994427306199624,56.81958403821276
2022-09-12,14853.599212210733,4.503495814869522,36.310192023633675,1.3951747907434762,56.820285573609056
2022-09-13,14839.479115479115,4.508009828009827,36.225061425061426,1.3942014742014741,56.67321867321867
2022-09-14,14918.84884884885,4.527027027027027,36.64464464464464,1.4053053053053053,57.111111111111114
2022-09-15,14937.299839871897,4.535028022417934,36.84547638110489,1.4073258606885508,57.30384307445957
2022-09-16,14973.5483222825,4.534960819770947,36.97006228651798,1.4089813140446052,57.374924653405664
2022-09-19,14990.420420420422,4.55005005005005,37.02002002002002,1.4096096096096096,57.4044044044044
2022-09-20,15018.846384938914,4.5579811736431,37.01982775886241,1.4093731223713197,57.57760865211296
2022-09-21,15007.34908136483,4.55249343832021,37.135069654754695,1.4138905713708863,57.82858873410054
2022-09-22,14998.259813840552,4.5669769324160265,37.2349251315257,1.4162282476730068,58.39842169162282
2022-09-23,15067.97211400451,4.578531884355137,37.559975394709866,1.424748820996514,58.6600369079352
2022-09-26,15157.308729006842,4.603047895500726,37.835372174994816,1.4349989633008502,58.99647522289032
2022-09-27,15143.633347158855,4.610742430526752,37.914765657403564,1.4348817917876397,59.034632932393194
2022-09-28,15287.987454260323,4.629482488238368,38.35546262415055,1.447569262937794,59.098797699947724
2022-09-29,15182.330517205852,4.635483206264166,38.06511436225015,1.438388625592417,58.58232021430043
2022-09-30,15247.49692244563,4.636951169470661,37.77492819039803,1.4362946245383668,58.75666803446861
2022-10-03,15331.616140925851,4.647992625972961,38.07968045882834,1.4353748463744367,58.991192134371154
2022-10-04,15246.365382671116,4.644525326053988,37.5695076332019,1.4303912647861694,58.744313011828936
2022-10-05,15190.932929904184,4.630458900655572,37.42007060010085,1.4245083207261724,58.71104387291982
2022-10-06,15234.523326572009,4.637525354969575,37.3498985801217,1.425659229208925,58.77180527383367
2022-10-07,15242.564050219455,4.649994896396856,37.36041645401653,1.4286005920179645,58.94355414922936
2022-10-10,15337.228008662472,4.649994843766113,37.96019387439414,1.4374548829534908,58.98422192430649
2022-10-11,15356.196647125373,4.673043299393191,38.0849532037437,1.4364907950221124,58.873804381363776
2022-10-12,15358.582320214302,4.682464454976303,38.01978157840511,1.4363280445085513,58.87904389037709
2022-10-13,15353.588664133895,4.691549440394291,37.830372728206186,1.432282575213061,58.88900297771845
2022-10-14,15469.28064217351,4.70196562725121,38.18977050529999,1.425542863023567,59.046001852423586
2022-10-17,15465.448197966936,4.716500667419653,38.165109354143134,1.42684053804292,58.972173734469656
2022-10-18,15470.238942552109,4.716014234875445,38.04982206405693,1.419725470259278,58.86832740213523
2022-10-19,15529.862957660054,4.719983636735528,38.31969727960728,1.4247289834321948,59.05195336469625
2022-10-20,15543.82835592702,4.7289776781164,38.079706451941696,1.4227907450820507,58.8543471613495
2022-10-21,15620.883864337104,4.738026721479959,38.385405960945526,1.4303186022610483,58.876670092497434
2022-10-24,15594.995431935844,4.737996142523602,38.168713836158766,1.4219876154705107,58.898588975738505
2022-10-25,15624.297738566069,4.73552378054964,38.29023425616064,1.424804786532806,58.80539499036609
2022-10-26,15553.496956998904,4.71535468422628,37.77511723037015,1.4071635238950415,58.35877481791879
2022-10-27,15571.445651090962,4.714954667729401,37.835010461293216,1.4101823253960346,58.22556540799044
2022-10-28,15558.114762335443,4.7225404481961615,37.9097578132851,1.412420862224902,58.0233142397749
2022-10-31,15623.91567480331,4.727960459955618,38.0754488601977,1.4159774056889247,58.30139197095017
2022-11-01,15617.372071981501,4.737006132502262,37.649542575650955,1.4091685935457927,58.0938976575852
2022-11-02,15636.425111021397,4.73798950343157,37.660476382721036,1.4112838110617683,58.37807832054905
2022-11-03,15790.218394340205,4.74428381010971,38.03034963600943,1.4229467856044293,58.91828155439352
2022-11-04,15692.676256077795,4.747974068071313,37.38452188006483,1.4071110210696922,58.41977309562399
2022-11-07,15659.91193835685,4.739517662363655,37.31011708195737,1.4031822275592913,58.401881316921845
2022-11-08,15659.023609443777,4.736494597839136,37.23489395758303,1.4027611044417765,58.21028411364545
2022-11-09,15656.01155493575,4.691503137762726,36.85526446857257,1.4006375136965832,58.00976192847893
2022-11-10,15687.76371308017,4.700522403054048,36.8696001607394,1.4027526622463333,58.06007635121559
2022-11-11,15501.98874660458,4.627473806752037,35.979821497865736,1.3774738067520373,57.33993015133877
2022-11-14,15555.887198371935,4.596278709177246,35.83486771974029,1.3738734373485801,57.214846399844944
2022-11-15,15537.081891580163,4.537485582468281,35.504613610149946,1.3685121107266436,57.220299884659745
2022-11-16,15605.426431041109,4.545044179792548,35.63484441029582,1.3686131386861315,57.31655781790242
2022-11-17,15722.46341699777,4.566527764318248,35.97538521174532,1.3781374164163194,57.46002519623994
2022-11-18,15651.514566853175,4.553540420605827,35.760177503376426,1.3726606212618175,57.312367354813816
2022-11-21,15729.806753855164,4.580031231700176,36.22974819441734,1.3821979308998633,57.409720866679685
2022-11-22,15677.233794043215,4.5800077866459015,36.12030367919019,1.3789176562195833,57.37006034650574
2022-11-23,15680.203389830509,4.57501210653753,36.245036319612595,1.3845036319612591,57.05956416464891
2022-11-24,15649.044463651207,4.494958225295305,35.780274656679154,1.3751080380293865,56.65226159608182
2022-11-25,15693.918072289156,4.4799999999999995,35.810120481927704,1.3760963855421686,56.669879518072285
2022-11-28,15712.940839147474,4.479977062028099,35.6350950970085,1.373888941986046,56.58988817738698
2022-11-29,15726.008103415012,4.508489291915879,35.409994211846424,1.3734323750723518,56.56955431217442
2022-11-30,15682.16075558982,4.447474942174248,35.2621434078643,1.3666152659984578,56.569969159599076
2022-12-01,15459.001339200304,4.405012435431414,34.939735986225365,1.3578534532236464,56.23971685479242
2022-12-02,15353.748339343329,4.388024293034731,34.74473334598595,1.3500664262668438,55.73543366862782
2022-12-05,15426.806460753756,4.369037498819306,34.69538112779824,1.3479739302918674,55.960139794087084
2022-12-06,15634.737542791936,4.395492582731076,35.01996957017877,1.3563141879041458,55.8976797261316
2022-12-07,15637.923829423496,4.397473644220724,35.0498622851173,1.3568240098774813,55.49624845664356
2022-12-08,15613.575434927272,4.3974712425135465,34.75520486738283,1.3552619070253826,55.3598250784295
2022-12-09,15582.40363670802,4.404962591154465,34.71540865612273,1.3505066767686333,55.37456198503646
2022-12-12,15645.360727135012,4.416966483620526,34.75478129142208,1.3523953796629424,55.65991289528498
2022-12-13,15667.908961593173,4.429018492176387,34.80986249407302,1.354954954954955,55.81033665244191
2022-12-14,15587.858014837073,4.391492158888158,34.60512724199455,1.3474504648323788,55.710395342285665
2022-12-15,15621.31626023915,4.417474814047641,34.949628095282925,1.3563694567366538,55.829959514170035
2022-12-16,15609.256992183822,4.424522083058669,34.9797532724362,1.3572841133816742,55.52971089556455
2022-12-19,15575.316097376863,4.426495565200981,34.839592375919985,1.3566710700132099,55.339686733345914
2022-12-20,15602.500235871308,4.433531465232568,34.77026134540994,1.3536182658741391,55.24011699216907
2022-12-21,15582.7096652877,4.437476494922903,34.7000752162467,1.350695750282061,55.054531778864224
2022-12-22,15542.09536349102,4.424997648829117,34.65531834853757,1.35013636791122,55.21019467694912
2022-12-23,15598.92675578987,4.424967049519864,34.684616832988134,1.3497458105818112,55.190171342496704
2022-12-27,15644.371234939761,4.423004518072289,34.61502259036144,1.3460090361445782,55.86972891566265
2022-12-28,15757.453007518796,4.422462406015037,34.73026315789474,1.3461466165413531,56.02725563909774
2022-12-29,15663.799417785709,4.42351394497136,34.62954268006386,1.348483425673772,55.74889661001033
2022-12-30,15488.299268704293,4.40502531408213,34.53497093568348,1.3407087942996436,55.615975998499906
2023-01-02,15568.45455396424,4.405036038565946,34.55490030890199,1.3408218665168958,55.82139848357203
2023-01-03,15620.625889046942,4.403888098624941,34.38027501185396,1.3454717875770508,55.96965386439071
2023-01-04,15571.99735824134,4.400509482026607,34.00981224643834,1.340881215208982,55.97697896027927
2023-01-05,15605.197622865766,4.387982265823979,33.91000848976512,1.3407225733421375,55.82963871332893
2023-01-06,15684.095238095237,4.40352380952381,34.03523809523809,1.3481904761904762,55.59428571428571
2023-01-09,15577.711293941657,4.375467464472699,33.46017202692595,1.331712789827973,55.11032161555721
2023-01-10,15550.750722745499,4.372750163200597,33.59507600484939,1.3326494451179707,54.78970437377599
2023-01-11,15457.653298594956,4.370987252256444,33.40001860984461,1.3320926770261468,54.91113799199776
2023-01-12,15276.7545488303,4.3589862606758265,33.279799480133676,1.328351281099146,55.04270330486447
2023-01-13,15176.622896245608,4.336045866469392,33.059922322914744,1.3233771037543927,54.96578509339745
2023-01-16,15108.240843507216,4.316037735849057,33.01516833148354,1.3214946355900852,54.50980392156863
2023-01-17,15187.521903532233,4.326477912016969,33.080328322419994,1.3227888960619754,54.819699345199666
2023-01-18,15044.930344127686,4.313497555125011,32.87480394870376,1.3174647107666757,54.589906817972135
2023-01-19,15191.548774849747,4.307998150716597,33.104946833102176,1.3246417013407306,54.64539990753583
2023-01-20,15118.852761869573,4.285516349528912,32.74986144467024,1.3219102161463145,54.45963421392943
2023-01-23,15007.147456535738,4.28553030999908,32.77527366387637,1.3180020237328673,54.59019409437954
2023-01-24,14974.258611162275,4.277767544667526,32.79517406520538,1.320408915085651,54.450174986185296
2023-01-25,14965.0027578599,4.261537047251332,32.83507997793712,1.315223386651958,54.559661702518845
2023-01-26,14960.04589261129,4.245525470399266,32.755392381826525,1.3117944011014229,54.429554841670495
2023-01-27,14984.951679705475,4.244454670961804,32.85964104924068,1.3140358950759319,54.47491946617579
2023-01-30,14982.37182426855,4.24396954966523,32.724938090433824,1.312482802898285,54.544620746583504
2023-01-31,15030.527093141329,4.265762023446876,33.035170312932706,1.3170866795901415,54.64045047539925
2023-02-01,14961.878098035617,4.265742610611346,32.89976133651552,1.312924545621443,54.4501560492014
2023-02-02,14889.597742992355,4.245995631598107,32.790316709137244,1.3061521659992719,53.84965416818348
2023-02-03,14915.150406875746,4.2580232239188085,33.020023772515316,1.3103227576117766,53.69022583889549
2023-02-06,15161.804008908688,4.257980697847068,33.599665924276174,1.3238678544914628,54.45991091314032
2023-02-07,15176.757009345793,4.302336448598131,33.634579439252335,1.3270093457943923,55.17009345794392
2023-02-08,15116.339077782954,4.298462971588263,33.51001397298556,1.3246390312063345,54.789939450395906
2023-02-09,15114.613313527065,4.316033794448055,33.435149939652774,1.32178999164423,54.46012440813295
2023-02-10,15185.528531337699,4.3324602432179615,33.72965388213284,1.3282507015902714,54.44995322731525
2023-02-13,15233.426913718886,4.362530413625304,33.854576080853455,1.3315553060078609,54.82032565974172
2023-02-14,15153.387861325402,4.348545403847941,33.82005762617344,1.3263314434426992,54.830374570127326
2023-02-15,15252.850467289718,4.392523364485982,34.365420560747665,1.3350467289719625,55.21028037383177
2023-02-16,15133.999999999998,4.404018691588785,34.33457943925234,1.335233644859813,55.15046728971963
2023-02-17,15210.070588235294,4.4319999999999995,34.579764705882354,1.3393882352941178,55.37035294117647
2023-02-20,15157.101367809633,4.430485291362189,34.39010680157392,1.3358628442945475,54.970020610830055
2023-02-21,15186.430982745685,4.432483120780195,34.59958739684921,1.3383345836459115,55.03000750187547
2023-02-22,15199.285982713267,4.4414693724163845,34.5499812100714,1.3389703119128147,55.09958662157084
2023-02-23,15204.455538809343,4.433967596081386,34.709871891484546,1.3422192916352675,54.96514694800301
2023-02-24,15230.056764427627,4.435477767265847,34.929990539262064,1.3471144749290445,54.91485335856197
2023-02-27,15273.536100056852,4.478491567178322,35.10043585370476,1.3498199734697747,55.52018192154634
2023-02-28,15249.477351916375,4.487522365571146,35.299934080421885,1.3479612016197382,55.33477728599679
2023-03-01,15231.58929239985,4.472482216398353,34.69019093972295,1.339947585174092,55.0
2023-03-02,15319.78312116926,4.475530410183875,34.83545497406883,1.3490806223479492,55.01461574728902
2023-03-03,15314.611398963729,4.476024493641074,34.65002355157795,1.3467734338200659,54.760244936410736
2023-03-06,15335.393575051663,4.478019913582566,34.53034003381552,1.3454818711253052,54.95960924290814
2023-03-07,15380.956399437413,4.47248007501172,34.615096108767,1.3461790904828879,55.059540553211434
2023-03-08,15448.572783309626,4.525462304409673,35.0896159317212,1.3531531531531533,55.359886201991465
2023-03-09,15438.980481334092,4.52103467879477,35.12033352283495,1.3529467500473755,55.18002653022551
2023-03-10,15494.946155299453,4.52002645002834,35.06045720763272,1.355469488003023,55.167201964859245
2023-03-13,15409.957033439194,4.497011021856903,34.56005977956286,1.3487763870726694,54.9897253876331
2023-03-14,15360.892241780759,4.487007544006706,34.469591133463716,1.3437645524820714,55.07497438763155
2023-03-15,15501.497772300694,4.483458147691724,34.649729832211584,1.3503649635036499,55.02986065029861
2023-03-16,15446.16328456819,4.504011326097215,34.38980651250589,1.3474280320906087,54.920245398773005
2023-03-17,15374.206909535913,4.485456085851454,34.12030499858797,1.342558599265744,54.70959239386237
2023-03-20,15352.598675002333,4.485956890920966,34.07016889054772,1.3393673602687317,54.381823271437895
2023-03-21,15303.220118782481,4.47253155159614,34.26967334818115,1.3355605048255383,54.27338530066816
2023-03-22,15266.648122392213,4.454983773759852,34.399629114510894,1.3343532684283728,54.41168289290681
2023-03-23,15121.454177773692,4.417961209670007,34.11986395808438,1.3267763581211507,54.347826086956516
2023-03-24,15184.783620288505,4.428013029315961,34.20009306654258,1.3336435551419266,54.370404839460214
2023-03-27,15148.203842940686,4.421516754850089,34.41009932238003,1.3321266128283673,54.16040100250627
2023-03-28,15084.77077760354,4.401531224056821,34.269901300618024,1.3277372936076006,54.37782492390001
2023-03-29,15059.620171475985,4.418456716142712,34.19009864478657,1.3298607910021203,54.399373098552594
2023-03-30,15043.21146426603,4.422469226529487,34.22009920999449,1.3287708984016167,54.35054198052544
2023-03-31,14988.680459770118,4.4125057471264375,34.12505747126437,1.330022988505747,54.298850574712645
2023-04-03,14967.0009199632,4.419043238270469,34.32014719411223,1.3306347746090157,54.63017479300829
2023-04-04,14908.246949821116,4.406017796532428,34.22988716631502,1.327125951747546,54.52343821667736
2023-04-05,14927.696526508225,4.39853747714808,33.85009140767824,1.326508226691042,54.48263254113345
2023-04-06,14924.993128721942,4.398992212551534,34.054970224461755,1.3290884104443428,54.56894182317912
2023-04-11,14913.571756075195,4.4185236130215495,34.26043099495644,1.3320495185694634,55.016964695093996
2023-04-12,14881.267167185497,4.412470243545138,34.234572422633214,1.331074894707929,55.20142830983336
2023-04-13,14729.85020426691,4.4,34.0880617339991,1.3247389922832502,55.35360871538811
2023-04-14,14734.367369087458,4.402007777878268,34.05987157456815,1.3263091254408972,55.27900877272317
2023-04-17,14843.11082779346,4.422001639194973,34.38029323376741,1.330935251798561,55.95938439122119
2023-04-18,14873.523514400293,4.434013853445133,34.290010936930365,1.3319358366751732,56.26139263580022
2023-04-19,14991.5027897192,4.44196469404555,34.49007591694869,1.336778560321961,56.44287935607794
2023-04-20,14953.225511695906,4.4375,34.364948830409354,1.3339729532163742,56.13029970760234
2023-04-21,14960.001821825468,4.437511386409182,34.36964838768446,1.3345782474038987,55.93095281472035
2023-04-24,14950.0,4.437465915288129,34.410107253226684,1.3346664242864932,55.74986366115251
2023-04-25,14937.025948103792,4.449827617492288,34.430230448194514,1.336871711123208,55.52984939212484
2023-04-26,14846.969834224114,4.457016034061056,34.17972642449497,1.335718815110064,55.669897635655396
2023-04-27,14718.864336170982,4.4629596087665275,34.109762724144176,1.3357181669987321,55.7199782648071
2023-04-28,14672.5252709225,4.460522721063655,34.11984336581367,1.3367635005919314,55.48037519351607
2023-05-02,14722.635658914729,4.464021887824897,34.1796625626995,1.335704514363885,55.368901048791614
2023-05-03,14680.222765552839,4.452956624105768,33.97989676718283,1.3315222312777324,55.31377343113284
2023-05-04,14686.283185840708,4.453043164168323,33.79989163807116,1.3269821202817411,55.34224309192704
2023-05-05,14669.048483747958,4.436989286362811,33.74977301616125,1.3255856183039767,55.22970764481569
2023-05-08,14711.805744314579,4.4369846878680805,33.86971097218447,1.3246353175681798,55.282232490713064
2023-05-09,14745.140980016424,4.449493566931289,33.69011771147002,1.327128387626608,55.774249475317085
2023-05-10,14749.753424657534,4.458538812785388,33.66027397260274,1.327945205479452,55.70319634703196
2023-05-11,14710.99725526075,4.46248856358646,33.6651418115279,1.3275388838060385,55.68069533394328
2023-05-12,14809.245317664341,4.478975394785164,33.990084465662875,1.334373852368711,55.82445831803159
2023-05-15,14793.628172122104,4.4975174696579625,33.81022434718647,1.337624126517102,56.072085325487315
2023-05-16,14825.925925925925,4.499035015164048,33.97022332506204,1.3367337560885946,56.06194283613638
2023-05-17,14884.23677163173,4.524979222458215,34.265398467079144,1.3428756117831748,56.13907101302059
2023-05-18,14879.663368167947,4.536483862017942,34.32534911680385,1.3450476278553594,55.788402848423196
2023-05-19,14923.334566987416,4.538490007401925,34.39026646928201,1.3451147298297557,55.75499629903775
2023-05-22,14877.407133616705,4.547957863611162,34.450194049159116,1.3448530770652374,55.768804287562375
2023-05-23,14883.78328230819,4.569997216810465,34.729566750162356,1.3477131459319047,55.71203265609054
2023-05-24,14894.297635605008,4.593045897079277,34.46546128882707,1.3468706536856745,55.695873898933705
2023-05-25,14942.552398695856,4.625523986958547,34.61015370284118,1.3521192361434562,56.014904517932
2023-05-26,14962.003534554926,4.600967351874245,34.66003162496512,1.3505720398102503,55.81899358199238
2023-05-29,14960.401306579563,4.605039664022399,34.750349976668225,1.3531497900139993,56.06812879141391
2023-05-30,14972.49627699181,4.601545048399107,34.67982129560685,1.349590469099032,56.28629932985852
2023-05-31,15005.513432556398,4.615463821024057,34.75989890480202,1.3542076195825143,56.21361040906112
2023-06-01,14924.520893708515,4.613536505562307,34.77984481630364,1.3523417780686173,56.143778629522295
2023-06-02,14843.277896497259,4.577534144755179,34.61023878100901,1.3447923441419678,55.86918145498466
2023-06-05,14870.121608980357,4.577455565949486,34.88026192703461,1.3518241347053321,56.189897100093546
2023-06-06,14875.241037161844,4.607507254516522,34.78517270429655,1.3489656463540205,56.22390714218852
2023-06-07,14837.865074181205,4.597461976299337,34.74013249976672,1.346645516469161,55.987683120276195
2023-06-08,14882.611530222592,4.61851541398901,34.840271956784946,1.346744900810282,56.09388097233864
2023-06-09,14839.257884972169,4.614007421150278,34.57977736549165,1.3432282003710574,56.05380333951762
2023-06-12,14860.055736182072,4.619972131908964,34.58987459359034,1.3429633070134694,56.039015327450066
2023-06-13,14865.959418141389,4.61697396460669,34.53997961641805,1.3404058185861207,55.825071805800064
2023-06-14,14895.179942640394,4.6215191044499955,34.709963918956426,1.341382181515404,55.913590526413174
2023-06-15,14981.523246141047,4.626028283575192,34.83963397726222,1.3442092614844254,56.04769387189204
2023-06-16,14944.145540762356,4.614535838044866,34.60970271749043,1.335673901149006,55.85081159948933
2023-06-19,14998.342794360007,4.627540743453579,34.78026002563633,1.3409631935542938,55.74345357993042
2023-06-20,15009.704564163543,4.639989024055612,34.73977865178817,1.343455593158328,55.57760907344736
2023-06-21,14950.837681955505,4.644969330769935,34.840245353840515,1.3437700265494827,55.61384235100247
2023-06-22,14953.10878470642,4.650978607191624,35.07965407373691,1.3419208010923986,55.65134274010014
2023-06-23,15010.740536567439,4.676497611172363,35.21040058801911,1.3529952223447261,55.76626240352811
2023-06-26,15056.07254075838,4.673474995420406,35.17036087195457,1.3523539109727054,55.74555779446784
2023-06-27,15001.086658752625,4.665966578394667,35.2497488813807,1.3484613277326272,55.28901470185371
2023-06-28,14992.66776375937,4.6715121594441396,35.60980069482538,1.3529895776193086,55.220332784786976
2023-06-29,15001.023953190708,4.6715121594441396,35.58968732857926,1.3521667580910586,55.275187420003654
2023-06-30,15078.722621019695,4.667494938339775,35.4150561384134,1.3557886986931713,55.29357629302411
2023-07-03,15058.81273511331,4.667492430498211,35.18029176988715,1.3520506468483346,55.298651252408476
2023-07-04,15013.547498852686,4.652042221202386,34.909591555759526,1.348692060578247,55.22257916475448
2023-07-05,15057.385789135029,4.653001194962772,34.910377792076474,1.3525140178325212,55.4536262524129
2023-07-06,15066.455638131938,4.661987338287916,35.01972658042022,1.3498486099642169,55.54913294797687
2023-07-07,15173.824393828067,4.669544452608377,35.22961058045554,1.3516715650257165,55.56116825863336
2023-07-10,15202.26359985396,4.6700438116100775,35.119569185834244,1.3483935742971889,55.67360350492881
2023-07-11,15177.213577213579,4.657475657475658,34.77022477022477,1.3420693420693421,55.316225316225314
2023-07-12,15068.771547813463,4.650970785701324,34.87025948103792,1.3383233532934131,54.85665033569225
2023-07-13,14959.300661777857,4.585941692005008,34.57968163119299,1.3249865855839742,54.35521373636201
2023-07-14,14970.029409143568,4.525978076820247,34.63505926388022,1.3207379021477585,54.482666429017016
2023-07-17,14998.032056990205,4.540516473731078,34.60017809439003,1.3213713268032057,54.43009795191451
2023-07-18,14983.971568191915,4.542514438027543,34.150155486450466,1.3208351843625055,54.4300310972901
2023-07-19,14997.825699518802,4.5425057921939045,34.155230796649434,1.3255212974514345,54.59989306718944
2023-07-20,14984.067160846656,4.5430025899794595,33.95998928284362,1.3224077878003038,54.539608823792086
2023-07-21,15027.168929245707,4.561539153106176,34.370223860469295,1.32985705295334,54.729839072192746
2023-07-24,15020.917447728913,4.572458543619322,34.38987022350397,1.330389329488104,54.60526315789475
2023-07-25,15027.626459143969,4.562483033209665,34.490091394443944,1.3281151027056375,54.5389557506108
2023-07-26,15046.550321005514,4.549507188715073,34.27977213129577,1.3276064743647706,54.63513880097658
2023-07-27,15003.4606741573,4.521977528089888,34.08988764044943,1.3237752808988763,54.56988764044944
2023-07-28,15095.767484105358,4.55449591280654,34.37965485921889,1.3308810172570391,54.86376021798365
2023-07-31,15079.969155402341,4.50902658078563,34.23024584958723,1.3299464755511203,54.90519822189966
2023-08-01,15120.337283500454,4.518505013673656,34.25524156791249,1.3346399270738378,54.85961713764813
2023-08-02,15180.56440600819,4.54401456531634,34.27492034592626,1.3375512061902595,55.16886663632226
2023-08-03,15168.331503841933,4.554976216611782,34.624954262714965,1.3426637394804244,55.56531284302964
2023-08-04,15187.822035446738,4.554997259272794,34.78987758085145,1.3430476886533893,55.79481088982276
2023-08-07,15193.035324107792,4.558994901675164,34.819737800437,1.3410415149308084,56.13073561544064
2023-08-08,15227.622441520467,4.582510964912281,35.04020467836257,1.3492324561403508,56.420869883040936
2023-08-09,15191.384026258205,4.572027716994894,34.9753829321663,1.3458242159008023,56.2800875273523
2023-08-10,15173.999455485977,4.571013703602867,35.014974135583984,1.3454941464742716,56.103094654687354
2023-08-11,15277.998909487458,4.586968375136315,35.02998909487459,1.3495092693565975,56.50218102508178
2023-08-14,15309.231473010066,4.617017383348582,35.2003659652333,1.3552607502287284,56.845379688929555
2023-08-15,15339.65769723595,4.6357312831777415,35.38989566172433,1.35722130697419,56.85886875343218
2023-08-16,15285.1410773177,4.629534628068891,35.36002198607549,1.3578233785269331,56.66178087211433
2023-08-17,15345.706422018347,4.652477064220183,35.35963302752293,1.3571559633027523,56.64036697247706
2023-08-18,15319.002484586363,4.647464801693199,35.35014263366154,1.3574123493144383,56.34121652710039
2023-08-21,15326.815181518154,4.648514851485149,35.12467913458013,1.355977264393106,56.42005867253392
2023-08-22,15338.725084963718,4.6480205749977035,35.0197483236888,1.3551942683934968,56.2606778726922
2023-08-23,15292.864414622858,4.656455344747802,35.10967144840352,1.35835261453031,56.78019435446552
2023-08-24,15245.0,4.6450184501845015,35.02029520295203,1.3543357933579334,56.72509225092251
2023-08-25,15286.001110288677,4.639988897113249,35.064766839378244,1.3546447076239823,56.649703923019985
2023-08-28,15287.999629903776,4.654515173945225,35.27479644707624,1.3563101406365654,56.699666913397486
2023-08-29,15258.00240673887,4.645468851245025,35.20040729427011,1.3560122188281034,56.74997685828011
2023-08-30,15239.996325555758,4.639996325555759,35.0404188866434,1.3524710637516075,56.77016351276869
2023-08-31,15229.996319470003,4.640044166359956,34.969635627530366,1.3513065881486934,56.62955465587045
2023-09-01,15240.003688675764,4.647454813721874,34.96495758022869,1.350055330136481,56.54002213205459
2023-09-04,15244.995833719098,4.655031941486899,35.209702805295805,1.3537635404129247,56.609573187667806
2023-09-05,15272.108843537415,4.664989283384587,35.48504333240145,1.3618488491286926,57.04035038673004
2023-09-06,15292.49883666822,4.673987901349465,35.519776640297806,1.3610051186598418,57.009771986970684
2023-09-07,15325.004668534082,4.678524743230626,35.600373482726425,1.3644257703081233,56.78991596638656
2023-09-08,15357.249626307923,4.676476083707025,35.539985052316894,1.3644431988041852,56.67040358744394
2023-09-11,15365.00372995151,4.674468481909735,35.480231256993655,1.3608728086534876,56.72976501305483
2023-09-12,15367.002706991505,4.67702791001587,35.68468216185943,1.3625501726873892,56.649864650424725
2023-09-13,15375.552035777511,4.679959004938041,35.77471350041927,1.3616882511879251,56.739960868349954
2023-09-14,15355.032618825724,4.682013047530289,35.775396085740915,1.3607642124883503,56.6896551724138
2023-09-15,15367.99587164571,4.683993244511165,35.790016888722086,1.362732219928692,56.86995683993244
2023-09-18,15369.999062177621,4.689018099971865,35.70477351589609,1.3646253399606114,56.77013973553409
2023-09-19,15379.996266218614,4.6959768505554,35.930178288061235,1.3624568281527119,56.645197423690846
2023-09-20,15357.53130256027,4.68547934965427,36.05961502522893,1.3624556157727528,56.7211736124089
2023-09-21,15374.997649271276,4.691490362012224,36.18993888105313,1.3689703808180538,56.92148566055478
2023-09-22,15374.997651920728,4.687517610594534,35.96036442190288,1.364609749225134,56.75777214238753
2023-09-25,15381.453964074111,4.685037148499954,36.11022289099972,1.3659362362456504,56.752562776262586
2023-09-26,15490.004714757191,4.6899575671852896,36.34983498349835,1.3672795851013673,57.00707213578501
2023-09-27,15551.850797266514,4.707953682611997,36.58029612756263,1.3713933181473044,56.99031890660592
2023-09-28,15544.70063573394,4.708036815637157,36.67995065945535,1.3692949995255717,56.920011386279526
2023-09-29,15464.999056069475,4.695204832924297,36.51028884274118,1.3633188597319237,56.60656975646593
2023-10-02,15548.499525166193,4.716999050332384,36.940170940170944,1.3721747388414056,56.78727445394112
2023-10-03,15604.65182921005,4.723469290285606,37.059891107078045,1.3748208997994078,56.789569204317516
2023-10-04,15629.99904734686,4.7309707535486325,37.000095265313895,1.372011050776412,56.68953034200247
2023-10-05,15605.30115903477,4.727531825954779,36.93995819874596,1.3700361010830324,56.679650389511686
2023-10-06,15641.64536589984,4.7135283536873995,36.99043832244627,1.3666571996591876,56.62501183375935
2023-10-09,15690.00094957744,4.732029246985092,37.11043585604406,1.3691957079099801,56.89013389041877
2023-10-10,15729.30447930448,4.73001323001323,36.71990171990172,1.3664713664713664,56.83991683991684
2023-10-11,15722.548095058468,4.718502451904941,36.41456054319124,1.362787627310449,56.774801961523956
2023-10-12,15663.753649119502,4.712496468594029,36.150296638101516,1.3626518504567284,56.650343723514446
2023-10-13,15683.000760167237,4.7285252755606235,36.35024705435196,1.3687761307487647,56.79019384264538
2023-10-16,15703.700892009869,4.7360030366293415,36.269690643385836,1.3690453596507877,56.760296071360784
2023-10-17,15714.996688428424,4.736020437127448,36.41025641025641,1.3691929226984578,56.74519822121298
2023-10-18,15757.804070042592,4.744533838144818,36.269758637009,1.3693327023189779,56.709891150023665
2023-10-19,15855.398749763213,4.765959462019322,36.469975374123884,1.3732714529266905,56.86967228641788
2023-10-20,15857.907657445003,4.767538476064583,36.519686526295914,1.3715418751770372,56.80955528278728
2023-10-23,15939.001604227611,4.794941964706992,36.48013588751533,1.3721808058884588,56.83967160517127
2023-10-24,15855.803235515426,4.784988713318285,36.200150489089545,1.3668171557562079,56.80022573363431
2023-10-25,15878.347201210285,4.779973524962178,36.19043116490166,1.3695158850226927,56.859871406959144
2023-10-26,15920.0,4.786242884250474,36.29032258064516,1.37134724857685,57.01043643263757
2023-10-27,15939.996205293613,4.778484014799354,36.210036998387245,1.371312019732473,56.98036239445973
2023-10-30,15890.00471475719,4.762470532767563,35.900047147571904,1.3656765676567657,56.89014615747289
2023-10-31,15884.998587437609,4.764478764478764,36.03540823053018,1.3678312458800261,56.78029946322629
2023-11-01,15946.702097371168,4.770997437600834,36.20005694220366,1.3706937458479642,56.81028755812849
2023-11-02,15809.999062001689,4.751524247256355,35.88031141543945,1.3621611481099334,56.50501829096707
2023-11-03,15664.249672958325,4.729489814987852,35.55970846570734,1.3563819846757614,56.08017193048028
2023-11-06,15533.898147286098,4.636532911274555,35.56465878409831,1.3500605157806536,55.90634019178847
2023-11-07,15662.099943851768,4.671532846715328,35.61482313307131,1.3553247239378625,56.06494478757253
2023-11-08,15677.452909755413,4.68353481398182,35.53275231937026,1.3570424515040764,55.985380938993536
2023-11-09,15640.651014872321,4.69254513141895,35.62716303432794,1.3584323262557292,55.85539238611917
2023-11-10,15692.848450809695,4.708040812505851,35.94027894786109,1.359636806140597,55.86445754937751
2023-11-13,15700.000000000002,4.70796626054358,35.99531396438613,1.3608247422680413,56.08434864104967
2023-11-14,15704.354718388659,4.718015665796345,36.05464378963073,1.360686311077956,56.00988437150317
2023-11-15,15482.002208317997,4.6725248435774756,35.480309164519696,1.347534044902466,55.710342289289656
2023-11-16,15579.002673057425,4.688542722831597,35.479767720527235,1.3488800811134667,55.710203705410635
2023-11-17,15376.45327446652,4.680003679175865,35.014716703458426,1.3438189845474615,55.57027225901398
2023-11-20,15447.99597364568,4.6674597364568085,35.22510980966325,1.3397693997071742,55.35962664714495
2023-11-21,15499.151072569604,4.653035143769968,35.184847101780015,1.336193518941123,55.43039707895938
2023-11-22,15602.098799376778,4.67803134451471,35.174594445971955,1.3401154797910366,55.630098066171755
2023-11-23,15549.999999999998,4.678990825688073,35.2697247706422,1.3411009174311925,55.37981651376146
2023-11-24,15569.796628801761,4.684499816782704,35.4452180285819,1.341150604617076,55.42964455844632
2023-11-27,15482.00164368551,4.681033695552918,35.055246096246925,1.3369555291754178,55.513651721303994
2023-11-28,15485.953055073524,4.671476847200657,34.92008402593844,1.336195086309252,55.435199561603795
2023-11-29,15439.599453800638,4.6522530723714155,34.800182066454255,1.3317250796540738,55.38006372325899
2023-11-30,15534.845851248741,4.659500503156162,35.21544232000732,1.3358338669838075,55.459701765620714
2023-12-01,15485.204597701151,4.673471264367817,35.14022988505748,1.3380229885057473,55.40413793103449
2023-12-04,15476.398601398601,4.657526683842473,34.99723960250276,1.3355723224144278,55.324806772175194
2023-12-05,15475.695664232228,4.667005639271517,35.25284274752704,1.3392807617638902,55.31293334565961
2023-12-06,15523.946928929297,4.668491371311931,35.15958433846725,1.3408795694934124,55.30989051772128
2023-12-07,15539.847739299974,4.6740321232940305,35.21028688144091,1.3402655278061462,55.304985609507014
2023-12-08,15513.603043518602,4.664470631901271,35.35028301011413,1.338591444743435,55.4495685255637
2023-12-11,15671.246630101328,4.682532304545877,35.69954448266245,1.3436831830435993,55.579622571348885
2023-12-12,15582.24731580896,4.684468715290633,35.67475009255831,1.3401517956312476,55.63032210292484
2023-12-13,15631.797534068786,4.706035042180402,35.794938351719665,1.3432835820895523,56.079540187262445
2023-12-14,15498.552981042218,4.672497481454345,34.93543364776994,1.3304331898525505,55.730378239765535
2023-12-15,15556.550338023022,4.670473232230952,34.824593458797736,1.330166270783848,55.76009501187648
2023-12-18,15492.84667521524,4.693991573548269,35.00457959333211,1.3316541491115588,55.839897417109356
2023-12-19,15505.902207626345,4.681536216018975,34.95256340083926,1.3308702791461413,55.95967889071337
2023-12-20,15527.796052631578,4.657986111111111,34.95248538011696,1.3305921052631577,55.730080409356724
2023-12-21,15468.697077301284,4.655467540744787,34.8502230720204,1.329145042338159,55.520349631248294
2023-12-22,15449.197133266805,4.6320420938038644,34.5495781547673,1.3238682754241131,55.3996189784995
2023-12-27,15418.246723904203,4.629010393131495,34.43018526886579,1.3220063262539539,55.68820605512878
2023-12-28,15419.1020334713,4.607971927298903,34.19021054525824,1.3175274428648551,55.424689580709014
2023-12-29,15456.75113122172,4.595022624434389,34.36470588235294,1.3204524886877829,55.459728506787336
2024-01-02,15523.603504928808,4.602500912741878,34.28532311062432,1.3264877692588537,55.65991237677985
2024-01-03,15563.998534664346,4.631010165766096,34.45004121256525,1.3282351863723783,55.590255517904566
2024-01-04,15515.803889345385,4.634529352688761,34.46544325755501,1.328037980461974,55.540034693691226
2024-01-05,15536.498489149344,4.653969416720081,34.78985440893691,1.331105210145591,55.58465342001648
2024-01-08,15528.403069614471,4.651014069066326,35.02466654485657,1.3310798465192766,55.64955234788964
2024-01-09,15545.14625228519,4.643510054844606,34.96526508226691,1.3306215722120658,56.040219378427786
2024-01-10,15560.14982642061,4.641512881417869,35.02466654485657,1.331353919239905,56.26987027224557
2024-01-11,15550.004550832804,4.646036224629107,34.994994083917355,1.3288431783016292,55.98980613452262
2024-01-12,15570.59952476695,4.6475050265033815,35.09961615792359,1.3327545238530432,55.83257174191189
2024-01-15,15561.096391046138,4.669529465509365,34.967565098218365,1.3340338053905891,55.799908634079486
2024-01-16,15609.152729277706,4.69196838816394,35.39974269435765,1.3406542914905348,55.99981621025547
2024-01-17,15630.449572492418,4.717477245564035,35.50979130274892,1.343660935919831,55.91523397995772
2024-01-18,15610.151724137933,4.717977011494253,35.59540229885058,1.3442758620689657,55.84
2024-01-19,15607.449251400754,4.717461192247635,35.45972260494167,1.3409571048038946,55.98971250114816
2024-01-22,15680.30303030303,4.72653810835629,35.635445362718094,1.341230486685032,56.26538108356291
2024-01-23,15711.101913171451,4.72700515084621,35.71284032376747,1.339955849889625,56.200331125827816
2024-01-24,15687.354424575884,4.73149931224209,35.58459422283356,1.3374598807886289,56.26960110041266
2024-01-25,15851.051133755624,4.73147893142385,35.73487560818875,1.339484072340035,56.50968511888369
2024-01-26,15759.304571796521,4.727531965780518,35.579983442185636,1.3402630852727442,56.37015913899366
2024-01-29,15824.75284117158,4.733992423542455,35.560380670793684,1.3412177769564815,56.410422248914344
2024-01-30,15778.148626221648,4.727457127051447,35.39000553199336,1.3400331919601696,56.39959432048681
2024-01-31,15757.39595829104,4.729999077235396,35.49044938636153,1.3395773738119405,56.309864353603395
2024-02-01,15766.349176992788,4.72997965600148,35.51044941742187,1.340761975217311,56.08008137599409
2024-02-02,15632.197004502435,4.716714141321327,35.23017550307819,1.335385463567031,55.88992005880731
2024-02-05,15760.645821701097,4.750511818351014,35.819839940442954,1.3469197841057137,56.36329797133817
2024-02-06,15739.951596388346,4.76552173508331,35.620403983989576,1.344875733035465,56.20031648515312
2024-02-07,15658.602449888642,4.761043058648849,35.619896065330366,1.3429844097995547,55.959539717891616
2024-02-08,15656.646216768913,4.769473879903328,35.899795501022496,1.3468116750325339,55.91002044989775
2024-02-09,15636.901225399184,4.765038989974007,35.945042703304864,1.3463609357593762,55.89955440029707
2024-02-12,15587.654320987656,4.765989046690802,35.84980970945884,1.3444722918407128,55.98254896500511
2024-02-13,15611.998517557677,4.765959418141389,35.68979894375985,1.3443898823311407,55.960344667840275
2024-02-14,15604.545878838797,4.785867637449828,36.18034164099692,1.348921870624475,56.15980584336788
2024-02-15,15605.901517267055,4.7810667411337615,36.14353532532812,1.3471097458810388,55.9396816531695
2024-02-16,15636.497028231799,4.780460624071322,36.059621099554235,1.3465824665676076,55.96025260029718
2024-02-19,15646.102449888644,4.787026726057907,36.03006681514477,1.345861172976986,56.05976243504083
2024-02-20,15660.451768191073,4.797537493056841,36.04980559155712,1.3446583965932233,56.059988890946116
2024-02-21,15625.654547136646,4.793967989638264,35.839578129336665,1.3436950689240448,55.953372189841794
2024-02-22,15588.70343046846,4.776466248616746,35.910180745112505,1.3419402434526004,55.73035780154924
2024-02-23,15606.304227432158,4.777459848624701,36.009784013291494,1.3432711833117963,55.899944618792695
2024-02-26,15630.796166605236,4.77699963140435,35.859749354957614,1.343715444157759,56.094729082196835
2024-02-27,15637.546057479734,4.7619749447310245,35.86219602063375,1.3434045689019898,56.09985261606486
2024-02-28,15713.452997779421,4.771002960769801,35.9900074019245,1.3465951147298298,56.27960769800148
2024-02-29,15738.204322926289,4.745520044337706,35.940328837982634,1.3458341030851655,56.21466839091077
2024-03-01,15721.89956533802,4.745953944326274,35.96041801535189,1.3468047720336631,56.11023767687043
2024-03-04,15737.848054582335,4.723492531808962,35.83994099207081,1.3433523879771345,55.987460815047015
2024-03-05,15743.10074661259,4.734998617384091,35.819891234215135,1.3437183150520786,55.97474421605678
2024-03-06,15697.553798050398,4.7320213352952,35.69983446753725,1.34062902335847,55.84973330881001
2024-03-07,15638.549793483251,4.7054612207434605,35.57962368058743,1.3353832033042683,55.799908214777425
2024-03-08,15531.897182583243,4.684961580680571,35.47017929015734,1.331686791072082,55.57994877424076
2024-03-11,15486.847885777046,4.683964854475563,35.410031118433096,1.3303130148270181,55.36976020501556
2024-03-12,15521.097471601322,4.6775375595456214,35.720043972150975,1.3325393917185782,55.319714181018696
2024-03-13,15576.451229545662,4.6879970746868995,35.685163177621355,1.332937197184386,55.382576103848606
2024-03-14,15597.903890160182,4.68604118993135,35.699771167048056,1.3333638443935927,55.38032036613272
2024-03-15,15617.903048108705,4.704461990451708,35.854755784061695,1.3369445464561145,55.53984575835476
2024-03-18,15718.949687844291,4.718508997429306,35.96492838780757,1.338138082996695,55.60044069041499
2024-03-19,15744.895890915792,4.733001658374793,36.069651741293534,1.341901603095633,55.94343099318224
2024-03-20,15736.997417926965,4.73801180376245,36.18959793434157,1.3444300995942455,56.23201770564367
2024-03-21,15670.798569725863,4.714770330980105,36.11992298523884,1.340331896946915,55.957641881360594
2024-03-22,15810.597800979396,4.737503464843389,36.309710801071795,1.3483322553820567,56.294927469278385
2024-03-25,15783.045685279189,4.72496538994001,36.33041070604522,1.344993077988002,56.225196123673285
2024-03-26,15798.802395209581,4.720036849378167,36.31045601105482,1.3445416858590513,56.24596959926302
2024-03-27,15897.004437869824,4.732988165680474,36.40994822485207,1.3485576923076923,56.25832100591716
2024-03-28,15870.752011839793,4.732957173249468,36.455462029414484,1.3492738877069652,56.23624086578485
2024-04-02,15911.601079170157,4.754488789654852,36.649920922876554,1.3522188110521909,56.28988743138897
2024-04-03,15948.047853102104,4.754984698135955,36.70963553742001,1.351293703051099,56.40081609941574
2024-04-04,15880.197198673055,4.7394950239587175,36.74990785108736,1.3479542941393292,56.43475856984888
2024-04-05,15858.896780739784,4.746979060972235,36.65990222304215,1.3474771700027672,56.515081634535555
2024-04-08,15908.398780375126,4.751455234223413,36.74489513074009,1.3496257969139795,56.54993994271459
2024-04-09,15867.350694763963,4.747492408208337,36.37526456243674,1.3456335695224073,56.41023281494433
2024-04-10,15849.4014732965,4.747513812154696,36.40515653775322,1.344843462246777,56.545119705340696
2024-04-11,16021.903252866066,4.747506757386523,36.55513095349054,1.3531550004660267,56.46099356883214
2024-04-12,16120.803604956818,4.769996244836651,36.47484040555764,1.359181374389786,56.56778069846039
2024-04-15,16058.352102102099,4.778997747747748,36.71546546546546,1.3605480480480479,56.82995495495495
2024-04-16,16202.049450032902,4.792046629688821,36.62498824856632,1.3640124095139607,56.93428598288991
2024-04-17,16253.600300808423,4.791502162060537,36.830231246474895,1.3625681519082533,57.22786238014664
2024-04-18,16181.000093641724,4.783500327746043,36.755314167993255,1.359677872459968,57.240378312576084
2024-04-19,16263.099596357837,4.783535154416597,36.879752182483806,1.3620576363465693,57.61100159579461
2024-04-22,16252.699398043642,4.778028592927013,37.05041384499624,1.3628668171557563,57.50000000000001
2024-04-23,16210.05246393105,4.780026231965524,37.03953531946787,1.3624695521828742,57.56042720629568
2024-04-24,16168.50084222347,4.778027325472581,37.05970428598165,1.3613138686131387,57.539771663859256
2024-04-25,16189.496268656714,4.777518656716418,37.02518656716418,1.360167910447761,57.77985074626865
2024-04-26,16227.151390703753,4.767500466679111,36.945118536494306,1.3614896397237262,57.7095389210379
2024-04-29,16239.496268656718,4.767537313432836,37.02985074626865,1.3598880597014924,57.703358208955216
2024-04-30,16255.00093300989,4.770479567083411,37.07034894569882,1.3615413323381227,57.688001492815815
2024-05-02,16173.15386053468,4.754533557674332,36.930267339689664,1.3589455973079079,57.60702935128061
2024-05-03,16053.304169769171,4.740040953090096,36.77959791511541,1.3521034996276993,57.14072970960536
2024-05-06,16044.348552338532,4.738956941351152,36.76503340757239,1.3500371195248704,57.219747587230884
2024-05-07,16064.703696823331,4.7379713914174255,36.85955786736021,1.3533345718001115,57.28961545606539
2024-05-08,16076.496323187192,4.742530019547612,36.97012007819045,1.3564181327375966,57.37968909987899
2024-05-09,16072.046216921359,4.740775251584048,36.914834140887066,1.356503913529631,57.36954901229967
2024-05-10,16042.397253919657,4.739029594582058,36.7195472678356,1.3537433899248539,57.45987568420075
2024-05-13,16092.051875868458,4.732005558128764,36.76516905974989,1.3529411764705883,57.82028716998611
2024-05-14,16123.703223416083,4.719525750277882,36.67006298629122,1.3531863653204892,57.84735087069285
2024-05-15,16008.253323485967,4.706979320531758,36.539881831610046,1.3486890694239293,57.5
2024-05-16,15918.74654886803,4.682956009571139,36.159580342352285,1.3452052273145592,57.509663169519605
2024-05-17,15968.351161932867,4.687476945776466,36.294725193655474,1.3471966064182959,57.68996680191811
2024-05-20,15976.254488536968,4.685019795598932,36.10533100082865,1.3468373077985452,57.870361845133964
2024-05-21,16001.454344624446,4.692470544918998,36.28958026509572,1.3468335787923418,58.26030927835051
2024-05-22,16040.0,4.692520775623269,36.4247460757156,1.3495844875346261,58.010156971375814
2024-05-23,16029.749401142435,4.7045328911000555,36.49530127142068,1.3485351022664456,58.17025981205086
2024-05-24,16031.254612546125,4.711531365313653,36.67527675276752,1.350461254612546,58.190036900369
2024-05-27,16067.103200221341,4.697039564696117,36.615327861293,1.349534261735682,58.18500415014295
2024-05-28,16077.75225142437,4.693714390736997,36.595294982539976,1.3470869325491637,57.97004227164124
2024-05-29,16192.548586165605,4.7035092567007455,36.79469466703509,1.3495440729483281,58.47011144883485
2024-05-30,16240.101710587147,4.704022191400832,36.749884419787335,1.3510864539990755,58.579750346740646
2024-05-31,16256.653151492814,4.706966457795798,36.790453372650205,1.3511795060818284,58.61039439734611
2024-06-03,16228.896882494004,4.706972883231876,36.83545471315255,1.3501199040767384,58.7096476664822
2024-06-04,16272.802577082375,4.701978831109066,36.569719282098475,1.3474459272894614,58.77036355269213
2024-06-05,16337.950699043415,4.698031640912436,36.705298013245034,1.348142016188374,58.80978660779986
2024-06-06,16263.847215830647,4.693971468016566,36.52001840773125,1.3481822365393465,58.659917165209386
2024-06-07,16192.347219673331,4.69104422829877,36.48008808955771,1.3445586346118552,58.53000550559735
2024-06-10,16297.703607288959,4.720992934176274,36.76459650427668,1.3525474153960582,58.79788025288212
2024-06-11,16298.60205032619,4.719478098788444,36.7502329916123,1.3529356943150046,58.78005591798696
2024-06-12,16305.248490478401,4.717510450534139,36.6697631212262,1.3518810961449141,58.61031119368323
2024-06-13,16253.551557863502,4.707529673590504,36.71457715133531,1.349870178041543,58.580304154302674
2024-06-14,16486.253041362528,4.719539584503089,36.70971364402021,1.35354669661239,58.6533782519184
2024-06-17,16458.504480955937,4.719473487677372,36.79518297236744,1.3533420463032115,58.69958924570575
2024-06-18,16420.195986934206,4.714045730284648,36.8147456836211,1.3541763882407842,58.71488567428838
2024-06-19,16382.94725090706,4.706484324123174,36.670387943064476,1.350730300493069,58.755233044934414
2024-06-20,16492.30338650993,4.710514040488851,36.759958951394715,1.3531112976956803,58.88982181173617
2024-06-21,16465.054266467065,4.713042664670659,36.62986526946108,1.3536676646706587,58.86976047904192
2024-06-24,16399.00279589935,4.711463187325256,36.670083876980435,1.3532152842497671,58.775396085740915
2024-06-25,16389.499719992535,4.704498786634311,36.65484412917678,1.3532760873623297,58.76983386223633
2024-06-26,16431.64935915427,4.716998783796426,36.85471044999532,1.357750958929741,58.966226962297696
2024-06-27,16389.30441286462,4.7195213163799545,36.82965594614809,1.3574233358264771,58.62471952131637
2024-06-28,16335.55347968239,4.717515179822512,36.7295656235404,1.3557216254086875,58.43998131714152
2024-07-01,16350.860865518845,4.712982782689623,36.69986040018613,1.355700325732899,58.63006049325267
2024-07-02,16376.353807437785,4.718985925994967,36.8403392674061,1.3579084723646193,58.80976791872495
2024-07-03,16378.24874511991,4.720487079382784,36.7596207473508,1.3564788994236847,58.76371072690091
2024-07-04,16326.0,4.709537037037037,36.629629629629626,1.3512962962962962,58.5287037037037
2024-07-05,16280.59866962306,4.708980044345898,36.57982261640798,1.3499630450849964,58.5559866962306
2024-07-08,16265.399169358563,4.708998615597601,36.419935394554685,1.3491462851868945,58.57129672358099
2024-07-09,16269.151100425375,4.707508784908453,36.41483262437581,1.350841501756982,58.45108193083041
2024-07-10,16219.79676674365,4.700508083140877,36.3445727482679,1.3491916859122401,58.30762124711317
2024-07-11,16178.94979272225,4.687517273146017,36.2846614463381,1.3474896361123907,58.29387379087978
2024-07-12,16116.749311294765,4.66951331496786,36.14967860422406,1.342791551882461,58.37741046831956
2024-07-15,16186.201521958375,4.671495369945906,36.18960300724306,1.3422572659759786,58.41294581461447
2024-07-16,16174.29829389103,4.676022748119611,36.075032104201064,1.3435149513850668,58.41496973032471
2024-07-17,16128.095847814158,4.66352661423084,35.934699103713186,1.340771904152186,58.26138650082313
2024-07-18,16164.446477584632,4.6675205855443735,35.9551692589204,1.3408051235132663,58.3092406221409
2024-07-19,16196.997245179064,4.68751147842057,36.28466483011938,1.344811753902663,58.35537190082645
2024-07-22,16208.798677443056,4.68047391623806,36.31520940484938,1.3453343130051434,58.389970609845705
2024-07-23,16216.049723756905,4.672007366482505,36.20994475138121,1.3457642725598526,58.4696132596685
2024-07-24,16244.551991150443,4.67247418879056,36.13292772861357,1.34375,58.5896017699115
2024-07-25,16316.30264491752,4.662980370472768,36.184683439314355,1.3423647590083863,58.58999170583357
2024-07-26,16292.854511970534,4.657458563535911,36.01473296500921,1.343830570902394,58.358195211786374
2024-07-29,16279.800314320051,4.638994175834334,35.97485439585837,1.3441804566885456,58.55875011555884
2024-07-30,16335.846267553583,4.62250554323725,35.9950110864745,1.3446045824094603,58.66777531411678
2024-07-31,16285.953084595494,4.594477281123014,35.67510158847433,1.3382896195049871,58.383819726634655
2024-08-01,16265.696542775051,4.569005468532765,35.60014829919362,1.338122161460747,58.31124293261655
2024-08-02,16209.39547761883,4.497461928934011,35.34471619750808,1.3312413474850022,58.038763267189665
2024-08-05,16190.497902608062,4.425041035929236,35.320080248039396,1.319989057085537,57.72660952033558
2024-08-06,16173.550160329823,4.474026568941824,35.544663307375174,1.3270728355474117,57.76362803481448
2024-08-07,16058.752975645484,4.496520783739242,35.585057681743265,1.3275041201245192,57.69547701886101
2024-08-08,15900.247026532481,4.475022872827082,35.29460201280878,1.324245196706313,57.39981701738335
2024-08-09,15950.746542090319,4.4224603828890725,35.22029861683613,1.3238985069158196,57.280388385087484
2024-08-12,15967.048054919907,4.456018306636155,35.2649885583524,1.3248512585812358,57.30983981693363
2024-08-13,15843.198243527584,4.4504619888390815,35.11481108773214,1.3222943920958743,57.0139968895801
2024-08-14,15604.501315908881,4.420001815046737,34.87521553680007,1.3153643706325437,56.957074144659224
2024-08-15,15702.651893560984,4.435019525928617,34.94959585868676,1.3173190445917717,56.98301698301699
2024-08-16,15698.999454247773,4.431508095324722,34.93541931962889,1.3186283427323995,57.16117882481354
2024-08-19,15589.448419527216,4.381487184131872,34.4651752558645,1.310026265736799,56.67783715243184
2024-08-20,15451.100685673042,4.377481053771202,34.179898953446404,1.30756044749188,56.44081559003969
2024-08-21,15515.653112630444,4.3799928031666076,34.27042101475351,1.3070349046419576,56.5104354084203
2024-08-22,15631.046250561292,4.3779973057925465,34.42478670857656,1.3083071396497532,56.32959137853615
2024-08-23,15558.951533135509,4.37496628001079,34.229835446452654,1.3084255013038395,56.410394748673674
2024-08-26,15440.750694257813,4.347487234614351,33.974737973663,1.3030547343903967,56.01003314521186
2024-08-27,15543.200143343485,4.347518365884249,34.070059129188316,1.3037090127217343,56.299946246192434
2024-08-28,15426.850769092382,4.3429882162453906,34.04515606728434,1.3036790501034452,56.25978231537285
2024-08-29,15406.448412698412,4.310966810966812,33.95472582972583,1.3015873015873016,56.167929292929294
2024-08-30,15495.652566068367,4.320465409939569,33.860377018129334,1.302516460719762,56.20005411743483
2024-09-02,15540.900461079467,4.355031190669921,34.20486393635295,1.3076575354850373,56.51658982008859
2024-09-03,15560.498414136837,4.367467149977345,34.284549161758044,1.3097417308563661,56.57181694608066
2024-09-04,15498.950226244344,4.353031674208145,34.1945701357466,1.306787330316742,56.562895927601815
2024-09-05,15418.752816076418,4.337748941155268,33.61539154726503,1.3016130485716861,56.07912048301343
2024-09-06,15413.897144915787,4.330541295145456,33.52967666396469,1.2994686120868233,55.94704134017833
2024-09-09,15469.799873222855,4.371457031603731,33.93461921579281,1.306529022910441,56.46472878746717
2024-09-10,15453.30432417732,4.342489348200526,33.754872631674374,1.3051400598313843,56.40105158190554
2024-09-11,15412.65054785837,4.329982794530472,33.68468713211989,1.302635153490899,55.877931721452505
2024-09-12,15438.852578068265,4.334241103848948,33.72004357298475,1.3053740014524329,56.14742193173566
2024-09-13,15406.804440032485,4.301507084198176,33.37965887555274,1.2998826820684053,55.98862918509159
2024-09-16,15365.800826891966,4.301456048894481,33.24015818802804,1.2948948409131764,55.80981484810354
2024-09-17,15335.802136637041,4.258999910225335,33.3099919202801,1.2933836071460636,55.62976927910944
2024-09-18,15311.048184106434,4.243976986695433,33.274901114706935,1.2940489032722042,55.724559510967275
2024-09-19,15170.751165292222,4.210021513087129,33.13463607027609,1.2921297956256723,55.52975977052707
2024-09-20,15161.69622066989,4.204997313272433,33.035106573526775,1.2919577288196311,55.66003940533763
2024-09-23,15186.698444104684,4.202985880025182,32.965194711754656,1.2912132386005934,56.03021854483316
2024-09-24,15176.852600377257,4.153956705290578,32.84739064043834,1.2881523398904158,56.23012665049852
2024-09-25,15117.804180811148,4.130963015901376,32.69519385385028,1.2844380918349116,55.930855815615516
2024-09-26,15130.999551770508,4.144957418198118,32.465262214253706,1.2844464365755268,55.959659345584946
2024-09-27,15109.553683455819,4.1250224054490054,32.38483599211328,1.2820397920774333,56.09517834737409
2024-09-30,15162.450875312614,4.12352625937835,32.24991068238657,1.2809932118613792,56.037870668095756
2024-10-01,15197.50135305791,4.164531841962836,32.58524264838535,1.2870286848277106,56.185278729929635
2024-10-02,15277.599132869662,4.173516394183,32.78475295817903,1.2885918164574113,56.17017432932888
2024-10-03,15467.949995470603,4.221487453573693,33.12528308723616,1.2967660114140773,56.44985958873085
2024-10-04,15563.097288965455,4.2199655453803615,33.08006165563515,1.2978511197751383,56.32967630791549
2024-10-07,15717.000546348569,4.283008559460936,33.39009287925696,1.3024949918047712,56.92861045346931
2024-10-08,15646.603533054087,4.2864687670733925,33.44017483154252,1.3027681660899655,56.812966672737204
2024-10-09,15633.950898968696,4.2824678287852525,33.44984941133522,1.3045541662863924,56.959021630008216
2024-10-10,15702.149652396634,4.291529454811562,33.590376875228685,1.3080863519941457,57.41126966703257
2024-10-11,15581.65112452002,4.287529712927409,33.319619674529164,1.3058145913329675,57.24355458036204
2024-10-14,15593.046266605592,4.295006871278058,33.25973431058177,1.3080164910673386,57.505267979844255
2024-10-15,15525.10318261029,4.309456112996423,33.3348619645969,1.308905805741539,57.84462991837108
2024-10-16,15526.54859135542,4.295035330824998,33.13021932642012,1.3089841240708453,57.76544002936589
2024-10-17,15510.196944597828,4.309957666114486,33.17780231916068,1.3124424811338118,57.84465304619915
2024-10-18,15491.804185489074,4.3045081589379555,33.18521250115239,1.3123444270305153,57.48962846870103
2024-10-21,15494.849350410028,4.307011886114439,33.45526582511748,1.3126324518566297,57.612641665898835
2024-10-22,15565.400609925144,4.327973385084557,33.480269845670456,1.3151279918676646,57.83199334627113
2024-10-23,15670.75322745426,4.349958205628309,33.765208507476544,1.3222810439305284,58.05981238970929
2024-10-24,15579.751874826403,4.34802333117304,33.634848625127304,1.3192297009536154,57.88445514304231
2024-10-25,15684.896073903003,4.344018475750577,33.75519630484988,1.3200923787528869,58.30762124711317
2024-10-28,15729.34923276021,4.360972453318543,33.77518949898317,1.3220558328711405,58.2076169347384
2024-10-29,15772.600705401896,4.378318173380361,33.785038054575836,1.3260627436421015,58.341377390013
2024-10-30,15688.146093388812,4.379010633379566,33.76976421636616,1.3249190938511328,58.26167360147943
2024-10-31,15719.399007535378,4.37897445322551,33.77504135269252,1.3211725785701156,58.228266862709056
2024-11-01,15739.347726228754,4.378502526412494,33.87505741846577,1.322186495176849,58.360128617363344
2024-11-04,15765.645634629494,4.372523844460749,33.690388848129125,1.3165810711665444,58.47578870139398
2024-11-05,15765.999816463247,4.345507937964578,33.63494539781592,1.3169679728365606,58.321556391667436
2024-11-06,15873.398784478728,4.40345956054231,34.31977559607293,1.3352968676951846,58.85834502103787
2024-11-07,15659.85164580436,4.4035234121465,34.11961057023644,1.3220213259156235,58.50718590635142
2024-11-08,15597.549201633867,4.382473078351281,34.06516895655403,1.322966951355366,58.34571110285927
2024-11-11,15726.298000187779,4.410008449910807,34.45967514787344,1.3329264857759835,58.64331987606798
2024-11-12,15795.554299708014,4.439954789488556,34.795139870019774,1.3378543844777244,58.65404539888857
2024-11-13,15727.15213096246,4.448019569103397,34.67965001411233,1.3372847869037539,58.638630162762254
2024-11-14,15953.498528434446,4.480489888920536,35.020412038355644,1.345770435773284,58.83603911516188
2024-11-15,15883.96484928659,4.470471510913729,34.83038835868846,1.3405461589341396,58.73759803458376
2024-11-18,15857.401440485217,4.4804776345716455,34.83510235026536,1.3443896891584535,58.689347990902206
2024-11-19,15843.751181697862,4.472962752883342,34.52543013802231,1.3389109472490073,58.90905653242579
2024-11-20,15896.648362052641,4.4715016095436475,34.63453891308465,1.3418860064381746,58.96799848513539
2024-11-21,15896.79840395212,4.465038951168536,34.64468934068022,1.3437203116093484,59.01197035911078
2024-11-22,15913.945447560507,4.467537456780638,34.544756050710724,1.347867844794468,58.93968497887054
2024-11-25,15866.498332539302,4.452024773701762,34.560266793711286,1.3461648404001905,59.014768937589324
2024-11-26,15877.903440410568,4.457517582208705,34.60463790153963,1.345086485459038,58.96217449154153
2024-11-27,15862.900009495777,4.442503086126674,34.4952995916817,1.3433672015952902,58.75035609153927
2024-11-28,15874.35021817492,4.446974008726996,34.425156516789976,1.343672927338266,58.69095048377917
2024-11-29,15862.346146563152,4.444991478886574,34.2899072145427,1.340560499905321,58.64324938458625
2024-12-02,15897.801465689541,4.459027315123252,34.45988388693252,1.345579137717712,58.67992766726944
2024-12-03,15933.352359208524,4.470034246575343,34.41971080669711,1.345129375951294,58.584474885844756
2024-12-04,15923.999237514297,4.452535264963782,34.34998093785742,1.3472169271826153,58.247235989325205
2024-12-05,15854.999999999998,4.4275142314990505,34.12998102466793,1.3408918406072106,57.8235294117647
2024-12-06,15824.05254701824,4.419525564691428,33.994896512616954,1.3395709290237217,57.85370002835271
2024-12-09,15878.0469341408,4.42496214988645,33.739591218773654,1.3396101438304315,58.00246025738077
2024-12-10,15873.449225800323,4.428042177258479,33.770304930179535,1.3411228270162439,57.99373040752351
2024-12-11,15932.302274674026,4.433044636908727,33.88502902826687,1.3432949462263253,58.309698296373845
2024-12-12,15963.95005242589,4.4370412734725,33.84996663807073,1.3447717090839768,58.321418358593085
2024-12-13,16020.346073397985,4.449990492489066,34.13481650503898,1.3472142992964442,58.605248146035365
2024-12-16,16022.299485616306,4.452467136597447,34.084587540483895,1.3500666793674985,58.77881501238331
2024-12-17,16138.001333714396,4.466514242164428,34.225016671429934,1.350957416404687,59.036867676478984
2024-12-18,16110.251524390242,4.4699885670731705,34.23494664634146,1.3507050304878048,58.931974085365844
2024-12-19,16313.496873496873,4.505531505531506,34.58008658008657,1.3594035594035594,59.06301106301106
2024-12-20,16230.096246390762,4.507988450433109,34.41482194417709,1.3570741097208854,58.80654475457171
2024-12-23,16181.651111324933,4.490041374001732,34.28461464447224,1.3569710381987878,58.59617049937459
2024-12-24,16203.299663299664,4.486964886964887,34.14045214045213,1.359211159211159,58.47715247715247
2024-12-27,16217.29755630091,4.471490177287973,34.015333013895535,1.35831336847149,58.15333013895543
2024-12-30,16163.347376484106,4.464955955572577,34.1248563768671,1.3563768671007277,57.84278054385293
2024-12-31,16191.048224083166,4.47146019828665,34.34016748483974,1.36336509769949,58.043122533448845
2025-01-02,16206.549752930916,4.478538901269257,34.25540160837128,1.3652746826857862,57.91008623195427
2025-01-03,16218.904748033789,4.5000485484027575,34.44509175648121,1.3703272162345859,58.09787357995922
2025-01-06,16146.854018799155,4.511030117015155,34.36984461922118,1.358910416267025,57.90235948590063
2025-01-07,16159.84797459829,4.487539690176081,34.4751274896565,1.361493312806697,58.09487154815742
2025-01-08,16254.647093136302,4.502527707563679,34.68986972584095,1.3704063776006221,58.51837448959751
2025-01-09,16199.699175157692,4.502959728287239,34.59000485201359,1.3684619116933527,58.49684619116933
2025-01-10,16188.848990683231,4.496506211180125,34.56521739130435,1.3676242236024845,58.46467391304348
2025-01-13,16317.846636595408,4.510001961168856,34.775446165914886,1.3737987840753088,58.68895861933712
2025-01-14,16309.302098584678,4.5050268423621285,34.76037091264032,1.3700341630063446,58.75646656905808
2025-01-15,16381.0,4.499029126213593,34.720388349514565,1.367864077669903,58.599999999999994
2025-01-16,16406.25,4.502531152647975,34.649532710280376,1.3688668224299065,58.56405763239876
2025-01-17,16398.69877646145,4.506020586521655,34.46494464944649,1.367547096523597,58.59098854146436
2025-01-20,16390.199689802248,4.493020550601008,34.25455602946879,1.3645792943001163,58.4858472276076
2025-01-21,16338.44742686106,4.47552380032828,34.064883653567634,1.3592739210196,58.53142801969682
2025-01-22,16210.69616010725,4.436464617447093,33.83510485492675,1.3526764339749116,58.41520635832615
2025-01-23,16239.648212226066,4.443963860053826,34.02537485582468,1.3565936178392926,58.691849288735106
2025-01-24,16138.750954927427,4.377482811306342,33.68029029793736,1.3492169595110772,58.38903743315509
2025-01-27,16151.348528015194,4.378537511870845,33.62013295346629,1.3422602089268756,58.31718898385566
2025-01-28,16224.748104788408,4.3929565300834845,33.87966605891948,1.3517896555033106,58.439689089338835
2025-01-29,16239.899961523663,4.393035782993459,33.76971912273951,1.351577529819161,58.40996537129665
2025-01-30,16247.053734499665,4.3929635682014805,33.695087955397476,1.3503796981639913,58.34182447370951
2025-01-31,16300.59655537381,4.455017800442605,33.5947272202444,1.3558164148946408,58.38737611854133
2025-02-03,16414.804360521703,4.474985400038933,34.000389332295114,1.3649990266692622,58.55363052365193
2025-02-04,16318.597000483793,4.444025157232704,33.80454765360425,1.3560716013546201,58.2699564586357
2025-02-05,16315.198618307428,4.42247169449242,33.57033199002111,1.3483976204183459,57.99270773364037
2025-02-06,16354.999999999998,4.435038610038609,33.83494208494208,1.353957528957529,58.11003861003861
2025-02-07,16317.895345475572,4.440011564035848,33.65519899778356,1.351161221933121,58.003276476823736
2025-02-10,16344.602713178296,4.469961240310078,33.90794573643411,1.353875968992248,58.150193798449614
2025-02-11,16366.999225106549,4.469972878729175,34.11468423091825,1.3555792328554823,58.165439752034096
2025-02-12,16348.746383799424,4.470009643201543,34.10511089681774,1.3530376084860174,58.13982642237223
2025-02-13,16385.495668912416,4.454956689124159,33.904716073147256,1.3506256015399423,58.04812319538018
2025-02-14,16205.697652223707,4.435006680664249,33.630463828974996,1.3410956289368199,57.727619774766175
2025-02-17,16225.551417931827,4.433973073617875,33.71526783156689,1.3415449250453548,58.01298577293994
2025-02-18,16337.302574901889,4.4454867426055324,33.71494208863789,1.3435436010337896,58.242557672058965
2025-02-19,16370.701552616443,4.441537281962813,33.69465209890741,1.342534023385087,58.12823461759632
2025-02-20,16290.14650962367,4.429953078617255,33.61007373360145,1.337355166139998,57.897155989658145
2025-02-21,16318.70043000478,4.418537983755375,33.61968466316292,1.3372193024366938,57.94553272814142
2025-02-24,16285.648767437418,4.410472004586279,33.50468182686796,1.3378559143894515,57.883623160710876
2025-02-25,16348.14708964466,4.4249785653043725,33.70486805754025,1.338191864342193,57.951795751167
2025-02-26,16374.25383808525,4.4290073424239536,33.74463621626776,1.338323638790884,57.91265376180032
2025-02-27,16453.54586236518,4.444497470649996,33.90474372434857,1.3409372912093156,57.87152810919156
2025-02-28,16548.045336663145,4.462491595427913,34.162904620113345,1.3482854672942082,57.97233695130151
2025-03-03,16451.10367892977,4.466029622551362,34.10511227902533,1.3479216435738175,57.7505972288581
2025-03-04,16413.89599317988,4.466515108458842,33.7046509425026,1.3404376243250922,57.58927725679643
2025-03-05,16361.501776697216,4.429493173742286,33.67495792032916,1.337291939405274,57.39947634187396
2025-03-06,16367.951092997408,4.427473138199333,33.71526491293072,1.3326231937754727,57.358280844757324
2025-03-07,16270.046974302291,4.415031776733904,33.635442571612785,1.3307543520309477,57.22483190568296
2025-03-10,16356.846473029045,4.423513139695712,33.79529737206086,1.3311203319502074,57.409866297833105
2025-03-11,16438.25146627566,4.413031524926686,33.77474340175953,1.3320197947214076,57.29288856304986
2025-03-12,16469.99816277788,4.430461142752159,33.85541061914385,1.3344662869740953,57.36634209075877
2025-03-13,16435.34626038781,4.438042474607571,33.855032317636194,1.3373961218836565,57.468144044321335
2025-03-14,16357.452474974747,4.446505647901552,33.665166681972636,1.334925153824961,57.279823675268624
2025-03-17,16379.400165092175,4.445015133449509,33.624690452169126,1.331926992570852,57.30441162982665
2025-03-18,16512.40153874336,4.445044880014654,33.56475544971606,1.3321121084447698,57.282469316724665
2025-03-19,16525.70432229054,4.435991557309351,33.624850876387995,1.3330274387446086,57.21850050472607
2025-03-20,16509.554140127388,4.426013108095634,33.8050401550817,1.3362872703775501,57.239915074309984
2025-03-21,16511.203472799483,4.420984575598042,33.85517687263323,1.33481112034728,57.26794125796619
2025-03-24,16559.247967479674,4.434035476718404,33.874722838137465,1.3377679231337767,57.3420177383592
2025-03-25,16565.053117782907,4.436027713625865,33.84480369515011,1.335704387990762,57.529792147806006
2025-03-26,16612.90322580645,4.42945865776789,33.974786800148316,1.3384315906562847,57.71227289581016
2025-03-27,16585.303662494203,4.431525266573945,33.87019007881317,1.339823829392675,57.404728789986095
2025-03-28,16587.496526813004,4.43752894322497,33.957580809484114,1.3412058905251456,57.374270630730756
2025-03-31,16637.050392972724,4.437540453074434,33.93989828941286,1.3424872861766066,57.252889505316695
2025-04-01,16743.04783092325,4.437523173896923,34.15461624026696,1.3433444568038562,57.28031145717463
2025-04-02,16715.99555678978,4.454040544293251,34.184948625381836,1.3429602888086642,57.211885587336845
2025-04-03,16714.34621969902,4.442011354420114,34.28494187618276,1.334054248896098,57.037938181490496
2025-04-04,16958.25269060324,4.437008230080492,34.180157366374246,1.3388803472913087,57.24337523740617
2025-04-07,16952.00145892222,4.479985410777788,34.50989331631258,1.3464940275371569,57.39035287681225
2025-04-08,16915.85388127854,4.490958904109589,34.69041095890411,1.3484931506849314,57.32968036529681
2025-04-09,16944.599366229064,4.495971027614305,34.505205975554546,1.3474875509280217,57.43866002716161
2025-04-10,16834.154484750045,4.467966071106297,34.06966251579137,1.3364013715935752,57.34614690489081
2025-04-11,16855.20007050943,4.422527763088313,33.55543803983783,1.3213467301251542,57.065044949762026
2025-04-14,16810.35422343324,4.4149600070317305,33.555418827458915,1.3159005010108114,57.01678825700976
2025-04-15,16853.320381490637,4.418403391027905,33.58000706464147,1.3171140939597314,56.99134581419993
2025-04-16,16798.59973579921,4.410479964773228,33.21532364597094,1.314487010127697,56.73359753412594
2025-04-17,16868.248239436623,4.407482394366197,33.274647887323944,1.3120598591549297,56.6786971830986
2025-04-22,16842.201115371212,4.391512722202858,33.234576507493905,1.3080341582432904,56.60770303241547
2025-04-23,16875.75120455541,4.390976784932107,33.364870784056066,1.3106438896189225,56.55716162943496
2025-04-24,16851.898734177215,4.372978199718706,33.439697609001406,1.3118846694796062,56.453938115330516
2025-04-25,16853.70256229638,4.374042440785419,33.53966716562473,1.3146077309148545,56.28070793343313
2025-04-28,16811.947525972882,4.363004050008804,33.590420848740976,1.3138756823384399,56.359394259552744
2025-04-29,16758.348720654183,4.327530115185088,33.439725666051174,1.3095928954541458,56.09953398399719
2025-04-30,16620.047480875757,4.314956475863888,33.42038160555702,1.3065154312846214,55.86740525806735
2025-05-02,16443.700960945076,4.261482852860795,33.03535219959446,1.2954244908754298,55.548796614652204
2025-05-05,16433.897557965265,4.200035264039496,32.910164859384636,1.2888124834699815,55.641364718328475
2025-05-06,16417.253863134658,4.232494481236203,32.63487858719647,1.2891832229580573,55.659161147902864
2025-05-07,16516.602112676057,4.23899647887324,32.699823943661976,1.29137323943662,55.360035211267615
2025-05-08,16501.354341860675,4.280959546782332,32.81490661237497,1.2963618659821192,55.680269097990625
2025-05-09,16536.251333096337,4.2970138642019196,33.00035549235691,1.2975471027372911,55.46836118023462
2025-05-12,16659.20223302719,4.296956600036016,33.48460291734198,1.3062308661984514,55.722132180803165
2025-05-13,16660.403167746583,4.322534197264219,33.2451403887689,1.3049856011519079,55.809935205183585
2025-05-14,16535.50026752274,4.2899946495452115,33.27537007312288,1.2986445514535403,55.858747993579456
2025-05-15,16525.301743406348,4.282968261063925,33.315154224407685,1.2988824318283416,55.81850692892266
2025-05-16,16462.05109880293,4.296498123994997,33.390209040557444,1.2988207968554584,55.71020189387172
2025-05-19,16455.09678565086,4.290978511809625,33.055407565263714,1.2943526904635054,55.6979222163026
2025-05-20,16423.396494973756,4.29899475135664,33.060225958544606,1.29597010942087,55.75482608308869
2025-05-21,16329.652857521418,4.270029149368431,32.79038954155993,1.2899037187527602,55.638194505785705
2025-05-22,16334.751083208064,4.275002210628703,32.810151207003265,1.2910955875851091,55.66186223361924
2025-05-23,16266.595876471109,4.231041500752146,32.54490753030705,1.28793912043182,55.33227148039996
2025-05-26,16252.148317371059,4.218961426939637,32.590282049029085,1.2837184781653634,55.43361743256305
2025-05-27,16282.502641775274,4.238992603029236,32.78002817893625,1.287689327227897,55.53628038041564
2025-05-28,16319.952284174253,4.224971282141911,32.66501723071485,1.2889458337015112,55.49615622514801
2025-05-29,16298.25370091304,4.244038649055934,32.70543391543303,1.2895133410158675,55.70250864285081
2025-05-30,16332.948231766472,4.256460005291472,32.8450480642032,1.2905018079195698,55.74477467148779
2025-06-02,16274.954023995097,4.256502320693581,32.544881338120675,1.2861021105175585,55.65548646991856
2025-06-03,16318.75109783945,4.245037765677147,32.599683822237836,1.2887756894431759,55.68417354646056
2025-06-04,16313.949402670412,4.247013352073085,32.71521433591005,1.289353478566409,55.779163738580465
2025-06-05,16255.397006040444,4.2299746126236535,32.515101111792,1.2847763284601241,55.60273133152411
2025-06-06,16313.749890456576,4.230479362019104,32.6097625098589,1.2867408640785207,55.762860397861715
2025-06-09,16289.000876424188,4.231989482909729,32.70464504820333,1.2862401402278703,55.817703768624014
2025-06-10,16265.150056872866,4.23554116720623,32.639776008399686,1.285764283839356,55.83953101758684
2025-06-11,16282.09568792093,4.237470480188927,32.685209481325984,1.2869762966850347,55.86022916120004
2025-06-12,16221.252371916507,4.220976367086424,32.400379506641364,1.2789373814041745,55.7262377091599
2025-06-13,16316.600069492702,4.2454829742877,32.4452744961779,1.2836170952050034,56.20743571924948
2025-06-16,16287.549680317954,4.240539139450493,32.48487990323138,1.2801105927077934,56.34612061517194
2025-06-17,16297.052213001383,4.245504840940526,32.514695712309816,1.2808609958506223,56.3131051175657
2025-06-18,16361.001042752869,4.250521376433785,32.62513034410845,1.2849322210636078,57.2254084115398
2025-06-19,16383.899634082592,4.2599756055061855,32.78532845443457,1.2882906429691583,57.38107684265552
2025-06-20,16404.003473729917,4.252540165002171,32.79027355623101,1.285019539730786,57.16977854971776
2025-06-23,16502.301255230126,4.294979079497908,32.9602510460251,1.2926255230125523,57.61419107391911
2025-06-24,16323.899371069183,4.243990695270096,32.675109847505816,1.2798311363832169,57.11036443525458
2025-06-25,16308.09622348681,4.238489394723229,32.63493705811347,1.2806518365235386,56.728746335575096
2025-06-26,16237.400598546386,4.228986746472851,32.509619495510904,1.2755878580589997,56.595981188542105
2025-06-27,16213.251879699248,4.228981544771019,32.62474367737525,1.2758885850991113,56.55844155844155
2025-06-30,16229.547781569965,4.212030716723549,32.52986348122867,1.2748293515358362,56.451365187713314
2025-07-01,16202.997459779848,4.197459779847587,32.380186282811174,1.2708721422523284,56.32938187976291
2025-07-02,16239.04721395151,4.229008932369204,32.43981284559762,1.2745214802211824,56.369204593789874
2025-07-03,16220.802919708029,4.222967238159906,32.39008657273808,1.2733831268035987,56.33508742149041
2025-07-04,16194.102150080733,4.221041896830117,32.339593779213054,1.274071556046571,56.54967281380131
2025-07-07,16251.850272851294,4.234993178717599,32.58526603001364,1.2788199181446112,56.65842428376534
2025-07-08,16272.751322751323,4.24099675712579,32.53541559993173,1.2793138760880698,56.49172213688343
2025-07-09,16261.446401094205,4.250470165840315,32.7252521798598,1.281330141904599,56.57120875363311
2025-07-10,16237.253394824495,4.2475019215987695,32.615082415236145,1.2801263984968827,56.53428986249893
2025-07-11,16216.297183942483,4.252503637764273,32.45998459299838,1.280578618505521,56.48634768467004
2025-07-14,16274.747647562019,4.252523524379812,32.4251497005988,1.2808383233532934,56.67236954662104
2025-07-15,16262.948992713244,4.242006000857264,32.474924989284176,1.28204029147021,56.69524217745392
2025-07-16,16296.104119979316,4.244957765902431,32.54007929667299,1.285123254611274,57.09619031201517
2025-07-17,16349.848864323347,4.24648069781501,32.539943000259086,1.287157785646429,57.26919423093531
2025-07-18,16305.201716738198,4.242489270386266,32.35021459227468,1.2826609442060084,57.022317596566516
2025-07-21,16314.802434216164,4.235536127539213,32.31507671209393,1.2809634010456843,57.152652781349104
2025-07-22,16315.497051030003,4.231472775450894,32.23523378066502,1.2813915719292248,56.96042396786051
2025-07-23,16295.403377110695,4.227528568991984,32.155040081869345,1.2772471431008017,56.795156063448744
2025-07-24,16293.64579789044,4.2154644436883295,32.27033004423273,1.2768798911194286,56.66042871725077
2025-07-25,16337.401910610712,4.221511429546229,32.37035141589901,1.2811327192084612,57.123848515864886
2025-07-28,16376.600308906814,4.230993650248841,32.394885876094044,1.2842800755105543,57.219838681997594
2025-07-29,16412.19977455996,4.234457643284489,32.474637995317785,1.2886499609815312,57.35628197346744
2025-07-30,16411.45137503253,4.239958358636246,32.49501171163355,1.2895809837772185,57.55790752147132
2025-07-31,16497.352786999825,4.26498340031452,32.675170365193075,1.2969596365542546,58.334789446094696
2025-08-01,16519.703612767447,4.2775341985268325,32.84987723605752,1.2987548228691688,58.15240266573131
2025-08-04,16372.952875054041,4.237527021184608,32.409857328145264,1.2874189364461737,57.34976221357544
2025-08-05,16379.94976615278,4.227524683873202,32.43460938853282,1.2883249610254632,57.66412610427853
2025-08-06,16357.902447431918,4.230006894174422,32.380213719407095,1.2864529472595654,57.48534987935194
2025-08-07,16309.748346646054,4.233960319505282,32.33530876921756,1.2842051017778926,57.200034355406686
2025-08-08,16260.800137362638,4.240041208791208,32.37036401098901,1.2851133241758241,56.911916208791204
2025-08-11,16309.903631044572,4.233522629495784,32.42471175357081,1.2864395112717262,57.0538633625882
2025-08-12,16311.502671032225,4.231001206272617,32.465104256419096,1.2864897466827503,57.08857487506462
2025-08-13,16128.75074716079,4.2074972248313545,32.29015455554607,1.2799931688156434,56.647596277004524
2025-08-14,16104.396920444824,4.2124893071000855,32.38494439692044,1.2810094097519247,56.88964927288281
2025-08-15,16183.196440793974,4.213039014373717,32.42984257357974,1.2823408624229977,57.103867214236814
2025-08-18,16220.50029983723,4.222479225563266,32.47494217424827,1.2826180073674291,56.987920842970965
2025-08-19,16255.452833418936,4.223506248929978,32.50470809792844,1.283085088169834,57.14774867317241
2025-08-20,16281.546648356365,4.2259891854776415,32.54999570852287,1.285211569822333,57.025148055960855
2025-08-21,16316.848526505715,4.224503823352522,32.635106108772234,1.2873099063493427,57.093392903170376
2025-08-22,16373.854238456237,4.227515506547209,32.64042039972433,1.2884217780840799,56.935733976567874
2025-08-25,16244.849106608532,4.207489099769171,32.43481234504574,1.283149525519364,56.658117466016925
2025-08-26,16313.20350034317,4.21551132463967,32.45024021962937,1.2849176389842143,56.96207961564859
2025-08-27,16422.798240317432,4.234969378072975,32.47476925731045,1.2889674803760889,57.25437764168032
2025-08-28,16321.70263788969,4.2170263788968825,32.33470366563892,1.2829736211031175,56.984412470023976
2025-08-29,16475.69909075313,4.224995711099675,32.38977526162292,1.2855549837021787,57.20277920741122
2025-09-01,16431.3017498933,4.225010670081093,32.30473751600512,1.2838241570635938,57.17883055911225
2025-09-02,16409.299330242142,4.2300360638845955,32.37506439979392,1.2885110767645542,57.32612055641422
2025-09-03,16451.15420921651,4.227495065648331,32.32472324723247,1.2885093967218741,57.31313824766155
2025-09-04,16445.754271486217,4.225036490083283,32.30531467330643,1.2890014596033312,57.09882373143299
2025-09-05,16420.449687954177,4.225014961101137,32.17491664529366,1.28622723775327,56.84363512011627
2025-09-08,16526.20225102319,4.217513642564802,31.775238744884035,1.2842769440654842,56.74880627557981
2025-09-09,16423.203337874656,4.205977520435967,31.690224795640322,1.2814202997275201,56.89799046321525
2025-09-10,16486.751516186898,4.214999572905099,31.780131545229345,1.2827368241223198,57.12394294012129
2025-09-11,16483.953786906288,4.221994009413778,31.825417201540436,1.2849807445442876,57.17757809157038
2025-09-12,16438.45366103431,4.204983785628947,31.745178358081585,1.2836661546338966,57.12834954770439
2025-09-15,16418.697943226245,4.2049974502804695,31.8595954445011,1.2807241203467616,57.17491075981642
2025-09-16,16408.198526297958,4.2049631574489705,31.715084272042006,1.277970695350216,56.92131786228508
2025-09-17,16463.048069612236,4.188476810002535,31.745374672636647,1.2765903522852076,56.85562220157134
2025-09-18,16544.897613809444,4.195972245726858,31.825181925875782,1.2798273819597226,57.066339482145885
2025-09-19,16650.94580777096,4.206970006816633,31.884798909338787,1.2850204498977504,57.11656441717791
2025-09-22,16582.30201171378,4.202529496647144,31.774891774891774,1.282828282828283,56.89160512689925
2025-09-23,16653.853981175274,4.198507589247859,31.859577715594,1.2835580429068092,57.259391164249976
2025-09-24,16698.400816604288,4.21002041510718,32.02534875808098,1.2868322558693432,57.475331745491665
2025-09-25,16783.950932788142,4.210494931425164,32.185024278047536,1.2890365448504986,58.181276088252844
2025-09-26,16709.047292666208,4.2214701850582586,32.26525017135024,1.2935229609321452,58.159698423577794
2025-09-29,16670.800989507807,4.2149620404333366,32.23492280133072,1.290454661775996,58.17538172822657
2025-09-30,16675.70053658121,4.208500127757432,32.440166936376805,1.2899241972574738,58.2360957329018
2025-10-01,16632.002729443873,4.207523029682702,32.384851586489255,1.289150460593654,58.12521323780279
2025-10-02,16615.501106006468,4.205461970393058,32.30985196528841,1.2869661391866598,58.11978900799727
2025-10-03,16564.453724220213,4.208027952957218,32.39475029827851,1.2893301516959264,57.91290267598432
2025-10-06,16615.39647199863,4.21501969515328,32.42507278643603,1.2933721527658846,58.32762459325227
2025-10-07,16570.70118292474,4.214469398251328,32.512429281673235,1.2930738899365677,58.13217898165608
2025-10-08,16595.200825664404,4.217768985980906,32.53117743183968,1.2954330437774146,58.018405435623976
2025-10-09,16559.8484196021,4.216002067005426,32.569976746188956,1.2960124020325552,58.18017397295667
2025-10-10,16589.652489626555,4.225017289073306,32.704875518672196,1.2975449515905946,58.280601659751035
2025-10-13,16582.453107442303,4.2276774137782,32.544731610337976,1.2987293629527183,58.289394070360444
2025-10-14,16629.749848524192,4.229983554055224,32.80965982861594,1.301566692633948,58.24288063706396
2025-10-15,16602.546893822062,4.231973842712098,32.56496300120462,1.296420581655481,58.14833935639305
2025-10-16,16606.996308696027,4.227487337968924,32.54013220018886,1.2961627607519959,58.066786848656534
2025-10-17,16578.751819193563,4.2260080472562285,32.76517421453643,1.2948377707388066,58.15512370516223
2025-10-20,16562.496782496783,4.225997425997426,32.6949806949807,1.2945516945516946,58.17074217074217
2025-10-21,16604.350822779354,4.22899974153528,32.8000344619626,1.2975790471267339,58.379426208322556
2025-10-22,16618.624320359024,4.212738413739536,32.88771899542591,1.2990420298610512,58.235091050315006
2025-10-23,16624.68731130855,4.229017510566721,32.8034158543949,1.2995773311481065,58.621581989131364
2025-10-24,16608.000344471235,4.222959007922838,32.75490871512228,1.2994316224595246,58.63158801240096
2025-10-27,16618.40206185567,4.209965635738832,32.675257731958766,1.2962199312714777,58.884879725085916
2025-10-28,16615.296646603612,4.197506448839209,32.465176268271705,1.2962166809974205,59.1865864144454
2025-10-29,16562.701959436232,4.188466827088347,32.29460295634239,1.2944310759711242,58.71089721553799
2025-10-30,16665.800865800866,4.2,32.47012987012987,1.3027705627705626,58.94458874458875
2025-10-31,16661.900640470834,4.187986844382897,32.32473602215683,1.3016271421152847,58.711268824649466
2025-11-03,16710.300503734587,4.199496265416015,32.475247524752476,1.3038909154073304,58.84835852006253
2025-11-04,16720.99904272909,4.197458880863284,32.53502741275781,1.3064137150813682,58.61282743016274
2025-11-05,16703.950574312566,4.191524538809607,32.52001392272886,1.3068221371388793,58.79916463626871
2025-11-06,16677.152518858926,4.183039972253534,32.349778895343796,1.3041706407699645,58.820775166912334
2025-11-07,16697.3964189949,4.176022835394862,32.3397629962806,1.3020499956751148,59.146267623907974
2025-11-10,16692.19600725953,4.159968887736583,32.335148215366,1.3027396076397892,58.94391150289516
2025-11-11,16727.645788336933,4.139006479481641,32.43023758099352,1.3016846652267817,58.967602591792655
2025-11-12,16760.29716655149,4.136489288182447,32.455079474775395,1.3027816171389082,59.15342087076711
2025-11-13,16711.44676822446,4.129012823823049,32.310009467251916,1.3003700834839487,58.884585592563916
2025-11-14,16702.747252747253,4.132469093406593,32.40041208791209,1.2988495879120878,58.975789835164825
2025-11-17,16735.348917450185,4.150004312947468,32.46959372034849,1.3024238764771845,58.962304839127064
2025-11-18,16756.100086281276,4.164020707506471,32.415012942191545,1.3022433132010354,58.82830025884383
2025-11-19,16717.896917896916,4.1499611499611495,32.43460243460243,1.303979970646637,58.88457221790555
2025-11-20,16748.896994962655,4.15650512419663,32.42487406635401,1.3075386486017024,59.04811533784957
2025-11-21,16717.75173611111,4.148958333333334,32.44965277777778,1.3077256944444444,58.86892361111111
2025-11-24,16632.952182952184,4.132882882882883,32.40211365211365,1.3016285516285515,58.73527373527373
2025-11-25,16609.150722881135,4.134533806596831,32.28465067959484,1.301878625227253,58.846853086312876
2025-11-26,16649.002332210417,4.13595922950678,32.214736114710206,1.2981774207480348,58.82612075667271
2025-11-27,16639.996547557395,4.131969618505092,32.225099257724835,1.2980321077162091,58.768341101329185
2025-11-28,16660.098564758773,4.132457202144216,32.1952273906277,1.2975964032509077,58.66591734393912
2025-12-01,16589.99656534432,4.131032114030568,31.930276489781896,1.2935771938863128,58.4835995191482
2025-12-02,16624.900981573963,4.132512484931979,32.01480971241605,1.2977441019459275,58.67057000172206
2025-12-03,16623.003085361674,4.1229859444634895,31.889784024682893,1.2942235173123071,58.96468974974288
2025-12-04,16654.851705811758,4.112034973427053,32.05468883936225,1.2956454654551688,59.03308760500599
2025-12-05,16671.24946328896,4.111034778875053,31.854873336195787,1.295319879776728,59.011592958351216
2025-12-08,16693.247533247533,4.112998712998714,31.849849849849853,1.296181896181896,59.13341913341914
2025-12-09,16673.65300335138,4.11497808713586,31.855289163873852,1.2968118930995962,59.33058348371574
2025-12-10,16683.29895134949,4.118016159532405,31.844593433041087,1.2961148358260273,59.28485473611827
2025-12-11,16675.951852484206,4.1100392692504695,31.744920607819704,1.293068123612771,59.00204883045927
2025-12-12,16652.399624925412,4.100502940925752,31.540363140397236,1.2916204927116188,59.05805131702328
2025-12-15,16682.60018718625,4.092487024589467,31.475367991151195,1.2888624181060153,58.96366885050625
2025-12-16,16665.497622282608,4.085512907608695,31.480129076086957,1.2887228260869565,58.635360054347835
2025-12-17,16691.904111926295,4.088466132059376,31.51509981231872,1.2917590854802936,58.66916908377411
2025-12-18,16717.34789657821,4.086014165031147,31.4549022954177,1.2909804590835396,58.606536393890266
2025-12-19,16735.502049180326,4.077015027322404,31.460040983606554,1.2929474043715847,58.69706284153005
2025-12-22,16775.998297147722,4.077990634312473,31.1502767134951,1.2899106002554277,58.716900808854824
2025-12-23,16786.865772950958,4.063974206685898,31.1097912777872,1.2856779229594433,58.82402850839979
2025-12-24,16747.501484686516,4.044964791719691,31.045219309408672,1.2840417409009925,58.76728599304318
2025-12-29,16771.05218425973,4.060003399626041,31.43974162842087,1.2852286248512663,58.864524902260754
2025-12-30,16765.348303138555,4.047035808454537,31.415327039210684,1.2839159649570469,58.82963340988347
2025-12-31,16715.600000000002,4.058042553191489,31.67489361702128,1.2855319148936168,58.94978723404255
2026-01-02,16716.201689275662,4.054005630918864,31.389813155874077,1.2863236925177033,58.84736797201604
2026-01-05,16739.4975994513,4.072530864197531,31.375171467764055,1.287551440329218,59.079218106995874
2026-01-06,16770.0008541898,4.0469804390535575,31.270180234048002,1.2799179977791064,59.20987443409925
2026-01-07,16768.247175624783,4.0580280725778834,31.330023964395753,1.28141047586443,59.316158849709005
2026-01-08,16835.845824411135,4.0625267665952896,31.54004282655246,1.2843683083511779,59.16316916488222
2026-01-09,16859.85225906202,4.073526885414878,31.46538395464697,1.2870640783370555,59.21233465040372
2026-01-12,16893.003763256926,4.062521382141635,31.22476907287034,1.2845535408826547,59.33971946630174
2026-01-13,16863.60048052171,4.057490990217951,31.475030032606828,1.2876265659859276,59.45683885361249
2026-01-14,16871.453094155007,4.047978714273453,31.47540983606557,1.2880439447257745,59.46442365462192
2026-01-15,16896.902959394356,4.056262904335856,31.395388850653816,1.287766689607708,59.51651754989676
2026-01-16,16918.102780408022,4.057501936816734,31.449599724541617,1.2879400878023586,59.39140914177499
2026-01-19,16973.200928553004,4.055025363253375,31.255266099217607,1.2850141862264637,59.44372796836041
2026-01-20,16946.14597544338,4.0544849931787175,31.084583901773534,1.2828274215552522,59.28291268758527
2026-01-21,16910.750489820257,4.047022744697164,31.067382230172928,1.2816253513927933,59.23588039867111
2026-01-22,16874.995728686143,4.03997949769349,31.33008713480266,1.2836152400478387,59.13804886383051
2026-01-23,16823.258388690174,4.005535683869869,31.165048543689323,1.2788281383069324,59.07681825924033
2026-01-26,16777.29807367354,3.9655288948969245,31.149881716796216,1.2710375126732003,59.15596485299087
2026-01-27,16715.56710537346,3.952468773576997,31.035292145192386,1.2654874675161372,59.044345712130095
2026-01-28,16742.107900450977,3.91899114748622,31.109904793719725,1.2617337564723567,58.75480207115416
2026-01-29,16782.25267379679,3.9274732620320854,31.199866310160427,1.26403743315508,58.99565508021389
2026-01-30,16788.321167883212,3.9469754174007887,31.424616159073747,1.267807701988422,58.906787482171325
2026-02-02,16798.986486486487,3.9419763513513515,31.614864864864867,1.2715371621621623,58.91385135135136
2026-02-03,16769.765274129313,3.932463350563512,31.56512159986442,1.2705702906533345,59.089907634946194
2026-02-04,16793.57021996616,3.931979695431472,31.632825719120138,1.2713197969543146,58.98561759729273
2026-02-05,16867.26563824377,3.9470249194778777,31.77487709781319,1.2731818952364808,58.73792168164096
2026-02-06,16872.986264202136,3.9475156859420046,31.59996608444972,1.2731897575038156,58.54417500423944
2026-02-09,16826.518593303044,3.934460710079084,31.175332323742214,1.2676257782264848,58.485613326602724
2026-02-10,16786.615100050447,3.9234908357154867,31.235076509164287,1.2662687069110476,58.52110307718178
2026-02-11,16800.0,3.915042016806723,31.084873949579833,1.2627731092436976,58.27478991596639
2026-02-12,16829.998315647634,3.902475997978777,30.999663129526695,1.2619167929930941,58.02088596934479
2026-02-13,16822.99780812679,3.9075198111616936,31.07486090035407,1.2638678131849606,57.85702242454898
2026-02-16,16818.220160269928,3.900042176296921,31.094896668072543,1.262083509067904,57.96878954027836
2026-02-17,16829.003889734482,3.8999661762218834,31.304752240825298,1.2638254693049211,57.83443260612209
2026-02-18,16884.76150274377,3.9000422119037568,31.25031658927817,1.2639088222878851,57.87336428872942
2026-02-19,16918.19960861057,3.908533991321365,31.2447885646218,1.2691227771632774,58.0490087637199
2026-02-20,16888.64621398827,3.903033908387864,31.205065012322596,1.2688875669244497,58.152460270247296
2026-02-23,16822.199592668025,3.891038696537679,31.025118805159543,1.266378139850645,57.63153428377461
2026-02-24,16832.453086524583,3.894030737878917,31.05459794514732,1.267300670799015,57.762588095440265
2026-02-25,16814.197216564833,3.891038696537679,31.094704684317723,1.2649355057705365,57.56109979633401
2026-02-26,16767.59776536313,3.8859827323514478,31.059759607245642,1.2630777044184864,57.62061960385982
2026-02-27,16801.101228293097,3.8909783989834814,31.0851334180432,1.2657348581109698,57.6831850910631
2026-03-02,16876.696871260046,3.926996067703881,31.50965977090101,1.2737220037613268,58.244999145153024
2026-03-03,16894.5459245218,3.9459762191969667,31.76029639841461,1.2780458383594693,58.463725659141815
2026-03-04,16854.59696111254,3.94154004635591,31.47995536097519,1.2742724697398917,58.4693965147223
2026-03-05,16908.848338784646,3.9430194525735933,31.66465828886211,1.2772422103632295,58.62454811499398
2026-03-06,16973.49710232679,3.946025430326097,31.974742669319266,1.2810310526771043,59.27255427731166
2026-03-09,16941.20294244916,3.962959757680658,32.07009952401558,1.2801384681955865,59.523150151449585
2026-03-10,16866.300146035566,3.9250064427454685,31.625289923546088,1.2722274718666784,59.01812559058501
2026-03-11,16898.247128918058,3.916501165702444,31.764959848026944,1.2742422934116227,59.253950436059064
2026-03-12,16885.849138304322,3.926994024421928,31.93470165410929,1.2753096042262058,59.428422967004416
2026-03-13,16900.548971767166,3.9384803067270826,32.200243987452076,1.27962704775183,59.51638201463925
2026-03-16,16964.845791949818,3.9304756926293782,32.36016727652901,1.278619968635651,59.748213974560024
2026-03-17,16958.000173445496,3.917960280981702,32.31983349232504,1.2768190096262249,59.558581215852925
2026-03-18,16994.0,3.9165217391304346,32.665217391304346,1.2812173913043479,60.0008695652174
2026-03-19,16960.196709896423,3.939333275306815,32.905387762207326,1.2833144747149445,60.154930803377134
2026-03-20,16925.400259627866,3.939506707053224,32.75984422327996,1.280225010817828,59.87018606663783
2026-03-23,16896.352190410485,3.9394618834080717,32.25508796136599,1.2755260434632634,59.64298033804761
2026-03-24,16890.597995160733,3.9565330107155203,32.6598686484618,1.2805910819218804,59.96802627030763
2026-03-25,16858.100414078675,3.9649758454106276,32.58971704623878,1.2792443064182195,60.06383712905453
2026-03-26,16917.69650749632,3.994020279053644,32.89973134587053,1.2844267267527516,60.21492330357917
2026-03-27,16982.747243205697,4.01302422505861,32.95042111661023,1.2877485456282018,60.564383085873054
2026-03-30,17017.502612330198,4.028039010797631,32.85527690700104,1.2897944966910484,60.7088122605364
2026-03-31,16964.898243172727,4.048965037397808,32.75961036702036,1.288137067316055,60.688815446164554
2026-04-01,16914.554071520895,4.02697113313227,32.510124946143904,1.2817750969409736,60.185264971994826
2026-04-02,17010.646420824294,4.0389587852494575,32.76529284164859,1.287114967462039,60.61605206073752
2026-04-07,17070.14796227395,4.030976897118629,32.60967379077615,1.2846759539672925,60.247469066366705
2026-04-08,16976.30275072612,3.975995216128481,31.8751067828464,1.2728515291303604,59.397744746283955
2026-04-09,17097.252888318355,3.982969619169875,32.09499358151476,1.2743688489516474,59.805733846812146
2026-04-10,17095.25232687217,3.964990180172487,32.09973529160618,1.2739304926991717,59.84800614806591
2026-04-13,17187.649777473467,3.9750085587127693,32.29031153714481,1.2762752482026702,60.2156795617939
2026-04-14,17131.05231917239,3.9509878741626387,32.045281098957005,1.2713474094802002,59.84736708216739
2026-04-15,17154.100169779285,3.955008488964346,32.09507640067912,1.2725806451612904,60.096774193548384
2026-04-16,17139.50093362757,3.9539976234934646,31.985231709387204,1.2718553726022748,59.97793243931421
2026-04-17,17180.198355514112,3.952530304314656,32.07510383995931,1.2722726116809357,60.070356870390775
2026-04-20,17129.600340136054,3.952465986394558,32.07482993197279,1.2714285714285716,59.8732993197279
2026-04-21,17127.60261748959,3.950964561910427,32.0353531061443,1.2714370697713946,59.83428231494858
2026-04-22,17199.249978692576,3.9525270604278533,32.20489218443706,1.2737577772095798,60.15341344924572
2026-04-23,17276.800068411154,3.9634855481443476,32.35505387378142,1.275782452539764,60.41645288181974
2026-04-24,17243.647540983606,3.9649931693989067,32.37534153005464,1.2763831967213113,60.65488387978142
2026-04-27,17208.851817175928,3.952506596306068,32.29721678440718,1.2727891735466847,60.758362413822454
2026-04-28,17284.597602739726,3.9519691780821917,32.55479452054795,1.2782534246575343,61.284246575342465
2026-04-29,17348.65026482146,3.952502989919699,32.65504869297796,1.2772936955407483,61.60174269605331
2026-04-30,17345.701589471886,3.970005127328662,32.54486412579047,1.276192103913861,61.45787044949582
2026-05-04,17409.0,3.952991452991453,32.62478632478633,1.2758119658119658,61.64358974358975
2026-05-05,17453.303097723772,3.9625192538079754,32.63991100462091,1.277169262365223,61.60790689714188
2026-05-06,17328.251997959534,3.925012752933175,32.18500255058664,1.2682366944397212,60.75752423057303
2026-05-07,17298.453695836874,3.9100254885301613,32.14528462192013,1.2657604078164826,60.37468139337299
2026-05-08,17365.94677323357,3.9210101181872297,32.222600119037494,1.2678343678258652,60.484652665589664
2026-05-11,17424.59838504037,3.9224819379515505,32.41478963025924,1.2696982575435614,60.929026774330644
2026-05-12,17497.19713750213,3.933975123530414,32.42034418129153,1.2725336513886523,61.46873402623957
2026-05-13,17496.34656423389,3.9305164319248824,32.33461374306445,1.272215108834827,61.39564660691421
2026-05-14,17464.99743633567,3.931464706887712,32.3149888907879,1.273372073149889,61.526234831652715
2026-05-15,17588.699690402475,3.9509803921568625,32.67027863777089,1.2800137598899208,61.694186446508425
2026-05-18,17683.052884615383,3.9769917582417578,32.59529532967033,1.2787603021978022,61.685267857142854
2026-05-19,17743.046471600686,3.9775387263339073,32.66006884681584,1.2811531841652324,61.721170395869194
2026-05-20,17700.55172413793,3.97,32.675000000000004,1.280344827586207,61.69655172413793
2026-05-21,17677.4032244159,3.962496766962669,32.68471419949996,1.2801103543408914,61.597551513061475
2026-05-22,17694.2992669254,3.968003449762829,32.66494178525227,1.2803794739111685,61.6213885295386
2026-05-25,17734.252340462084,3.95250365026196,32.47960147728249,1.2774199089581724,61.285751095078595
2026-05-26,17834.80316314251,3.965016331442324,32.66030599965618,1.277806429430978,61.549767921609075
2026-05-27,17837.200309358082,3.965025350176162,32.62009108876858,1.2777348113775029,61.45484231331099
2026-05-28,17851.002840664543,3.977963329603168,32.70035293104932,1.2795902556598089,61.55633984677628
2026-05-29,17816.248711782893,3.9649604946753687,32.519752662315355,1.2770525592579869,61.57162487117829
2026-06-01,17834.99914133608,3.964966512107161,32.555383822771766,1.2777777777777777,61.75167439464193
2026-06-02,17827.650442098035,3.9649755343806334,32.58477122499785,1.2783929951068762,61.6636621169199
2026-06-03,17961.701394868265,3.994489409333563,32.72515929051145,1.282073359738247,61.76769416221801
2026-06-04,18025.953608247422,4.012972508591066,32.60223367697594,1.2825601374570446,61.58676975945017
2026-06-05,18070.498281786942,4.0280068728522345,32.634879725085916,1.2834192439862544,61.45360824742268
2026-06-08,18150.45060658579,4.073483535528597,32.76516464471404,1.287261698440208,61.69237435008666
2026-06-09,17950.246262853194,4.061004061176877,32.82986261125033,1.2851464615916357,61.485353840836424
2026-06-10,17909.80154259468,4.0700233989080505,32.95519542421354,1.2883265447612444,61.384868706127044
2026-06-11,17973.996706249458,4.067001820230563,32.94964028776979,1.2877697841726619,61.333102192944445
2026-06-12,17787.447047635516,4.057491138583902,32.74487766923143,1.2841704850004323,60.78931442897899
2026-06-15,17719.548548289826,4.050486775221848,32.55018523304902,1.282157318859309,60.332557939174634
2026-06-16,17721.649128859754,4.067966189408315,32.51509401414525,1.2822149387614283,60.31136794893911
2026-06-17,17803.054093693383,4.067983780519369,32.61495988266759,1.283409541885946,60.43827107238375
2026-06-18,17875.499520111684,4.117529011430068,32.790332431724984,1.290899572463136,60.633452578309054
2026-06-19,17808.10150867707,4.137001831342112,32.86038196564053,1.291008982297026,60.73515304787651
2026-06-22,17837.596019553075,4.1490048882681565,32.91026536312849,1.2927723463687153,61.03701117318437
2026-06-23,17921.45365168539,4.140537219101123,33.19961376404494,1.2959094101123596,61.05249297752809
2026-06-24,17977.04585537919,4.1380070546737215,33.430335097001766,1.298236331569665,61.38007054673722
2026-06-25,17982.1019220596,4.117527772879562,33.399753129959436,1.2977429024863338,61.18409451595838
2026-06-26,17859.100078940446,4.087536181036751,33.3751425313569,1.2941847206385406,61.30602578721165
2026-06-29,17852.700333157987,4.071015255128879,33.24478344730843,1.2935297211993688,61.18358758548133
2026-06-30,17903.203440407233,4.084956994909602,33.22977005441461,1.294892048446551,61.357732139722664
2026-07-01,17960.89783009751,4.093999824299393,33.384872177809015,1.2968461741193005,61.64455767372397
2026-07-02,18020.896569874552,4.080007018159488,33.31520308799018,1.2944995175015352,61.57645407491886
2026-07-03,17963.548218029347,4.07101677148847,33.13504542278127,1.2905310971348707,61.44217330538085
2026-07-06,18016.10162067455,4.08497590889181,33.3245729303548,1.2934734997809898,61.521681997371886
2026-07-07,17891.402081693344,4.069972885506866,33.259861803551125,1.2913496020292137,61.432694830753086
2026-07-08,18088.95124517713,4.0769905296387225,33.44528235706769,1.2940196422307961,61.5564714135391
2026-07-09,18105.59685177088,4.076956711849585,33.44468736335811,1.2928727590730213,61.598600787057286
2026-07-10,18076.552930883638,4.069991251093613,33.31496062992126,1.2910761154855643,61.57305336832896
2026-07-13,18047.899159663863,4.070990896358543,33.38497899159664,1.2924544817927168,61.57913165266106
2026-07-14,18060.44717229285,4.078035949145112,33.52476983779044,1.292678649715037,61.69399386234107
2026-07-15,18071.295809223215,4.0780291074872865,33.64457303173768,1.2922146238821672,61.68770822374189
2026-07-16,17985.349263102817,4.07246882358071,33.565012644981245,1.2890904334176332,61.626406209121825
2026-07-17,17944.652383034543,4.094971578487101,33.63533012680368,1.2912111937035418,61.601224311324884
2026-07-20,17949.94748818484,4.0925083143707335,33.62506563976895,1.2908279362856643,61.68387887274637
2026-07-21,17898.003152916448,4.088982308635488,33.66526537046769,1.2904186372394466,61.741110527237694
2026-07-22,17918.75,4.08695652173913,33.80960729312763,1.2911991584852736,61.76279803646564
2026-07-23,17964.597963483146,4.089009831460674,33.82461376404495,1.2913448033707866,61.77054073033708
2026-07-24,17929.550848202514,4.090973015733498,33.68990067680408,1.2909378570800738,61.83528170871055
2026-07-27,18052.64729124594,4.085521116867152,33.57976995346387,1.2903678988497673,61.70691017648609
2026-07-28,18102.199348992697,4.09202076185449,33.60957156681622,1.2933931556259346,61.63367643177619
2026-07-29,18072.346221441127,4.089543057996486,33.5298769771529,1.2926186291739896,61.4042179261863
2026-07-30,18078.502962704777,4.082520041826421,33.54478912513071,1.287469501568491,61.539735099337754
2026-07-31,18052.39878101872,4.086460600783631,33.46538963865912,1.284893339138006,61.26861123204179
