date,rate
1999-01-04,8002.044278564764
1999-01-05,7900.3477523324855
1999-01-06,7951.698884441796
1999-01-07,7925.352475928474
1999-01-08,7995.222574834891
1999-01-11,8000.354395366929
1999-01-12,8073.958333333335
1999-01-13,8698.560967302452
1999-01-14,8651.128464773019
1999-01-15,8958.111130225358
1999-01-18,8447.459524629694
1999-01-19,8570.21349862259
1999-01-20,8468.786177105832
1999-01-21,8648.893881783615
1999-01-22,8907.71159332584
1999-01-25,9348.800069060773
1999-01-26,9168.278362977035
1999-01-27,9176.199149969641
1999-01-28,9150.420683610866
1999-01-29,8923.049894588896
1999-02-01,8898.456517904393
1999-02-02,8799.25024256858
1999-02-03,8427.61753550322
1999-02-04,8676.17863801829
1999-02-05,8750.398512221042
1999-02-08,8899.608749777699
1999-02-09,8750.40148239654
1999-02-10,8601.904426027155
1999-02-11,8702.705091937765
1999-02-12,8752.739238705086
1999-02-15,8598.861007296673
1999-02-16,8749.615246957766
1999-02-17,8755.842886341421
1999-02-18,8824.23433048433
1999-02-19,8827.779270805338
1999-02-22,8902.037845705969
1999-02-23,8831.862521651929
1999-02-24,8798.024825586663
1999-02-25,8840.712537394616
1999-02-26,8828.217462334364
1999-03-01,8864.127070817403
1999-03-02,8866.22577385873
1999-03-03,8863.785668409944
1999-03-04,8894.689858273514
1999-03-05,8760.014768321951
1999-03-08,8947.139713971397
1999-03-09,8978.744361594403
1999-03-10,9072.938920843606
1999-03-11,9465.117987328988
1999-03-12,9200.439077936335
1999-03-15,8749.611836697417
1999-03-16,8791.945693055683
1999-03-17,9000.848075870874
1999-03-18,9023.374500544862
1999-03-19,8876.637654603757
1999-03-22,8890.427098674521
1999-03-23,8898.788546255508
1999-03-24,8850.42093704246
1999-03-25,8846.357129748578
1999-03-26,8868.035136384653
1999-03-29,8824.607182940517
1999-03-30,8730.716086266455
1999-03-31,8698.799106311673
1999-04-01,8645.432603044932
1999-04-02,8626.225399183068
1999-04-05,8650.418526785716
1999-04-06,8776.729442476226
1999-04-07,8748.806881243063
1999-04-08,8752.84710667406
1999-04-09,8747.995917609946
1999-04-12,8731.029723014632
1999-04-13,8724.598235020901
1999-04-14,8651.617687957727
1999-04-15,8660.90302243649
1999-04-16,8654.865016872891
1999-04-19,8634.19518616021
1999-04-20,8626.084914521885
1999-04-21,8640.005667863215
1999-04-22,8596.229089878083
1999-04-23,8573.801015610306
1999-04-26,8622.168833615979
1999-04-27,8586.62276575729
1999-04-28,8542.602662666417
1999-04-29,8254.620897774425
1999-04-30,8226.903840709634
1999-05-03,7948.134856927
1999-05-04,7949.271109428248
1999-05-05,8011.380894347051
1999-05-06,8036.762663209555
1999-05-07,7850.380122380864
1999-05-10,7717.149510945506
1999-05-11,7678.94148341409
1999-05-12,7827.524659464537
1999-05-13,7829.354170589343
1999-05-14,7814.275009366804
1999-05-17,7960.748713149274
1999-05-18,7875.0140318054255
1999-05-19,8086.966334399098
1999-05-20,8025.002349844909
1999-05-21,8039.245175936437
1999-05-24,8055.389702409068
1999-05-25,7984.257081020044
1999-05-26,8090.004746084479
1999-05-27,8098.0998758712885
1999-05-28,8104.618761332188
1999-05-31,8099.25401683244
1999-06-01,8125.004792026067
1999-06-02,8153.043729531882
1999-06-03,8174.6195338085145
1999-06-04,8075.802229762482
1999-06-07,7727.626987204342
1999-06-08,7606.836783822821
1999-06-09,7749.264284349322
1999-06-10,7716.116097002099
1999-06-11,7673.544013748329
1999-06-14,7449.295774647887
1999-06-15,7285.710161662819
1999-06-16,7268.960850652489
1999-06-17,7269.661508704062
1999-06-18,7286.503658067001
1999-06-21,7004.07196053777
1999-06-22,6886.706099098225
1999-06-23,6698.005836575876
1999-06-24,6753.9288828601875
1999-06-25,6896.65804845351
1999-06-28,6614.054678475164
1999-06-29,6678.068313392512
1999-06-30,6665.007745933385
1999-07-01,6849.006235385815
1999-07-02,6829.342837613514
1999-07-05,6701.319390148553
1999-07-06,6717.6303688484495
1999-07-07,6725.337507337116
1999-07-08,6619.357690041249
1999-07-09,6642.728341826734
1999-07-12,6625.651916238641
1999-07-13,6634.351369930277
1999-07-14,6644.138473642802
1999-07-15,6704.676012155671
1999-07-16,6768.653205253872
1999-07-19,6719.672777449241
1999-07-20,6682.756964457253
1999-07-21,6710.96348690499
1999-07-22,6775.654824268978
1999-07-23,6905.335365853658
1999-07-26,7026.977005047672
1999-07-27,6990.665286534299
1999-07-28,6876.29916061492
1999-07-29,6814.681647940074
1999-07-30,6835.964092014215
1999-08-02,6857.74964838256
1999-08-03,6892.916862376703
1999-08-04,6911.216429699842
1999-08-05,7014.678899082569
1999-08-06,7030.986964618249
1999-08-09,7054.675385333956
1999-08-10,7339.45236099469
1999-08-11,7885.3768278965135
1999-08-12,8076.151532242902
1999-08-13,7916.593231461517
1999-08-16,7523.576234246187
1999-08-17,7685.684430512018
1999-08-18,7378.168679281163
1999-08-19,7275.354188456783
1999-08-20,7173.047717258835
1999-08-23,7539.656798038846
1999-08-24,7747.583713850838
1999-08-25,7574.647752324357
1999-08-26,7497.139303482588
1999-08-27,7560.009569377991
1999-08-30,7709.269179261526
1999-08-31,7705.731580440746
1999-09-01,7683.567323094318
1999-09-02,7715.3723504033005
1999-09-03,7859.642389065718
1999-09-06,8063.1111950160475
1999-09-07,8341.978230004732
1999-09-08,8638.735513050035
1999-09-09,8685.422960725076
1999-09-10,8250.408745247149
1999-09-13,7901.160317153355
1999-09-14,8174.609148812971
1999-09-15,8141.4408332529665
1999-09-16,8150.7905900501355
1999-09-17,8185.7939790324135
1999-09-20,8389.198539304247
1999-09-21,8324.61494031575
1999-09-22,8400.409173089733
1999-09-23,8802.962607861937
1999-09-24,8683.36197021764
1999-09-27,8425.811407720375
1999-09-28,8467.432986740436
1999-09-29,8395.001420051121
1999-09-30,8400.403187998125
1999-10-01,7984.265473527219
1999-10-04,7990.969306838324
1999-10-05,7755.727119595733
1999-10-06,7775.738101890657
1999-10-07,7763.920216236369
1999-10-08,7864.267617528385
1999-10-11,7802.06941962186
1999-10-12,7782.330333708287
1999-10-13,8147.652625719057
1999-10-14,8209.20245398773
1999-10-15,7995.3813598307115
1999-10-18,7872.8376886271635
1999-10-19,7595.710852283231
1999-10-20,7475.364201540317
1999-10-21,6941.002130221357
1999-10-22,6825.96207473508
1999-10-25,6854.6850135729655
1999-10-26,6853.7947898053235
1999-10-27,6869.98673237301
1999-10-28,6973.352952344789
1999-10-29,6908.3134028508575
1999-11-01,6766.486946651533
1999-11-02,6712.344151518036
1999-11-03,6750.004765989896
1999-11-04,6776.618431073876
1999-11-05,6833.36856264412
1999-11-08,6786.958193176358
1999-11-09,6847.966231772832
1999-11-10,6899.673139780812
1999-11-11,7128.771862387084
1999-11-12,7064.318975552968
1999-11-15,6950.354334530628
1999-11-16,7029.431114551083
1999-11-17,6978.026518063029
1999-11-18,6985.28901734104
1999-11-19,7052.456464636638
1999-11-22,7055.901464455436
1999-11-23,7128.96752302472
1999-11-24,7091.052373959863
1999-11-25,7206.062389640964
1999-11-26,7219.651519651519
1999-11-29,7342.820283814627
1999-11-30,7330.088144993561
1999-12-01,7296.194628877217
1999-12-02,7280.491200159093
1999-12-03,7253.689465801297
1999-12-06,7176.537026124533
1999-12-07,7196.8453950581115
1999-12-08,7207.463853067605
1999-12-09,7231.823095823095
1999-12-10,7227.502218716103
1999-12-13,7233.935624012639
1999-12-14,7228.202829248854
1999-12-15,7103.5924558427305
1999-12-16,7057.441356199487
1999-12-17,7100.236966824645
1999-12-20,7077.2880348652925
1999-12-21,7109.1630305434355
1999-12-22,7093.597379392495
1999-12-23,7075.260184359203
1999-12-24,6972.608952869256
1999-12-27,6996.556147621867
1999-12-28,7035.513926058084
1999-12-29,7081.681890389197
1999-12-30,7020.4758112681675
2000-01-03,7069.692765113975
2000-01-04,7050.131004366813
2000-01-05,7173.967978395062
2000-01-06,7215.556411243743
2000-01-07,7194.554647996889
2000-01-10,7156.603773584906
2000-01-11,7266.7804212168485
2000-01-12,7210.457896779201
2000-01-13,7216.718567536005
2000-01-14,7166.063569682152
2000-01-17,7266.148206855557
2000-01-18,7252.491826018031
2000-01-19,7347.91687283523
2000-01-20,7326.464466250372
2000-01-21,7299.27701297415
2000-01-24,7305.195970878628
2000-01-25,7348.311350919264
2000-01-26,7397.963868649566
2000-01-27,7395.729751403367
2000-01-28,7449.248578391552
2000-01-31,7426.524359105301
2000-02-01,7428.094747682801
2000-02-02,7588.514973757333
2000-02-03,7659.109560935577
2000-02-04,7535.343162175902
2000-02-07,7508.07822258626
2000-02-08,7336.493991719681
2000-02-09,7238.69538957117
2000-02-10,7299.635184434535
2000-02-11,7315.753494541374
2000-02-14,7252.0624303233
2000-02-15,7383.8719574555125
2000-02-16,7432.35414116687
2000-02-17,7426.736566186108
2000-02-18,7412.143654255859
2000-02-21,7430.272902505833
2000-02-22,7450.379165835163
2000-02-23,7441.309098132698
2000-02-24,7485.966861992321
2000-02-25,7382.268419443596
2000-02-28,7442.660026973752
2000-02-29,7413.8562898908785
2000-03-01,7382.714389158994
2000-03-02,7431.146529562981
2000-03-03,7449.622114090485
2000-03-06,7446.95020746888
2000-03-07,7465.787553424372
2000-03-08,7452.666876244367
2000-03-09,7375.395174708819
2000-03-10,7364.641631124518
2000-03-13,7417.743927542198
2000-03-14,7438.066528066528
2000-03-15,7473.069347983829
2000-03-16,7469.667805029493
2000-03-17,7444.623655913979
2000-03-20,7438.476582604219
2000-03-21,7471.157612617257
2000-03-22,7433.458294283037
2000-03-23,7417.243164871583
2000-03-24,7448.450849202264
2000-03-27,7481.929571663921
2000-03-28,7596.185342593552
2000-03-29,7563.691471571906
2000-03-30,7574.453165881738
2000-03-31,7602.219198157646
2000-04-03,7700.888749477206
2000-04-04,7695.250576640805
2000-04-05,7777.762845032565
2000-04-06,7773.132467532468
2000-04-07,7651.798410706817
2000-04-10,7616.663190823775
2000-04-11,7608.182197206587
2000-04-12,7611.831662489557
2000-04-13,7619.398133584985
2000-04-14,7607.002096436059
2000-04-17,7678.61694348689
2000-04-18,7765.831315152153
2000-04-19,7872.856991861325
2000-04-20,7975.106655290103
2000-04-25,7925.435390238658
2000-04-26,8002.186446209072
2000-04-27,7914.754992906253
2000-04-28,7924.9642267473855
2000-05-02,8012.527424308908
2000-05-03,7990.384831145518
2000-05-04,7989.1136693863855
2000-05-05,7960.129118432769
2000-05-08,8004.859249329758
2000-05-09,8067.442637558475
2000-05-10,8174.217634786429
2000-05-11,8401.167529463597
2000-05-12,8396.721674604052
2000-05-15,8603.301628949383
2000-05-16,8549.906232763376
2000-05-17,8496.906523201076
2000-05-18,8623.562961306196
2000-05-19,8327.019718309859
2000-05-22,8368.488888888889
2000-05-23,8432.224783229063
2000-05-24,8498.878874477907
2000-05-25,8471.807148424452
2000-05-26,8508.957672536366
2000-05-29,8620.125242928094
2000-05-30,8651.928624853083
2000-05-31,8636.181876813931
2000-06-01,8427.26688102894
2000-06-02,8411.362907536077
2000-06-05,8488.656842997985
2000-06-06,8556.425935687928
2000-06-07,8639.49131253925
2000-06-08,8634.371121224658
2000-06-09,8626.311907270812
2000-06-12,8587.75060354781
2000-06-13,8571.42857142857
2000-06-14,8527.656704026567
2000-06-15,8539.552708945821
2000-06-16,8572.242550967068
2000-06-19,8647.2510373444
2000-06-20,8633.17257286643
2000-06-21,8661.383315733898
2000-06-22,8704.167995746944
2000-06-23,8675.47009455009
2000-06-26,8703.270076123084
2000-06-27,8686.395064354856
2000-06-28,8681.7843866171
2000-06-29,8723.221801346801
2000-06-30,8748.137295939723
2000-07-03,8948.298746444749
2000-07-04,8960.198165911248
2000-07-05,9381.891580161477
2000-07-06,9319.985328023475
2000-07-07,9321.396182642622
2000-07-10,9292.071826105219
2000-07-11,9333.536265351107
2000-07-12,9424.465733235076
2000-07-13,9455.043320141192
2000-07-14,9499.657534246575
2000-07-17,9506.811377245509
2000-07-18,9318.49673901422
2000-07-19,8987.684461805555
2000-07-20,8900.986984815618
2000-07-21,8976.375093452953
2000-07-24,8900.717959708529
2000-07-25,9040.010626992562
2000-07-26,9070.319488817893
2000-07-27,8955.49046756843
2000-07-28,8946.453212591634
2000-07-31,8897.024775505788
2000-08-01,8946.459412780656
2000-08-02,8815.488952089258
2000-08-03,8636.951705804164
2000-08-04,8618.347912744988
2000-08-07,8599.537648612946
2000-08-08,8613.109318005969
2000-08-09,8635.49537501393
2000-08-10,8471.099546008194
2000-08-11,8314.553219448095
2000-08-14,8236.377760514926
2000-08-15,8346.874314542663
2000-08-16,8341.898148148148
2000-08-17,8311.805251641137
2000-08-18,8347.29922208831
2000-08-21,8244.574975063726
2000-08-22,8146.366473473027
2000-08-23,8444.527921058532
2000-08-24,8392.210386151797
2000-08-25,8370.934486198868
2000-08-28,8225.469079604753
2000-08-29,8368.276631344117
2000-08-30,8377.685486586597
2000-08-31,8282.438805299798
2000-09-01,8321.410918894631
2000-09-04,8287.31111111111
2000-09-05,8338.600045014631
2000-09-06,8383.805851667044
2000-09-07,8397.579529737206
2000-09-08,8404.52203777905
2000-09-11,8470.217214542921
2000-09-12,8655.514279080566
2000-09-13,8796.914721516063
2000-09-14,8614.782008512597
2000-09-15,8733.105049332558
2000-09-18,8687.55571193995
2000-09-19,8704.074464348438
2000-09-20,8797.215667767816
2000-09-21,8772.12576255279
2000-09-22,8756.062992125984
2000-09-25,8844.036488027366
2000-09-26,8750.508164896653
2000-09-27,8860.512357521724
2000-09-28,8820.516304347826
2000-09-29,8769.99429549344
2000-10-02,8796.443990002272
2000-10-03,8775.510669861918
2000-10-04,8824.59335624284
2000-10-05,8777.50967448213
2000-10-06,8791.566126623004
2000-10-09,8821.023576768257
2000-10-10,8823.54087833964
2000-10-11,8857.62614678899
2000-10-12,8951.734505087881
2000-10-13,8934.322475947607
2000-10-16,8900.763717542004
2000-10-17,8891.866760828625
2000-10-18,8909.07917888563
2000-10-19,8891.594340744265
2000-10-20,8938.984855655466
2000-10-23,8965.894711710636
2000-10-24,8914.953493918436
2000-10-25,8945.696400625977
2000-10-26,9097.746000969462
2000-10-27,9142.755886592984
2000-10-30,9348.266918179675
2000-10-31,9405.53641439943
2000-11-01,9154.47743745616
2000-11-02,9153.25005783021
2000-11-03,9177.079037800688
2000-11-06,9158.705434406369
2000-11-07,9278.840107138698
2000-11-08,9203.59855123262
2000-11-09,9277.728285077952
2000-11-10,9198.950766747377
2000-11-13,9263.22505800464
2000-11-14,9382.74496096936
2000-11-15,9371.195905072125
2000-11-16,9372.750612673592
2000-11-17,9408.763913298184
2000-11-20,9461.109802073515
2000-11-21,9462.213830540475
2000-11-22,9452.248190769962
2000-11-23,9414.239943040227
2000-11-24,9455.57136083452
2000-11-27,9441.636926005234
2000-11-28,9437.542343184206
2000-11-29,9450.843930635838
2000-11-30,9519.08106863197
2000-12-01,9512.821980538065
2000-12-04,9530.163897620116
2000-12-05,9519.523269012487
2000-12-06,9555.969642048029
2000-12-07,9601.610197920161
2000-12-08,9548.724002248455
2000-12-11,9344.695592912312
2000-12-12,9484.05830107037
2000-12-13,9483.664837677183
2000-12-14,9408.734019685484
2000-12-15,9356.144256455922
2000-12-18,9352.52063350435
2000-12-19,9251.89262046501
2000-12-20,9249.597085771054
2000-12-21,9302.471025584957
2000-12-22,9285.497835497834
2000-12-27,9408.464017185823
2000-12-28,9551.556273559505
2000-12-29,9755.776464266524
2001-01-02,9455.50249389791
2001-01-03,9548.499475341028
2001-01-04,9474.508352717276
2001-01-05,9480.576217915137
2001-01-08,9500.505422765083
2001-01-09,9501.574300606319
2001-01-10,9543.550786230344
2001-01-11,9627.029297490286
2001-01-12,9615.065479308538
2001-01-15,9473.027153160798
2001-01-16,9491.553336166597
2001-01-17,9438.952745849298
2001-01-18,9482.560612505316
2001-01-19,9457.54255319149
2001-01-22,9387.115177610332
2001-01-23,9375.007972786223
2001-01-24,9428.050355067786
2001-01-25,9458.976601793134
2001-01-26,9442.576939748593
2001-01-29,9456.042641139999
2001-01-30,9435.522452973797
2001-01-31,9456.031421500053
2001-02-01,9544.5672974697
2001-02-02,9523.482513022218
2001-02-05,9600.010610079577
2001-02-06,9635.85067582064
2001-02-07,9647.94638069705
2001-02-08,9652.104121475053
2001-02-09,9591.980058523897
2001-02-12,9601.668819982775
2001-02-13,9612.603773584906
2001-02-14,9615.1667029854
2001-02-15,9587.326732673266
2001-02-16,9620.168989355865
2001-02-19,9615.738630196462
2001-02-20,9616.681367144432
2001-02-21,9605.773015525914
2001-02-22,9637.19081272085
2001-02-23,9670.575904677846
2001-02-26,9850.01647446458
2001-02-27,9863.931026956237
2001-02-28,9827.660034602077
2001-03-01,9876.610206063222
2001-03-02,9861.219694542347
2001-03-05,9849.489521762494
2001-03-06,9888.52247009376
2001-03-07,9885.86010529709
2001-03-08,9929.800257731958
2001-03-09,10150.122902639734
2001-03-12,10500.02157031924
2001-03-13,10300.38035209737
2001-03-14,10168.862992812023
2001-03-15,9926.103265666374
2001-03-16,10315.021795015089
2001-03-19,10421.05380168964
2001-03-20,10413.270509977827
2001-03-21,10430.367074527252
2001-03-22,10404.949938125772
2001-03-23,10397.803183142792
2001-03-26,10397.705651930612
2001-03-27,10405.585344057194
2001-03-28,10391.76072234763
2001-03-29,10397.5
2001-03-30,10403.351449275362
2001-04-02,10434.883720930233
2001-04-03,10436.743923120406
2001-04-04,10598.848538529672
2001-04-05,10699.068736141906
2001-04-06,10841.364653243849
2001-04-09,10809.902417387448
2001-04-10,10653.70598099497
2001-04-11,10594.739819004524
2001-04-12,10601.11877048254
2001-04-17,10860.561938346036
2001-04-18,10961.836409204829
2001-04-19,11104.440919904837
2001-04-20,11780.91000111247
2001-04-23,11944.71228615863
2001-04-24,11835.383929566477
2001-04-25,12000.413546440148
2001-04-26,12003.683568179296
2001-04-27,11853.319295134655
2001-04-30,11601.994141505184
2001-05-02,11103.14359492534
2001-05-03,11075.63742558688
2001-05-04,10950.632061751874
2001-05-07,10951.238928130955
2001-05-08,10949.323257387772
2001-05-09,11069.366715758468
2001-05-10,11229.74011299435
2001-05-11,11273.646415137355
2001-05-14,11400.663236134933
2001-05-15,11455.451642335765
2001-05-16,11426.069730586372
2001-05-17,11289.756097560976
2001-05-18,11363.99680984391
2001-05-21,11464.35915010281
2001-05-22,11419.09038572251
2001-05-23,11417.67035527082
2001-05-24,11417.701069270108
2001-05-25,11462.344313816784
2001-05-28,11604.18219944082
2001-05-29,11201.976145930777
2001-05-30,11386.363636363638
2001-05-31,11125.672169811322
2001-06-01,11439.891483840529
2001-06-04,11462.798073534595
2001-06-05,11224.347312463082
2001-06-06,11200.901322720358
2001-06-07,11186.711552090715
2001-06-08,11235.675484175721
2001-06-11,11278.938073934542
2001-06-12,11239.497285815436
2001-06-13,11226.317021774761
2001-06-14,11246.985398021669
2001-06-15,11264.557838836297
2001-06-18,11294.347978091133
2001-06-19,11380.03036319047
2001-06-20,11295.313050628452
2001-06-21,11354.957904583724
2001-06-22,11353.013602251407
2001-06-25,11373.591262925525
2001-06-26,11378.608756242018
2001-06-27,11404.917652516817
2001-06-28,11456.244859593467
2001-06-29,11390.672169811322
2001-07-02,11330.053222945002
2001-07-03,11318.67718018124
2001-07-04,11357.612681888086
2001-07-05,11334.374257895986
2001-07-06,11348.926526717558
2001-07-09,11328.159356897979
2001-07-10,11361.299005266237
2001-07-11,11336.720473812566
2001-07-12,11358.66713516046
2001-07-13,11328.012647851036
2001-07-16,11340.66177327275
2001-07-17,11330.34288398309
2001-07-18,11277.612977983777
2001-07-19,11248.35492376476
2001-07-20,11122.869188696444
2001-07-23,10185.165975103733
2001-07-24,10186.954524575101
2001-07-25,10017.855112020927
2001-07-26,10049.44089456869
2001-07-27,9961.941149635035
2001-07-30,9697.794537767113
2001-07-31,9497.30439748715
2001-08-01,9628.830668027673
2001-08-02,9627.75375512062
2001-08-03,9513.388598682715
2001-08-06,9387.348097671776
2001-08-07,9357.67563868613
2001-08-08,9327.342234394615
2001-08-09,9203.128882864567
2001-08-10,9109.489704565802
2001-08-13,8548.10365921477
2001-08-14,8489.261819803747
2001-08-15,8768.268597761686
2001-08-16,8759.09886264217
2001-08-17,8759.104836944627
2001-08-20,8523.609137610667
2001-08-21,8546.713409290096
2001-08-22,8615.483940972223
2001-08-23,8725.482879719051
2001-08-24,8695.004391743521
2001-08-27,8733.564356435643
2001-08-28,9031.519575315197
2001-08-29,9149.999999999998
2001-08-30,8918.537658053876
2001-08-31,8859.598165538328
2001-09-03,8991.468253968254
2001-09-04,8998.528428093645
2001-09-05,9048.386008323023
2001-09-06,9002.56352343309
2001-09-07,9146.436550491511
2001-09-10,9076.511550790317
2001-09-11,9091.019634091923
2001-09-12,9055.490499337164
2001-09-13,9103.509933774834
2001-09-14,9114.448421737716
2001-09-17,9320.034523681088
2001-09-18,9568.290838375107
2001-09-19,9602.408727586951
2001-09-20,9439.907117399287
2001-09-21,9410.913043478262
2001-09-24,9459.646442601485
2001-09-25,9521.665213600698
2001-09-26,9630.306974726109
2001-09-27,9670.928843020098
2001-09-28,9719.351659183003
2001-10-01,10047.25479452055
2001-10-02,10048.373054739362
2001-10-03,9903.387990009773
2001-10-04,9733.772074147199
2001-10-05,9861.249182472204
2001-10-08,10165.270240937703
2001-10-09,10048.37376264549
2001-10-10,9985.004378283713
2001-10-11,9943.533436327521
2001-10-12,9972.765486725662
2001-10-15,9965.549082114983
2001-10-16,10001.66813963765
2001-10-17,10011.948570161827
2001-10-18,10035.563926434745
2001-10-19,10088.322788322788
2001-10-22,10117.582785148845
2001-10-23,10170.574997186903
2001-10-24,10230.010093080633
2001-10-25,10267.31915851052
2001-10-26,10261.73268993379
2001-10-29,10266.58523042754
2001-10-30,10398.289938217124
2001-10-31,10472.11900022119
2001-11-01,10523.271408156535
2001-11-02,10676.192579505301
2001-11-05,10921.961834616672
2001-11-06,10833.188260238814
2001-11-07,10638.096294652763
2001-11-08,10465.927329469461
2001-11-09,10409.417693169093
2001-11-12,10718.701648166834
2001-11-13,10670.255598280932
2001-11-14,10646.21151880041
2001-11-15,10623.796033994335
2001-11-16,10634.4036178632
2001-11-19,10567.701580802912
2001-11-20,10535.607434270174
2001-11-21,10439.41531111364
2001-11-22,10551.811346548187
2001-11-23,10493.814667424673
2001-11-26,10348.831934679065
2001-11-27,10428.23167956304
2001-11-28,10400.011323745895
2001-11-29,10412.006301339034
2001-11-30,10467.947853450212
2001-12-03,10460.873949579833
2001-12-04,10474.118175690855
2001-12-05,10469.413611391412
2001-12-06,10402.351220609742
2001-12-07,10363.853664010772
2001-12-10,10248.689265536723
2001-12-11,10161.012572968119
2001-12-12,10024.446184828821
2001-12-13,10109.448467966573
2001-12-14,10198.402839396627
2001-12-17,10195.56857111283
2001-12-18,10153.872614292055
2001-12-19,10093.888455972392
2001-12-20,10130.469185333779
2001-12-21,10188.292519288829
2001-12-24,10191.748124573767
2001-12-27,10408.375835883486
2001-12-28,10470.248496539205
2002-01-02,10424.806373091393
2002-01-03,10371.558211598052
2002-01-04,10418.505695778424
2002-01-07,10375.586749017406
2002-01-08,10423.84105960265
2002-01-09,10424.08922766506
2002-01-10,10431.1707262319
2002-01-11,10439.78024442202
2002-01-14,10401.512266158843
2002-01-15,10386.337144138086
2002-01-16,10387.864352954519
2002-01-17,10390.202970858374
2002-01-18,10395.50510783201
2002-01-21,10385.599547511312
2002-01-22,10397.270668176672
2002-01-23,10399.412827461607
2002-01-24,10385.593703661456
2002-01-25,10439.22428719843
2002-01-28,10389.846117976218
2002-01-29,10289.633580705009
2002-01-30,10326.799352001852
2002-01-31,10316.197753849716
2002-02-01,10322.613531047265
2002-02-04,10314.403054141601
2002-02-05,10302.533686513878
2002-02-06,10327.3891966759
2002-02-07,10274.157433056327
2002-02-08,10251.762013729978
2002-02-11,10208.846941096202
2002-02-12,10176.750828287444
2002-02-13,10187.504295040659
2002-02-14,10227.654434602553
2002-02-15,10248.19069500287
2002-02-18,10232.65633964429
2002-02-19,10185.009203865624
2002-02-20,10185.25677685005
2002-02-21,10203.827146305022
2002-02-22,10204.492969017949
2002-02-25,10178.668042182486
2002-02-26,10175.005759041696
2002-02-27,10185.443403861718
2002-02-28,10149.416252456364
2002-03-01,10101.163728540154
2002-03-04,10072.759856630824
2002-03-05,9982.135452660677
2002-03-06,9955.578512396694
2002-03-07,9937.96211775445
2002-03-08,10012.731613049904
2002-03-11,9945.00629218625
2002-03-12,9969.437764800183
2002-03-13,9973.860773986718
2002-03-14,9981.801658525503
2002-03-15,10003.479046650853
2002-03-18,9969.938580527752
2002-03-19,9965.001698946653
2002-03-20,9891.445427728613
2002-03-21,9870.00113417262
2002-03-22,9826.117111995452
2002-03-25,9706.66742778856
2002-03-26,9576.101636717407
2002-03-27,9659.455751200549
2002-03-28,9823.876662081615
2002-04-02,9767.789665376735
2002-04-03,9803.067136203566
2002-04-04,9655.556815604446
2002-04-05,9589.369451399953
2002-04-08,9549.179767600821
2002-04-09,9669.976035604244
2002-04-10,9581.64355535349
2002-04-11,9549.465544689561
2002-04-12,9544.462115188004
2002-04-15,9390.74074074074
2002-04-16,9447.324775644667
2002-04-17,9431.06981981982
2002-04-18,9393.17594154019
2002-04-19,9350.461399954986
2002-04-22,9350.979509119568
2002-04-23,9430.004508566275
2002-04-24,9325.000000000002
2002-04-25,9373.664845579216
2002-04-26,9306.56560026753
2002-04-29,9320.369550785572
2002-04-30,9331.5608348135
2002-05-02,9340.522586359612
2002-05-03,9307.959925134868
2002-05-06,9289.009186351706
2002-05-07,9294.071232876713
2002-05-08,9283.362676056337
2002-05-09,9286.546738770556
2002-05-10,9284.49221320465
2002-05-13,9276.497038824302
2002-05-14,9270.006621054954
2002-05-15,9239.490586932447
2002-05-16,9154.011398509427
2002-05-17,9088.013548951049
2002-05-20,9032.145185829166
2002-05-21,9032.063388689894
2002-05-22,9065.496760259179
2002-05-23,8949.853467925757
2002-05-24,8960.916412712235
2002-05-27,8905.005440696408
2002-05-28,8867.509454349
2002-05-29,8849.527896995707
2002-05-30,8839.701333333333
2002-05-31,8691.946308724833
2002-06-03,8546.38677118007
2002-06-04,8654.13884472708
2002-06-05,8927.393021022302
2002-06-06,9048.870658427446
2002-06-07,8895.006347862885
2002-06-10,8730.003171582619
2002-06-11,8778.729956461719
2002-06-12,8739.631823952603
2002-06-13,8748.146968248911
2002-06-14,8730.460012660898
2002-06-17,8687.078294080204
2002-06-18,8658.656684943062
2002-06-19,8624.55810061709
2002-06-20,8600.896580483735
2002-06-21,8633.13615608136
2002-06-24,8593.344238830385
2002-06-25,8654.829077429984
2002-06-26,8676.938590299485
2002-06-27,8645.27687296417
2002-06-28,8713.874686716792
2002-07-01,8701.220619388683
2002-07-02,8800.081317340924
2002-07-03,8968.21063394683
2002-07-04,8851.389172625128
2002-07-05,8870.025706940874
2002-07-08,8900.457875457876
2002-07-09,8910.453172205438
2002-07-10,8890.856738735098
2002-07-11,9136.498576657177
2002-07-12,9080.056720348424
2002-07-15,9043.894652833202
2002-07-16,9036.88160363385
2002-07-17,8938.443958664548
2002-07-18,8965.450387751045
2002-07-19,8967.21860831855
2002-07-22,8819.69066032124
2002-07-23,9002.280524722502
2002-07-24,9063.872919818456
2002-07-25,9002.756141402037
2002-07-26,9148.631095123903
2002-07-29,9258.48691579269
2002-07-30,9118.718861209964
2002-07-31,9064.039660635797
2002-08-01,9147.02868852459
2002-08-02,9077.757520510482
2002-08-05,9087.505083367221
2002-08-06,9085.942821756633
2002-08-07,9055.805320684676
2002-08-08,8992.329926705896
2002-08-09,8987.706855791961
2002-08-12,8855.87934560327
2002-08-13,8884.529033574856
2002-08-14,8779.902607284164
2002-08-15,8864.30397872558
2002-08-16,8817.241730279899
2002-08-19,8847.055822022656
2002-08-20,8842.749183006536
2002-08-21,8883.200163900841
2002-08-22,8844.554759467757
2002-08-23,8887.965350108281
2002-08-26,8924.482012163695
2002-08-27,8888.41825250665
2002-08-28,8885.548544677387
2002-08-29,8865.45768566494
2002-08-30,8854.551001728873
2002-09-02,8849.76071683128
2002-09-03,8841.614530776995
2002-09-04,8869.558660902783
2002-09-05,8860.781954887218
2002-09-06,8874.02702157693
2002-09-09,8859.383295895444
2002-09-10,8872.366803278688
2002-09-11,8890.727254077341
2002-09-12,8919.503945885006
2002-09-13,8981.865443425077
2002-09-16,9049.550759062275
2002-09-17,9063.757902373303
2002-09-18,9002.323907455013
2002-09-19,8996.494803342164
2002-09-20,9032.042900919307
2002-09-23,9075.007628928897
2002-09-24,9026.4652014652
2002-09-25,8991.249616211238
2002-09-26,9005.869742752144
2002-09-27,9016.11616729727
2002-09-30,8994.462474645032
2002-10-01,8998.630970489809
2002-10-02,9005.632943568888
2002-10-03,9014.964610717896
2002-10-04,9013.127217435378
2002-10-07,9008.115823817292
2002-10-08,8998.112244897959
2002-10-09,8998.79763603016
2002-10-10,9007.72658227848
2002-10-11,9008.369686517195
2002-10-14,9346.69300111415
2002-10-15,9284.80122324159
2002-10-16,9194.472157182123
2002-10-17,9150.486530779475
2002-10-18,9217.318952234205
2002-10-21,9196.306934755847
2002-10-22,9334.531122031121
2002-10-23,9210.291560102301
2002-10-24,9215.947833230643
2002-10-25,9241.216839086348
2002-10-28,9224.002052334532
2002-10-29,9209.847250509165
2002-10-30,9228.885496183206
2002-10-31,9230.474452554745
2002-11-01,9217.144575897333
2002-11-04,9210.116653258248
2002-11-05,9201.785714285716
2002-11-06,9212.395781014566
2002-11-07,9202.247078797562
2002-11-08,9186.633026615218
2002-11-11,9150.167884653367
2002-11-12,9075.002479912708
2002-11-13,9046.553436630911
2002-11-14,9028.400198117879
2002-11-15,9030.152557583011
2002-11-18,8998.132141082962
2002-11-19,8964.345679012345
2002-11-20,8964.81684798882
2002-11-21,9008.321706198923
2002-11-22,8989.036312849163
2002-11-25,8975.456839979808
2002-11-26,8994.09687184662
2002-11-27,8975.904099929485
2002-11-28,8987.477350513389
2002-11-29,8977.959101440516
2002-12-02,8983.416067267755
2002-12-03,8980.004013243704
2002-12-04,8992.243960870434
2002-12-05,9005.745170653589
2002-12-06,8987.757345592645
2002-12-09,8978.836817596353
2002-12-10,8979.725051923646
2002-12-11,8890.742028409655
2002-12-12,8864.887751083103
2002-12-13,8875.442715976911
2002-12-16,8816.294555424989
2002-12-17,8881.294266032794
2002-12-18,8906.064453125
2002-12-19,8896.30098315974
2002-12-20,8893.203315455874
2002-12-23,8883.028593658823
2002-12-24,8889.568764568765
2002-12-27,8919.651117964533
2002-12-30,8952.149299558627
2002-12-31,8951.282540287975
2003-01-02,8928.968026038676
2003-01-03,8930.513856812933
2003-01-06,8932.799389778795
2003-01-07,8928.0
2003-01-08,8929.575021682565
2003-01-09,8933.77748167888
2003-01-10,8916.652385032847
2003-01-13,8872.006825291497
2003-01-14,8874.605275597994
2003-01-15,8865.418962568878
2003-01-16,8864.199166982204
2003-01-17,8868.757040931281
2003-01-20,8872.918426734253
2003-01-21,8885.421946869426
2003-01-22,8843.021086023511
2003-01-23,8887.738216974993
2003-01-24,8894.566023738871
2003-01-27,8892.907083716651
2003-01-28,8857.873797187269
2003-01-29,8848.776223776224
2003-01-30,8869.594343133607
2003-01-31,8872.466715976332
2003-02-03,8875.170099729705
2003-02-04,8870.00554426169
2003-02-05,8863.345554537122
2003-02-06,8870.637195967816
2003-02-07,8870.145518583742
2003-02-10,8880.412657290897
2003-02-11,8962.908649355502
2003-02-12,8967.934022924239
2003-02-13,8945.417363822271
2003-02-14,8929.509867506718
2003-02-17,8906.252332960059
2003-02-18,8878.747433264889
2003-02-19,8880.414295045253
2003-02-20,8848.703892966645
2003-02-21,8915.916220704927
2003-02-24,8892.099617572987
2003-02-25,8882.550584741044
2003-02-26,8887.091974332745
2003-02-27,8898.327481057106
2003-02-28,8884.733815618623
2003-03-03,8885.555555555555
2003-03-04,8852.165949262753
2003-03-05,8869.387196790078
2003-03-06,8863.176137918454
2003-03-07,8888.631216595706
2003-03-10,8882.602789349756
2003-03-11,8880.09927797834
2003-03-12,8901.777294160318
2003-03-13,8904.593151693667
2003-03-14,8917.921113689095
2003-03-17,8969.586149430606
2003-03-18,9042.565652748914
2003-03-19,9086.641438032168
2003-03-20,9035.762839879155
2003-03-21,8978.443057132048
2003-03-24,8950.846341922137
2003-03-25,8899.58843887382
2003-03-26,8915.421393081466
2003-03-27,8899.589667070783
2003-03-28,8912.917054986021
2003-03-31,8901.5052776503
2003-04-01,8895.4090533468
2003-04-02,8883.5918744229
2003-04-03,8885.357877032331
2003-04-04,8897.901119402984
2003-04-07,8886.023436023435
2003-04-08,8873.75234521576
2003-04-09,8865.74194749581
2003-04-10,8850.550670985655
2003-04-11,8882.87843502562
2003-04-14,8853.674210673373
2003-04-15,8841.68212166172
2003-04-16,8807.096714654856
2003-04-17,8727.802197802197
2003-04-22,8751.554097165254
2003-04-23,8729.605263157895
2003-04-24,8733.421148255815
2003-04-25,8743.58880889456
2003-04-28,8734.040816326531
2003-04-29,8717.43336984301
2003-04-30,8672.338514059833
2003-05-02,8651.259008808613
2003-05-05,8582.501337136746
2003-05-06,8601.904090267983
2003-05-07,8497.66342872145
2003-05-08,8546.873633581112
2003-05-09,8560.003488574916
2003-05-12,8415.003880313874
2003-05-13,8437.628060427158
2003-05-14,8450.369597356292
2003-05-15,8453.325187641822
2003-05-16,8462.582666202576
2003-05-19,8408.196017851013
2003-05-20,8389.282033665406
2003-05-21,8315.364872957482
2003-05-22,8338.916382252559
2003-05-23,8271.407972858355
2003-05-26,8175.349191568612
2003-05-27,8178.632047727082
2003-05-28,8240.356108365992
2003-05-29,8355.333446750596
2003-05-30,8314.574522077482
2003-06-02,8266.37251542152
2003-06-03,8216.053911114903
2003-06-04,8151.1162432640485
2003-06-05,8217.214437367304
2003-06-06,8190.781342588673
2003-06-09,8189.2461197339235
2003-06-10,8210.000854773913
2003-06-11,8227.647259107933
2003-06-12,8259.655701380603
2003-06-13,8213.956259041783
2003-06-16,8199.65412518981
2003-06-17,8183.266932270916
2003-06-18,8232.703649884606
2003-06-19,8242.565422565422
2003-06-20,8225.705705705705
2003-06-23,8234.292399688014
2003-06-24,8219.645482057933
2003-06-25,8223.357285083543
2003-06-26,8264.275717284814
2003-06-27,8277.175151143432
2003-06-30,8271.453574866544
2003-07-01,8237.139391839208
2003-07-02,8220.0
2003-07-03,8224.282098280528
2003-07-04,8181.571603000174
2003-07-07,8175.061619718312
2003-07-08,8221.817058096416
2003-07-09,8195.499779832673
2003-07-10,8218.003879386351
2003-07-11,8214.635439681839
2003-07-14,8226.099654836711
2003-07-15,8221.415319374504
2003-07-16,8234.243131621477
2003-07-17,8260.341910782656
2003-07-18,8329.62962962963
2003-07-21,8308.897554058844
2003-07-22,8416.115666049545
2003-07-23,8605.385492500658
2003-07-24,8590.381093572862
2003-07-25,8505.375969329965
2003-07-28,8528.514231003568
2003-07-29,8614.3779445123
2003-07-30,8508.887915936954
2003-07-31,8510.3816928786
2003-08-01,8543.450622258037
2003-08-04,8497.010701335455
2003-08-05,8627.671402100063
2003-08-06,8600.526685393257
2003-08-07,8585.757068616225
2003-08-08,8563.385131555711
2003-08-11,8536.219566179725
2003-08-12,8533.115275813296
2003-08-13,8545.003103662322
2003-08-14,8552.280390417036
2003-08-15,8540.801991642216
2003-08-18,8536.619592420451
2003-08-19,8475.11974694984
2003-08-20,8415.734989648034
2003-08-21,8393.432646016896
2003-08-22,8429.227097484854
2003-08-25,8441.94526083762
2003-08-26,8464.617233727811
2003-08-27,8466.122673512424
2003-08-28,8520.114517916512
2003-08-29,8488.11201610689
2003-09-01,8471.162790697674
2003-09-02,8470.393584662183
2003-09-03,8465.399239543725
2003-09-04,8486.291366241448
2003-09-05,8484.619609997253
2003-09-08,8482.702556227983
2003-09-09,8460.71845532106
2003-09-10,8422.753311851056
2003-09-11,8465.00846928769
2003-09-12,8454.018976011457
2003-09-15,8464.506692669089
2003-09-16,8461.504227859368
2003-09-17,8474.768105601142
2003-09-18,8490.124003542958
2003-09-19,8466.84936350778
2003-09-22,8443.930938262993
2003-09-23,8416.102581995812
2003-09-24,8439.10692482121
2003-09-25,8440.302793004437
2003-09-26,8437.868895272917
2003-09-29,8415.89415578726
2003-09-30,8397.167868177135
2003-10-01,8384.003084568589
2003-10-02,8376.436879917892
2003-10-03,8371.076501797023
2003-10-06,8388.349598410918
2003-10-07,8386.072399728075
2003-10-08,8364.485188014602
2003-10-09,8376.493043773327
2003-10-10,8381.065490329149
2003-10-13,8375.573237508555
2003-10-14,8435.654117242566
2003-10-15,8425.366355300368
2003-10-16,8445.372363323288
2003-10-17,8440.366180153727
2003-10-20,8429.28024765672
2003-10-21,8449.367633141186
2003-10-22,8466.085171883016
2003-10-23,8480.722891566264
2003-10-24,8493.752652576182
2003-10-27,8551.004426285324
2003-10-28,8582.575173477255
2003-10-29,8529.638822321123
2003-10-30,8483.25664621677
2003-10-31,8498.330752022028
2003-11-03,8519.104323064976
2003-11-04,8505.371468433901
2003-11-05,8475.743048897411
2003-11-06,8492.278801642064
2003-11-07,8486.650910364146
2003-11-10,8478.524775755463
2003-11-11,8480.655823258241
2003-11-12,8479.46551724138
2003-11-13,8527.55993150685
2003-11-14,8498.249043773905
2003-11-17,8487.366548042706
2003-11-18,8481.083375785363
2003-11-19,8477.413937867339
2003-11-20,8552.87597615249
2003-11-21,8518.581393394403
2003-11-24,8516.78085088387
2003-11-25,8518.59595444501
2003-11-26,8518.227933716604
2003-11-27,8516.434212737357
2003-11-28,8506.069701517425
2003-12-01,8502.670771278808
2003-12-02,8492.86012526096
2003-12-03,8491.356800528838
2003-12-04,8498.20274971012
2003-12-05,8492.545710267228
2003-12-08,8493.804223277131
2003-12-09,8493.506281612008
2003-12-10,8491.764033009233
2003-12-11,8487.560515303194
2003-12-12,8472.237636690059
2003-12-15,8480.23712183156
2003-12-16,8484.593565118728
2003-12-17,8492.502229067035
2003-12-18,8494.477142626785
2003-12-19,8494.894507972298
2003-12-22,8491.185459224707
2003-12-23,8498.846029696579
2003-12-24,8494.66430240993
2003-12-29,8432.138571085687
2003-12-30,8478.337067861716
2003-12-31,8426.84085510689
2004-01-02,8448.324332909782
2004-01-05,8388.978430907799
2004-01-06,8334.634681718406
2004-01-07,8363.987696190552
2004-01-08,8341.704923223047
2004-01-09,8333.602889220381
2004-01-12,8302.089179918928
2004-01-13,8333.273197897875
2004-01-14,8342.018594390167
2004-01-15,8368.642659279778
2004-01-16,8348.331065396622
2004-01-19,8376.828578356097
2004-01-20,8401.005105296745
2004-01-21,8403.339414610931
2004-01-22,8335.239968528718
2004-01-23,8404.67223447841
2004-01-26,8457.996023856858
2004-01-27,8427.850123831588
2004-01-28,8419.51763113906
2004-01-29,8431.857555341676
2004-01-30,8457.816537467701
2004-02-02,8460.195810930101
2004-02-03,8449.018673023442
2004-02-04,8456.411689556053
2004-02-05,8453.365652070253
2004-02-06,8462.542900470908
2004-02-09,8441.99638165657
2004-02-10,8390.402695079913
2004-02-11,8416.66403785489
2004-02-12,8408.998593969693
2004-02-13,8402.832397003745
2004-02-16,8388.642963660623
2004-02-17,8404.619692020531
2004-02-18,8401.676543980037
2004-02-19,8467.706696007544
2004-02-20,8439.335070678355
2004-02-23,8439.670801526718
2004-02-24,8455.86343787217
2004-02-25,8440.335735212606
2004-02-26,8470.347155255546
2004-02-27,8451.94073119665
2004-03-01,8462.840435757771
2004-03-02,8491.711014352524
2004-03-03,8567.470970929753
2004-03-04,8560.640487363136
2004-03-05,8595.74311023622
2004-03-08,8584.50145678213
2004-03-09,8554.502062939891
2004-03-10,8588.145377672981
2004-03-11,8635.280678851175
2004-03-12,8658.93747445852
2004-03-15,8638.906988108813
2004-03-16,8608.607287449391
2004-03-17,8562.150028569096
2004-03-18,8538.74887855803
2004-03-19,8559.729423201556
2004-03-22,8561.118756577349
2004-03-23,8587.202671880092
2004-03-24,8571.490652673008
2004-03-25,8614.729640619847
2004-03-26,8612.462006079028
2004-03-29,8609.27545799637
2004-03-30,8611.389185197342
2004-03-31,8565.248691099478
2004-04-01,8582.21590909091
2004-04-02,8572.649780808573
2004-04-05,8590.37153756842
2004-04-06,8577.923904052936
2004-04-07,8585.819353772416
2004-04-08,8591.534391534391
2004-04-13,8595.732776617953
2004-04-14,8603.50553505535
2004-04-15,8635.762256548018
2004-04-16,8621.312437143815
2004-04-19,8603.570242444372
2004-04-20,8614.531276203254
2004-04-21,8650.870226427847
2004-04-22,8651.183357197
2004-04-23,8619.781236853178
2004-04-26,8627.592608218714
2004-04-27,8622.099772861107
2004-04-28,8643.041908121273
2004-04-29,8704.211060375443
2004-04-30,8785.879300242737
2004-05-03,8705.37103655986
2004-05-04,8720.810878036647
2004-05-05,8694.994227280224
2004-05-06,8705.719709475074
2004-05-07,8733.05723515282
2004-05-10,8975.377860339442
2004-05-11,8991.909522195867
2004-05-12,8954.153664501982
2004-05-13,8995.627167385606
2004-05-14,9035.383833248603
2004-05-17,9010.005822174166
2004-05-18,9071.142451806727
2004-05-19,9048.869797314204
2004-05-20,9052.424089917798
2004-05-21,8970.409774748565
2004-05-24,9122.292780748661
2004-05-25,9265.39003564619
2004-05-26,9257.500413018339
2004-05-27,9289.412248253186
2004-05-28,9270.382165605097
2004-05-31,9272.44630267257
2004-06-01,9365.391219033601
2004-06-02,9445.772238514173
2004-06-03,9444.618027155244
2004-06-04,9450.38924854544
2004-06-07,9316.13767351246
2004-06-08,9248.503334960144
2004-06-09,9283.096158591758
2004-06-10,9368.063391968137
2004-06-11,9381.567549558555
2004-06-14,9388.517623531372
2004-06-15,9414.612895195418
2004-06-16,9401.882567589983
2004-06-17,9395.002075550023
2004-06-18,9407.34927752865
2004-06-21,9400.222919418757
2004-06-22,9410.396162434869
2004-06-23,9422.611069744353
2004-06-24,9420.39267447616
2004-06-25,9417.111550502554
2004-06-28,9420.388269986894
2004-06-29,9405.776974278904
2004-06-30,9400.386672151379
2004-07-01,9296.145627876396
2004-07-02,9148.254856766545
2004-07-05,9144.523111979168
2004-07-06,8990.36477374279
2004-07-07,9004.27288176742
2004-07-08,8993.367346938776
2004-07-09,8921.807306821855
2004-07-12,8815.713479067515
2004-07-13,8936.808923375364
2004-07-14,8958.62208222276
2004-07-15,8970.042023597867
2004-07-16,8913.19517526107
2004-07-19,8959.281340638092
2004-07-20,8976.092046830843
2004-07-21,9016.834743005855
2004-07-22,9059.71633518096
2004-07-23,9082.610122221311
2004-07-26,9136.125955767493
2004-07-27,9068.62261669954
2004-07-28,9126.898786770815
2004-07-29,9187.294195908864
2004-07-30,9129.620400365478
2004-08-02,9135.761094981335
2004-08-03,9179.23806355016
2004-08-04,9227.69757155971
2004-08-05,9181.904999169574
2004-08-06,9191.52851458886
2004-08-09,9185.008573528212
2004-08-10,9213.502728235198
2004-08-11,9261.137905665004
2004-08-12,9241.889686684073
2004-08-13,9254.628038301007
2004-08-16,9287.638810083488
2004-08-17,9285.759442373157
2004-08-18,9272.743492012001
2004-08-19,9255.756938263614
2004-08-20,9231.25355893598
2004-08-23,9275.379591836734
2004-08-24,9264.791168959553
2004-08-25,9277.0714344839
2004-08-26,9306.92561983471
2004-08-27,9313.090608191975
2004-08-30,9336.340997758778
2004-08-31,9375.006192717363
2004-09-01,9316.913214990138
2004-09-02,9270.38284587578
2004-09-03,9264.624229979467
2004-09-06,9277.234694722889
2004-09-07,9276.537792863648
2004-09-08,9303.845834371625
2004-09-09,9303.149864654251
2004-09-10,9274.621491120386
2004-09-13,9250.38411245505
2004-09-14,9112.609299664951
2004-09-15,9105.376695538487
2004-09-16,9003.890442506992
2004-09-17,9037.220538858406
2004-09-20,9038.996043521267
2004-09-21,9025.333985011404
2004-09-22,9165.626786443447
2004-09-23,9126.114494518879
2004-09-24,9112.917377528636
2004-09-27,9193.879549534846
2004-09-28,9230.125658694771
2004-09-29,9186.634748032136
2004-09-30,9160.3674752196
2004-10-01,9148.843953919277
2004-10-04,9084.632263307598
2004-10-05,9101.853055916776
2004-10-06,9106.855560983555
2004-10-07,9096.72384358995
2004-10-08,9090.133982947624
2004-10-11,9084.635248547449
2004-10-12,9139.359974009096
2004-10-13,9141.868427488384
2004-10-14,9098.60224610164
2004-10-15,9097.567262767841
2004-10-18,9110.734327400993
2004-10-19,9081.09361259893
2004-10-20,9081.445591739477
2004-10-21,9110.003173092178
2004-10-22,9093.328573695066
2004-10-25,9071.067854909319
2004-10-26,9091.066958698373
2004-10-27,9099.648217636024
2004-10-28,9157.635119188106
2004-10-29,9095.006673470989
2004-11-01,9086.648886099782
2004-11-02,9097.866981503346
2004-11-03,9126.791594793789
2004-11-04,9071.446325928227
2004-11-05,9071.468574984443
2004-11-08,8952.999922582643
2004-11-09,9003.051661374024
2004-11-10,9044.748401017185
2004-11-11,9067.812257564003
2004-11-12,9039.300363748936
2004-11-15,8989.656503280587
2004-11-16,8992.69909798782
2004-11-17,8999.078765545832
2004-11-18,8997.69656019656
2004-11-19,9002.84946236559
2004-11-22,9004.312130745033
2004-11-23,9002.59760103904
2004-11-24,8977.392362695877
2004-11-25,8963.732687504731
2004-11-26,9002.37951352168
2004-11-29,9015.565788480411
2004-11-30,9025.874388867996
2004-12-01,9010.004513314278
2004-12-02,9030.681988883884
2004-12-03,9046.022556390977
2004-12-06,9062.02456270934
2004-12-07,9094.39655172414
2004-12-08,9184.488721804511
2004-12-09,9166.035325065764
2004-12-10,9262.110529906755
2004-12-13,9283.501658124813
2004-12-14,9320.70286100473
2004-12-15,9256.728685645969
2004-12-16,9273.457204686218
2004-12-17,9304.214414957782
2004-12-20,9311.047989236058
2004-12-21,9322.308496341646
2004-12-22,9332.44172145846
2004-12-23,9289.231569560048
2004-12-24,9266.925121843155
2004-12-27,9303.969838101575
2004-12-28,9323.76586224602
2004-12-29,9332.458847736625
2004-12-30,9335.68803293149
2004-12-31,9290.000734160487
2005-01-03,9290.686310801806
2005-01-04,9290.347923681256
2005-01-05,9311.758923169995
2005-01-06,9315.004172039748
2005-01-07,9289.469696969696
2005-01-10,9290.391513393879
2005-01-11,9284.478429582286
2005-01-12,9197.450338686354
2005-01-13,9141.036880290207
2005-01-14,9164.250248262166
2005-01-17,9134.551012609858
2005-01-18,9157.457886676875
2005-01-19,9162.302224260491
2005-01-20,9158.54205318491
2005-01-21,9155.47327007637
2005-01-24,9138.254879448908
2005-01-25,9145.704414587333
2005-01-26,9146.766628219915
2005-01-27,9152.61016428681
2005-01-28,9150.663598005369
2005-01-31,9169.666283084003
2005-02-01,9235.004222000462
2005-02-02,9188.867621162239
2005-02-03,9201.438350896085
2005-02-04,9193.548387096775
2005-02-07,9210.49517284335
2005-02-08,9290.003133813852
2005-02-09,9291.81946403385
2005-02-10,9288.596697190264
2005-02-11,9270.361726954492
2005-02-14,9246.433253643865
2005-02-15,9271.435156730178
2005-02-16,9290.71319018405
2005-02-17,9295.360785215857
2005-02-18,9257.841859038268
2005-02-21,9270.35618536959
2005-02-22,9203.956643674677
2005-02-23,9246.406119821253
2005-02-24,9243.959276018099
2005-02-25,9271.76604633498
2005-02-28,9256.800181036433
2005-03-01,9273.554782082323
2005-03-02,9287.832989848102
2005-03-03,9291.768107121121
2005-03-04,9356.073198627524
2005-03-07,9330.355383799348
2005-03-08,9386.418541446474
2005-03-09,9340.356661171887
2005-03-10,9364.65806547841
2005-03-11,9365.004472271916
2005-03-14,9379.21029015854
2005-03-15,9357.453485765524
2005-03-16,9338.697375308457
2005-03-17,9363.90342353117
2005-03-18,9364.974772196701
2005-03-21,9405.712553981362
2005-03-22,9395.362428842505
2005-03-23,9403.92337164751
2005-03-24,9410.730241873363
2005-03-29,9515.95234411264
2005-03-30,9507.208529707177
2005-03-31,9468.443381672323
2005-04-01,9469.99768500656
2005-04-04,9485.00349297524
2005-04-05,9495.003903200626
2005-04-06,9480.0
2005-04-07,9490.002321442389
2005-04-08,9500.0
2005-04-11,9490.000770950583
2005-04-12,9487.000385059684
2005-04-13,9482.502708559046
2005-04-14,9520.0
2005-04-15,9536.998756605533
2005-04-18,9580.003084753605
2005-04-19,9575.0
2005-04-20,9585.500804659361
2005-04-21,9675.003829070301
2005-04-22,9675.00191175346
2005-04-25,9750.0
2005-04-26,9685.001155535012
2005-04-27,9560.0
2005-04-28,9580.0
2005-04-29,9559.998456432815
2005-05-02,9534.99961128819
2005-05-03,9535.00311138768
2005-05-04,9509.997683934223
2005-05-05,9509.996912150686
2005-05-06,9487.50289642388
2005-05-09,9482.501559575796
2005-05-10,9455.002333903842
2005-05-11,9456.00062102158
2005-05-12,9470.002349072116
2005-05-13,9474.998021369212
2005-05-16,9475.0
2005-05-17,9425.0
2005-05-18,9450.003961651217
2005-05-19,9450.0
2005-05-20,9450.003966050608
2005-05-23,9470.003187759005
2005-05-24,9470.000792581437
2005-05-25,9476.496338745623
2005-05-26,9490.002395592111
2005-05-27,9487.49900406342
2005-05-30,9486.000641436818
2005-05-31,9507.501419187414
2005-06-01,9574.999999999998
2005-06-02,9574.997961347142
2005-06-03,9579.998372528276
2005-06-06,9593.00032594524
2005-06-07,9555.002035002035
2005-06-08,9584.996754300551
2005-06-09,9625.002042650543
2005-06-10,9600.0
2005-06-13,9630.003316199634
2005-06-14,9605.004128819157
2005-06-15,9607.498550004142
2005-06-16,9627.503095336358
2005-06-17,9619.996715118667
2005-06-20,9642.497952497952
2005-06-21,9664.497188223619
2005-06-22,9664.503344067376
2005-06-23,9650.000000000002
2005-06-24,9650.0
2005-06-27,9662.997369286419
2005-06-28,9700.0
2005-06-29,9717.496266799402
2005-06-30,9762.504134965266
2005-07-01,9774.997931662116
2005-07-04,9864.999159239953
2005-07-05,9874.99789615417
2005-07-06,9779.996642323511
2005-07-07,9800.0
2005-07-08,9802.998991935485
2005-07-11,9762.502082292189
2005-07-12,9781.999013644585
2005-07-13,9784.99671700591
2005-07-14,9807.4997928234
2005-07-15,9769.999171705458
2005-07-18,9805.002488800399
2005-07-19,9818.997074801506
2005-07-20,9844.997098565864
2005-07-21,9765.003692459179
2005-07-22,9785.497817672735
2005-07-25,9815.002072109408
2005-07-26,9827.996996746475
2005-07-27,9831.000834028357
2005-07-28,9829.0
2005-07-29,9805.002894236335
2005-08-01,9782.003437269825
2005-08-02,9750.004092657771
2005-08-03,9760.001624959377
2005-08-04,9740.003247016803
2005-08-05,9745.002422089456
2005-08-08,9769.999999999998
2005-08-09,9795.002830112397
2005-08-10,9764.999596024883
2005-08-11,9812.503022974608
2005-08-12,9800.0
2005-08-15,9878.002262809116
2005-08-16,9909.997563550718
2005-08-17,9900.0
2005-08-18,9964.99631540162
2005-08-19,9985.00369367151
2005-08-22,10003.998037772872
2005-08-23,10072.500613095724
2005-08-24,10270.002456801245
2005-08-25,10325.0
2005-08-26,10385.000406272853
2005-08-29,10684.001952966066
2005-08-30,10450.004104753305
2005-08-31,10294.999180193474
2005-09-01,10350.0
2005-09-02,10350.003986922893
2005-09-05,10300.0
2005-09-06,10344.997196186814
2005-09-07,10360.003212593365
2005-09-08,10350.0
2005-09-09,10210.004027386225
2005-09-12,10099.999999999998
2005-09-13,10075.0
2005-09-14,10000.0
2005-09-15,10065.000409064878
2005-09-16,10150.004083966349
2005-09-19,10150.004118955434
2005-09-20,10185.000822774395
2005-09-21,10215.002044989777
2005-09-22,10225.000000000002
2005-09-23,10225.004126093414
2005-09-26,10229.99750644169
2005-09-27,10275.00208246564
2005-09-28,10370.000830771787
2005-09-29,10304.998756528228
2005-09-30,10290.001660853679
2005-10-03,10300.0
2005-10-04,10194.99916233875
2005-10-05,10029.999162969783
2005-10-06,10075.002072796617
2005-10-07,10027.503293807642
2005-10-10,10099.999999999998
2005-10-11,10069.996672766594
2005-10-12,10110.001665556296
2005-10-13,10145.0
2005-10-14,10110.000833402784
2005-10-17,10109.998336383298
2005-10-18,10105.001256597136
2005-10-19,10105.004184100417
2005-10-20,10084.999581694972
2005-10-21,10059.998334998334
2005-10-24,10059.996651038178
2005-10-25,9975.002080386119
2005-10-26,9991.99767808276
2005-10-27,10020.0
2005-10-28,10025.004119294777
2005-10-31,10114.99625717375
2005-11-01,10109.093937375083
2005-11-02,10059.998332221481
2005-11-03,10051.000747446225
2005-11-04,10054.998742981647
2005-11-07,10070.001691474967
2005-11-08,10104.999574141897
2005-11-09,9939.99829613222
2005-11-10,9977.503825879954
2005-11-11,9986.996665811748
2005-11-14,10002.501494066422
2005-11-15,10010.002571355104
2005-11-16,10010.002569153037
2005-11-17,10050.0
2005-11-18,10094.999571881155
2005-11-21,10035.00127000254
2005-11-22,10060.003418511238
2005-11-23,10055.001698369566
2005-11-24,10055.002970381058
2005-11-25,10051.500467567797
2005-11-28,10054.997441582807
2005-11-29,10039.99830407869
2005-11-30,10034.998725465206
2005-12-01,10032.498935717325
2005-12-02,9994.998717619903
2005-12-05,9959.998300331436
2005-12-06,9925.002121700756
2005-12-07,9835.004269854826
2005-12-08,9775.0
2005-12-09,9679.999999999998
2005-12-12,9754.004192872118
2005-12-13,9782.49895178197
2005-12-14,9800.0
2005-12-15,9835.002916909743
2005-12-16,9879.996661937746
2005-12-19,9854.99707773232
2005-12-20,9854.997908824758
2005-12-21,9825.0
2005-12-22,9835.002537641687
2005-12-23,9859.99662703432
2005-12-27,9825.0
2005-12-28,9830.001678415576
2005-12-29,9835.002114164903
2005-12-30,9829.999152326864
2006-01-02,9830.001691188905
2006-01-03,9725.002105263158
2006-01-04,9655.002896631631
2006-01-05,9592.496690933156
2006-01-06,9569.999173075332
2006-01-09,9460.001655903296
2006-01-10,9454.998342175068
2006-01-11,9464.998345466578
2006-01-12,9369.999174440683
2006-01-13,9371.999335492981
2006-01-16,9475.0
2006-01-17,9470.00414078675
2006-01-18,9503.496907216495
2006-01-19,9397.001573759628
2006-01-20,9435.001657275438
2006-01-23,9450.004072656187
2006-01-24,9491.998044328553
2006-01-25,9346.998535871156
2006-01-26,9359.99673575975
2006-01-27,9375.0
2006-01-30,9387.502069193843
2006-01-31,9373.997359300214
2006-02-01,9330.003307972212
2006-02-02,9350.0
2006-02-03,9309.999170881354
2006-02-06,9219.99833069026
2006-02-07,9190.002505637685
2006-02-08,9264.998326079678
2006-02-09,9234.998329435348
2006-02-10,9229.999999999998
2006-02-13,9235.001682368775
2006-02-14,9227.500420238695
2006-02-15,9217.002688172044
2006-02-16,9222.499578343735
2006-02-17,9242.50189665346
2006-02-20,9231.000670465974
2006-02-21,9262.497900218377
2006-02-22,9354.997894736842
2006-02-23,9264.999581834909
2006-02-24,9292.50168123739
2006-02-27,9234.998312521093
2006-02-28,9182.501052631578
2006-03-01,9182.499581729964
2006-03-02,9190.000838855802
2006-03-03,9185.000000000002
2006-03-06,9184.996255304985
2006-03-07,9252.002014605892
2006-03-08,9314.999160651334
2006-03-09,9303.498322147652
2006-03-10,9240.00335598624
2006-03-13,9245.00083878544
2006-03-14,9168.003013056577
2006-03-15,9145.002494595046
2006-03-16,9169.997514292816
2006-03-17,9149.503487894954
2006-03-20,9148.00394282898
2006-03-21,9115.003293807642
2006-03-22,9088.996602866848
2006-03-23,9014.997926171713
2006-03-24,9120.001670983373
2006-03-27,9044.997920997923
2006-03-28,9053.003972194638
2006-03-29,9150.0
2006-03-30,9135.003306878307
2006-03-31,9065.003304692666
2006-04-03,9027.49730581116
2006-04-04,8989.997544405336
2006-04-05,9014.99755341706
2006-04-06,9005.003248862897
2006-04-07,8989.999178914526
2006-04-10,8982.50268617241
2006-04-11,8995.00206526229
2006-04-12,9007.496907216495
2006-04-13,8987.497932859269
2006-04-18,8982.500816193275
2006-04-19,8904.997570063179
2006-04-20,8884.99919002106
2006-04-21,8885.00203004466
2006-04-24,8836.999595632835
2006-04-25,8812.997987927565
2006-04-26,8812.498993963784
2006-04-27,8802.996616723054
2006-04-28,8807.003270319854
2006-05-02,8782.496242980305
2006-05-03,8775.003961337346
2006-05-04,8795.997458703938
2006-05-05,8789.99842370744
2006-05-08,8735.003135779241
2006-05-09,8740.001575175238
2006-05-10,8721.997026371391
2006-05-11,8730.001572821642
2006-05-12,8735.000774353413
2006-05-15,9130.001559332606
2006-05-16,9215.003510962004
2006-05-17,8930.003105107902
2006-05-18,9185.003915426782
2006-05-19,9210.0023498081
2006-05-22,9324.998039676939
2006-05-23,9260.50151857332
2006-05-24,9380.001556299121
2006-05-25,9374.998039984319
2006-05-26,9259.998437133703
2006-05-29,9217.502743376705
2006-05-30,9189.99922112314
2006-05-31,9254.996891513832
2006-06-01,9339.996859296481
2006-06-02,9265.00195083886
2006-06-05,9279.996913103874
2006-06-06,9344.998832412237
2006-06-07,9372.49980451951
2006-06-08,9425.001963093835
2006-06-09,9400.0
2006-06-12,9419.99681832644
2006-06-13,9494.99642033251
2006-06-14,9479.001830772904
2006-06-15,9382.498017446473
2006-06-16,9300.000000000002
2006-06-19,9380.001588436184
2006-06-20,9380.001594133588
2006-06-21,9362.499999999998
2006-06-22,9357.50278175171
2006-06-23,9402.503599424092
2006-06-26,9400.0
2006-06-27,9355.001193602293
2006-06-28,9340.501193317423
2006-06-29,9365.998882592387
2006-06-30,9262.998505466843
2006-07-03,9150.0
2006-07-04,9063.998123680714
2006-07-05,9120.001563232765
2006-07-06,9120.0
2006-07-07,9070.00313038034
2006-07-10,9050.0
2006-07-11,9044.99842964824
2006-07-12,9109.998427920138
2006-07-13,9105.003151591553
2006-07-14,9175.003947576188
2006-07-17,9294.003667969062
2006-07-18,9239.996807916366
2006-07-19,9254.999198846339
2006-07-20,9165.000395475758
2006-07-21,9146.001577287065
2006-07-24,9184.999604211192
2006-07-25,9119.998417220639
2006-07-26,9100.0
2006-07-27,9070.000785114233
2006-07-28,9095.001579279848
2006-07-31,9095.002741442782
2006-08-01,9100.0
2006-08-02,9110.001562744179
2006-08-03,9107.503325248415
2006-08-04,9084.498123827392
2006-08-07,9070.000000000002
2006-08-08,9089.99922112314
2006-08-09,9089.9992235422
2006-08-10,9047.997199968888
2006-08-11,9074.003913894325
2006-08-14,9089.998427425695
2006-08-15,9095.497053045186
2006-08-16,9092.50371296803
2006-08-17,9092.499417656649
2006-08-18,9065.497578503358
2006-08-21,9065.500425729544
2006-08-22,9070.496409615986
2006-08-23,9099.50046831096
2006-08-24,9139.996882550075
2006-08-25,9132.502742516846
2006-08-28,9123.5
2006-08-29,9092.496876951906
2006-08-30,9120.00312061164
2006-08-31,9096.996342697066
2006-09-01,9095.997503315908
2006-09-04,9082.500778089014
2006-09-05,9080.0
2006-09-06,9087.500977096848
2006-09-07,9119.998429031499
2006-09-08,9126.500432628018
2006-09-11,9135.003539683788
2006-09-12,9152.0025179007
2006-09-13,9112.502958113118
2006-09-14,9132.500196494539
2006-09-15,9120.0
2006-09-18,9149.498618239242
2006-09-19,9157.997471155366
2006-09-20,9167.497633322813
2006-09-21,9139.996858062996
2006-09-22,9189.997659358663
2006-09-25,9247.50156641604
2006-09-26,9204.001575423394
2006-09-27,9209.996846420687
2006-09-28,9224.998033509006
2006-09-29,9225.0
2006-10-02,9204.99802916831
2006-10-03,9205.00117767135
2006-10-04,9220.001576789657
2006-10-05,9209.99921389828
2006-10-06,9207.501579279848
2006-10-09,9228.001269538998
2006-10-10,9224.501515393205
2006-10-11,9222.49860479949
2006-10-12,9219.50363099513
2006-10-13,9205.498007968128
2006-10-16,9165.49740311626
2006-10-17,9154.998403066113
2006-10-18,9157.498206170772
2006-10-19,9160.003184459836
2006-10-20,9157.497226184816
2006-10-23,9164.99681427206
2006-10-24,9165.002790846025
2006-10-25,9130.0
2006-10-26,9109.997629020785
2006-10-27,9104.998817314516
2006-10-30,9100.0
2006-10-31,9112.5
2006-11-01,9102.500587912518
2006-11-02,9111.999686692254
2006-11-03,9115.501567398118
2006-11-06,9133.498661628091
2006-11-07,9126.499411995295
2006-11-08,9107.498434564808
2006-11-09,9121.498905908096
2006-11-10,9116.50342039801
2006-11-13,9127.498051441933
2006-11-14,9128.501247660635
2006-11-15,9182.496873045655
2006-11-16,9155.498281786942
2006-11-17,9163.002974792547
2006-11-20,9153.500506191107
2006-11-21,9140.003121585765
2006-11-22,9133.998137513581
2006-11-23,9130.502586273451
2006-11-24,9141.000152928582
2006-11-27,9141.497636114078
2006-11-28,9185.502395983875
2006-11-29,9166.496921790682
2006-11-30,9164.999999999998
2006-12-01,9170.001510117789
2006-12-04,9150.003756856262
2006-12-05,9115.49771209962
2006-12-06,9120.001506704837
2006-12-07,9072.497555839664
2006-12-08,9069.50135583007
2006-12-11,9087.500948622599
2006-12-12,9066.996375717306
2006-12-13,9070.003769317755
2006-12-14,9068.50363856883
2006-12-15,9085.998779185107
2006-12-18,9087.002672775869
2006-12-19,9139.998480012158
2006-12-20,9090.00227221086
2006-12-21,9070.003035361968
2006-12-22,9077.501516070346
2006-12-27,9032.502469792538
2006-12-28,9037.50094891065
2006-12-29,8993.500379650723
2007-01-02,8987.498116051243
2007-01-03,8970.002267402313
2007-01-04,9010.003052037235
2007-01-05,9012.503821461327
2007-01-08,9039.996924496387
2007-01-09,9034.99769549854
2007-01-10,9079.996920234064
2007-01-11,9120.502156500308
2007-01-12,9130.000775614675
2007-01-15,9114.998840893284
2007-01-16,9072.500579016445
2007-01-17,9108.00216902936
2007-01-18,9103.002631171645
2007-01-19,9077.496527241858
2007-01-22,9089.99690785405
2007-01-23,9085.0
2007-01-24,9078.815840061516
2007-01-25,9094.999229465247
2007-01-26,9119.998449732579
2007-01-29,9122.498258648711
2007-01-30,9100.000000000002
2007-01-31,9099.999999999998
2007-02-01,9081.497695852535
2007-02-02,9076.996927803379
2007-02-05,9064.998065764023
2007-02-06,9054.00231570822
2007-02-07,9038.500038500038
2007-02-08,9052.497883149874
2007-02-09,9052.50249865457
2007-02-12,9043.501080580425
2007-02-13,9074.497005068346
2007-02-14,9068.001834581868
2007-02-15,9040.99870594504
2007-02-16,9050.003811266102
2007-02-19,9074.002436795614
2007-02-20,9062.50285279574
2007-02-21,9068.999619627235
2007-02-22,9080.49748206928
2007-02-23,9079.503578498554
2007-02-26,9067.5
2007-02-27,9092.501889644747
2007-02-28,9131.49648020589
2007-03-01,9152.499054820417
2007-03-02,9167.499810073692
2007-03-05,9255.002675227393
2007-03-06,9220.0
2007-03-07,9210.003806623527
2007-03-08,9172.498479318736
2007-03-09,9176.001520334476
2007-03-12,9172.499239890543
2007-03-13,9214.502950522014
2007-03-14,9219.502389440946
2007-03-15,9225.502797520036
2007-03-16,9226.499061913695
2007-03-19,9225.00187927535
2007-03-20,9155.001504211794
2007-03-21,9135.003385240352
2007-03-22,9106.501385663996
2007-03-23,9110.002251069258
2007-03-26,9103.497926875236
2007-03-27,9120.498988536749
2007-03-28,9149.498052142642
2007-03-29,9127.501497902937
2007-03-30,9125.003754317464
2007-04-02,9114.499476283107
2007-04-03,9092.498877077407
2007-04-04,9115.997603355303
2007-04-05,9100.0
2007-04-10,9100.0
2007-04-11,9084.997764197346
2007-04-12,9110.997252543255
2007-04-13,9096.002069169375
2007-04-16,9092.50184501845
2007-04-17,9087.497232268064
2007-04-18,9089.997790380792
2007-04-19,9102.499816189986
2007-04-20,9090.496839629575
2007-04-23,9089.503577487645
2007-04-24,9088.499484611986
2007-04-25,9081.998681222069
2007-04-26,9080.001471020889
2007-04-27,9077.497617825991
2007-04-30,9082.998897464167
2007-05-02,9072.49779216956
2007-05-03,9046.49966943363
2007-05-04,8974.500405574809
2007-05-07,8885.001836210064
2007-05-08,8889.496975955155
2007-05-09,8814.99815293683
2007-05-10,8765.003326679973
2007-05-11,8869.998516980571
2007-05-14,8800.0
2007-05-15,8805.000738661545
2007-05-16,8805.00221010756
2007-05-17,8794.998520272271
2007-05-18,8819.99703198041
2007-05-21,8759.99702469503
2007-05-22,8679.002527129478
2007-05-23,8710.0
2007-05-24,8739.998512790005
2007-05-25,8750.00371996131
2007-05-28,8743.001560990113
2007-05-29,8814.997409134652
2007-05-30,8840.0
2007-05-31,8830.000743328626
2007-06-01,8827.002083953557
2007-06-04,8775.003708648568
2007-06-05,8794.997044043748
2007-06-06,8905.002590098424
2007-06-07,8875.003711952486
2007-06-08,9104.996628960971
2007-06-11,9074.998128041932
2007-06-12,8980.0
2007-06-13,9082.99841950779
2007-06-14,9070.001503307276
2007-06-15,9045.500976415804
2007-06-18,8900.0
2007-06-19,8925.001865254048
2007-06-20,8944.998882847993
2007-06-21,9015.003358960961
2007-06-22,9004.999628003869
2007-06-25,9034.997399895996
2007-06-26,9080.0
2007-06-27,9133.00342312844
2007-06-28,9077.500556916908
2007-06-29,9035.001851166235
2007-07-02,9012.99676184869
2007-07-03,9014.998897139914
2007-07-04,9007.497429872228
2007-07-05,9009.999999999998
2007-07-06,9044.998528979111
2007-07-09,9019.998531679024
2007-07-10,8998.002341577638
2007-07-11,9032.501999563732
2007-07-12,9060.001450536698
2007-07-13,9022.500362792047
2007-07-16,9044.99673463464
2007-07-17,9054.99963691816
2007-07-18,9100.0
2007-07-19,9090.0
2007-07-20,9057.501992320509
2007-07-23,9072.498372042544
2007-07-24,9042.499819272754
2007-07-25,9104.998908535254
2007-07-26,9137.997376475732
2007-07-27,9194.996703538203
2007-07-30,9210.000732118018
2007-07-31,9225.001823885605
2007-08-01,9304.998902144478
2007-08-02,9300.0
2007-08-03,9273.00277493793
2007-08-06,9300.0
2007-08-07,9335.000724952879
2007-08-08,9294.497607655503
2007-08-09,9330.00218515551
2007-08-10,9347.501831501831
2007-08-13,9342.502380777965
2007-08-14,9354.999632109484
2007-08-15,9426.001780943901
2007-08-16,9475.001864975755
2007-08-17,9475.00371636688
2007-08-20,9389.997031760166
2007-08-21,9439.998519395913
2007-08-22,9394.997406062403
2007-08-23,9352.998379254457
2007-08-24,9405.001836210064
2007-08-27,9379.997071313517
2007-08-28,9395.001463700233
2007-08-29,9415.00256767662
2007-08-30,9420.0
2007-08-31,9390.003648303538
2007-09-03,9388.99647887324
2007-09-04,9405.0
2007-09-05,9398.498675301737
2007-09-06,9397.497988148365
2007-09-07,9397.502920560748
2007-09-10,9414.998187749185
2007-09-11,9440.002893518518
2007-09-12,9407.497299243787
2007-09-13,9402.496941785997
2007-09-14,9380.0
2007-09-17,9387.497297686821
2007-09-18,9377.500540852383
2007-09-19,9225.001788908767
2007-09-20,9160.0
2007-09-21,9159.997152822265
2007-09-24,9124.998228583576
2007-09-25,9167.503190131858
2007-09-26,9160.996673037445
2007-09-27,9140.0
2007-09-28,9145.003173707597
2007-10-01,9084.998594716133
2007-10-02,9090.497705612424
2007-10-03,9124.001408946813
2007-10-04,9124.998228081366
2007-10-05,9089.99717034522
2007-10-08,9069.997870679252
2007-10-09,9075.001781007339
2007-10-10,9075.003534568075
2007-10-11,9059.997182900206
2007-10-12,9060.001411133846
2007-10-15,9060.002811753127
2007-10-16,9060.0
2007-10-17,9095.0
2007-10-18,9092.502972235821
2007-10-19,9089.998600223964
2007-10-22,9134.999294084426
2007-10-23,9140.00280622983
2007-10-24,9177.498243148279
2007-10-25,9155.000349430427
2007-10-26,9122.497219132369
2007-10-29,9094.996873045653
2007-10-30,9104.99757062539
2007-10-31,9097.002837959437
2007-11-01,9107.002704014423
2007-11-02,9132.502244630155
2007-11-05,9160.001380452788
2007-11-06,9117.50189042414
2007-11-07,9119.997282977856
2007-11-08,9134.501568253103
2007-11-09,9125.001702649322
2007-11-12,9169.997942245696
2007-11-13,9184.000821523927
2007-11-14,9220.0
2007-11-15,9312.002185941663
2007-11-16,9319.998634905467
2007-11-19,9329.998635184933
2007-11-20,9350.003381805884
2007-11-21,9405.00202511138
2007-11-22,9380.497673477645
2007-11-23,9366.000405159024
2007-11-26,9380.0
2007-11-27,9400.0
2007-11-28,9417.501864786058
2007-11-29,9379.997285927535
2007-11-30,9370.00203238263
2007-12-03,9330.00136369835
2007-12-04,9292.999118105963
2007-12-05,9265.0
2007-12-06,9264.99931290367
2007-12-07,9272.503242542152
2007-12-10,9266.00081532817
2007-12-11,9275.0
2007-12-12,9300.497444633731
2007-12-13,9309.997956820815
2007-12-14,9327.500172306844
2007-12-17,9415.000347391093
2007-12-18,9394.998612652607
2007-12-19,9430.003475842892
2007-12-20,9430.002090738031
2007-12-21,9427.503477051461
2007-12-24,9415.002083622725
2007-12-27,9417.497933314964
2007-12-28,9394.500408385515
2007-12-31,9392.500509476258
2008-01-02,9379.997276688453
2008-01-03,9417.501525113536
2008-01-04,9434.99694438786
2008-01-07,9440.50125653739
2008-01-08,9450.4998299898
2008-01-09,9439.50272479564
2008-01-10,9437.498294912019
2008-01-11,9435.498918334235
2008-01-14,9430.00335683115
2008-01-15,9430.00134354427
2008-01-16,9444.997295835587
2008-01-17,9437.002246273229
2008-01-18,9447.498977783835
2008-01-21,9459.99861897528
2008-01-22,9479.99862011867
2008-01-23,9390.002744613696
2008-01-24,9376.498670122077
2008-01-25,9330.003400204014
2008-01-28,9350.003388681802
2008-01-29,9323.00142151222
2008-01-30,9287.501688048616
2008-01-31,9246.503026227303
2008-02-01,9207.502182819531
2008-02-04,9214.498617573672
2008-02-05,9210.001361655772
2008-02-06,9242.001231105944
2008-02-07,9242.00013727778
2008-02-08,9237.497416109694
2008-02-11,9275.0034383166
2008-02-12,9265.002063557573
2008-02-13,9260.002742355684
2008-02-14,9215.000683713935
2008-02-15,9170.001362954885
2008-02-18,9161.000273298716
2008-02-19,9169.997286663953
2008-02-20,9189.997270742359
2008-02-21,9164.997285559175
2008-02-22,9172.002963362069
2008-02-25,9129.999325099549
2008-02-26,9086.9974452064
2008-02-27,9052.997872906142
2008-02-28,9075.001653329806
2008-02-29,9098.701127447748
2008-03-03,9109.998026705256
2008-03-04,9084.999342364856
2008-03-05,9088.997104501184
2008-03-06,9059.997388863503
2008-03-07,9059.99870273075
2008-03-10,9180.0
2008-03-11,9187.00175564081
2008-03-12,9159.998707759902
2008-03-13,9215.002888874622
2008-03-14,9232.999164578112
2008-03-17,9265.003170577045
2008-03-18,9200.0
2008-03-19,9184.998725465206
2008-03-20,9234.999675808856
2008-03-25,9185.002248057037
2008-03-26,9190.0
2008-03-27,9200.0
2008-03-28,9205.001266143328
2008-03-31,9215.00126486213
2008-04-01,9223.001277139207
2008-04-02,9180.002558853634
2008-04-03,9250.0
2008-04-04,9235.00190815418
2008-04-07,9194.997769706239
2008-04-08,9194.998088441442
2008-04-09,9210.002543558438
2008-04-10,9192.497637795275
2008-04-11,9182.99753679025
2008-04-14,9189.99936984057
2008-04-15,9195.002527167046
2008-04-16,9190.996986438975
2008-04-17,9190.001260080646
2008-04-18,9185.0
2008-04-21,9184.998112970185
2008-04-22,9184.997803025548
2008-04-23,9210.0
2008-04-24,9220.001268311244
2008-04-25,9225.0
2008-04-28,9214.998720245714
2008-04-29,9219.998715560978
2008-04-30,9222.001287001287
2008-05-02,9225.003234571095
2008-05-05,9213.00129366106
2008-05-06,9210.00128799588
2008-05-07,9225.003240440701
2008-05-08,9280.002606372582
2008-05-09,9239.998706171562
2008-05-12,9243.99870382372
2008-05-13,9260.001292574161
2008-05-14,9294.999676144827
2008-05-15,9309.99741501874
2008-05-16,9284.998064266356
2008-05-19,9280.002567888552
2008-05-20,9284.99904085939
2008-05-21,9292.00152351933
2008-05-22,9310.003173595684
2008-05-23,9312.99707788083
2008-05-26,9350.00317238754
2008-05-27,9334.999999999998
2008-05-28,9300.0
2008-05-29,9309.999356954537
2008-05-30,9314.99871034305
2008-06-02,9304.999677855809
2008-06-03,9309.99807605977
2008-06-04,9315.498512866934
2008-06-05,9304.999350733671
2008-06-06,9324.998397127652
2008-06-09,9334.99746578814
2008-06-10,9334.999355919104
2008-06-11,9305.00161134386
2008-06-12,9324.99837841344
2008-06-13,9310.002608242045
2008-06-16,9315.000970308558
2008-06-17,9302.997997027847
2008-06-18,9284.999677273609
2008-06-19,9286.996964020413
2008-06-20,9260.0
2008-06-23,9272.997873848335
2008-06-24,9263.00102774923
2008-06-25,9254.997115199692
2008-06-26,9194.997139406269
2008-06-27,9214.99872999746
2008-06-30,9229.998731286476
2008-07-01,9220.0
2008-07-02,9215.000632671137
2008-07-03,9210.003147623544
2008-07-04,9212.00306298258
2008-07-07,9210.497731774329
2008-07-08,9204.99776885319
2008-07-09,9173.000318167356
2008-07-10,9159.001782531193
2008-07-11,9157.998105462584
2008-07-14,9151.498706379756
2008-07-15,9140.0
2008-07-16,9140.999496475328
2008-07-17,9148.003028582245
2008-07-18,9148.002023267578
2008-07-21,9151.998991045528
2008-07-22,9147.999246183805
2008-07-23,9141.998602375961
2008-07-24,9132.002296357721
2008-07-25,9121.99694928181
2008-07-28,9118.499936491808
2008-07-29,9122.999044890163
2008-07-30,9122.996985053564
2008-07-31,9094.997117417206
2008-08-01,9095.999743161681
2008-08-04,9086.99730181164
2008-08-05,9078.000903983988
2008-08-06,9072.502907352371
2008-08-07,9100.0
2008-08-08,9170.001326787846
2008-08-11,9175.0
2008-08-12,9170.000670825786
2008-08-13,9179.99731597665
2008-08-14,9180.49909438519
2008-08-15,9189.999321067282
2008-08-18,9190.002720348204
2008-08-19,9188.001635211554
2008-08-20,9159.997285190715
2008-08-21,9150.999054948023
2008-08-22,9139.998649378715
2008-08-25,9159.998645628768
2008-08-26,9175.00342512673
2008-08-27,9159.998645628768
2008-08-28,9160.002708008937
2008-08-29,9150.003393281304
2008-09-01,9160.002735790986
2008-09-02,9210.00275558005
2008-09-03,9207.000900214667
2008-09-04,9211.002208724462
2008-09-05,9374.998245244613
2008-09-08,9299.000984944421
2008-09-09,9320.001414027149
2008-09-10,9329.998580956437
2008-09-11,9425.003588345055
2008-09-12,9430.001421868334
2008-09-15,9450.0035333192
2008-09-16,9455.001051377305
2008-09-17,9399.999999999998
2008-09-18,9400.0
2008-09-19,9375.0
2008-09-22,9290.000686294694
2008-09-23,9329.99796347838
2008-09-24,9335.00340367597
2008-09-25,9372.503401360544
2008-09-26,9385.0
2008-09-29,9442.999512161126
2008-09-30,9430.000699154023
2008-10-01,9495.667921312408
2008-10-02,9430.000719269223
2008-10-03,9429.99855428654
2008-10-06,9590.002933841866
2008-10-07,9550.0
2008-10-08,9670.999927172092
2008-10-09,9625.003654436485
2008-10-10,9859.997054274982
2008-10-13,9820.001466383166
2008-10-14,9719.99709133217
2008-10-15,9780.0
2008-10-16,9974.998149107869
2008-10-17,9802.499253954044
2008-10-20,9845.001489868891
2008-10-21,9845.00151699029
2008-10-22,9900.0
2008-10-23,10000.0
2008-10-24,10212.996189266434
2008-10-27,10950.0
2008-10-28,10800.0
2008-10-29,10800.000000000002
2008-10-30,10674.99808208669
2008-10-31,10899.999999999998
2008-11-03,11000.0
2008-11-04,10900.0
2008-11-05,10988.003108003108
2008-11-06,11000.0
2008-11-07,11100.0
2008-11-10,11000.000000000002
2008-11-11,11374.998038754216
2008-11-12,11550.0
2008-11-13,11850.003992015969
2008-11-14,11800.0
2008-11-17,11900.0
2008-11-18,12075.00197581601
2008-11-19,12199.999999999998
2008-11-20,12250.0
2008-11-21,12400.0
2008-11-24,12550.003914507162
2008-11-25,12500.000000000002
2008-11-26,12350.00386548125
2008-11-27,12375.0
2008-11-28,12250.003928655615
2008-12-01,12400.0
2008-12-02,12500.0
2008-12-03,12100.134674799969
2008-12-04,11925.0
2008-12-05,11650.00394788788
2008-12-08,11649.999999999998
2008-12-09,11050.0
2008-12-10,10975.001934235977
2008-12-11,11050.003783579266
2008-12-12,11300.0
2008-12-15,11190.0
2008-12-16,11163.00219138057
2008-12-17,11025.001778220358
2008-12-18,11050.0
2008-12-19,11075.0
2008-12-22,11300.0
2008-12-23,11175.00357704965
2008-12-24,11224.998214923242
2008-12-29,11100.0
2008-12-30,11000.0
2008-12-31,10950.003592728319
2009-01-02,11100.0
2009-01-05,11100.0
2009-01-06,11000.000000000002
2009-01-07,10850.00367782273
2009-01-08,11029.999265623852
2009-01-09,10988.000584624378
2009-01-12,11175.003733014782
2009-01-13,11261.996682250037
2009-01-14,11127.002201472711
2009-01-15,11255.001910584639
2009-01-16,11028.00301431801
2009-01-19,11090.001517220451
2009-01-20,11309.002320185617
2009-01-21,11200.000000000002
2009-01-22,11250.0
2009-01-23,11330.003907776474
2009-01-26,11330.0
2009-01-27,11325.003795354487
2009-01-28,11325.0
2009-01-29,11374.99809320418
2009-01-30,11400.0
2009-02-02,11763.00156739812
2009-02-03,11675.001945676706
2009-02-04,11750.0
2009-02-05,11662.99789539325
2009-02-06,11775.0
2009-02-09,11764.998462484626
2009-02-10,11819.996915246395
2009-02-11,11850.0
2009-02-12,11960.001558482038
2009-02-13,11850.003899243547
2009-02-16,11960.0
2009-02-17,12299.999999999998
2009-02-18,12050.0
2009-02-19,12080.0
2009-02-20,12100.0
2009-02-23,11920.003125488356
2009-02-24,12000.0
2009-02-25,12025.001953888237
2009-02-26,12037.998748239712
2009-02-27,11979.998418222081
2009-03-02,12080.001587805651
2009-03-03,11994.998018232263
2009-03-04,12070.0039824771
2009-03-05,12125.00199123855
2009-03-06,12089.99841997156
2009-03-09,12010.003979307601
2009-03-10,11944.99726198858
2009-03-11,12025.003910527139
2009-03-12,12069.996870599281
2009-03-13,11975.00193723363
2009-03-16,11950.0
2009-03-17,12000.0
2009-03-18,11940.0
2009-03-19,11964.998902786921
2009-03-20,11789.99926193815
2009-03-23,11575.003687859567
2009-03-24,11400.0
2009-03-25,11675.003705350528
2009-03-26,11610.002204747556
2009-03-27,11496.998871756301
2009-03-30,11554.998863033428
2009-03-31,11700.0
2009-04-01,11680.001509889778
2009-04-02,11480.002986857826
2009-04-03,11458.003724394786
2009-04-06,11325.0
2009-04-07,11374.998113919277
2009-04-08,11328.002418562468
2009-04-09,11375.001883522942
2009-04-14,10900.000000000002
2009-04-15,10894.99734305018
2009-04-16,10699.999999999998
2009-04-17,10750.0
2009-04-20,10739.996915008483
2009-04-21,10875.0
2009-04-22,10900.0
2009-04-23,10925.003831417624
2009-04-24,10800.0
2009-04-27,10824.998095238096
2009-04-28,10880.003078817734
2009-04-29,10804.997738579828
2009-04-30,10600.0
2009-05-04,10510.194358315057
2009-05-05,10525.001865254048
2009-05-06,10422.999549617174
2009-05-07,10395.457606824815
2009-05-08,10364.998137802608
2009-05-11,10398.423456608221
2009-05-12,10356.910034349192
2009-05-13,10346.44351464435
2009-05-14,10390.15704490157
2009-05-15,10435.049563544904
2009-05-18,10379.457536682972
2009-05-19,10245.592124595945
2009-05-20,10294.653031409787
2009-05-21,10373.059327572435
2009-05-22,10227.411966790723
2009-05-25,10197.494646680942
2009-05-26,10267.220304860512
2009-05-27,10388.554780231638
2009-05-28,10325.0
2009-05-29,10312.994751028515
2009-06-01,10231.054852320674
2009-06-02,10260.696727068409
2009-06-03,10120.69402407264
2009-06-04,10087.293366442002
2009-06-05,9930.697608802991
2009-06-08,10077.63594403577
2009-06-09,10076.982591876209
2009-06-10,10005.531130336123
2009-06-11,10129.672847018397
2009-06-12,10096.043987432162
2009-06-15,10173.465703971118
2009-06-16,10224.996400287977
2009-06-17,10277.131502890174
2009-06-18,10280.73275862069
2009-06-19,10401.234567901234
2009-06-22,10458.94790012989
2009-06-23,10510.673916153957
2009-06-24,10381.495473661702
2009-06-25,10278.895265423243
2009-06-26,10220.722190692395
2009-06-29,10268.594394650734
2009-06-30,10207.711900382057
2009-07-01,10230.795970488081
2009-07-02,10231.63214463663
2009-07-03,10189.756585052466
2009-07-06,10230.366266100596
2009-07-07,10253.534488907912
2009-07-08,10249.902884684556
2009-07-09,10145.268048606147
2009-07-10,10196.467880008633
2009-07-13,10239.77817531306
2009-07-14,10209.641912658137
2009-07-15,10132.500532330187
2009-07-16,10124.225053078557
2009-07-17,10177.466288147622
2009-07-20,9990.068228177533
2009-07-21,10055.389158405402
2009-07-22,10088.605454161088
2009-07-23,10027.458008292922
2009-07-24,9999.536093343642
2009-07-27,9967.201625902306
2009-07-28,9924.23220184131
2009-07-29,9957.430516165625
2009-07-30,9954.856614246068
2009-07-31,9950.749752440233
2009-08-03,9902.789624554289
2009-08-04,9878.086763070078
2009-08-05,9909.70159611381
2009-08-06,9934.481558803061
2009-08-07,9966.176777878387
2009-08-10,9930.573158710042
2009-08-11,9921.050402371875
2009-08-12,9994.855328158079
2009-08-13,9952.49422794375
2009-08-14,9967.091087169441
2009-08-17,10033.442296759522
2009-08-18,10022.693425998157
2009-08-19,10130.661848072561
2009-08-20,10058.899108333919
2009-08-21,10015.69434752268
2009-08-24,10005.697130489423
2009-08-25,10024.643954202736
2009-08-26,10095.739313244569
2009-08-27,10167.486683487523
2009-08-28,10049.651907546644
2009-08-31,10082.78447309417
2009-09-01,10114.216850635741
2009-09-02,10162.137834036568
2009-09-03,10110.247645622603
2009-09-04,10115.243303884448
2009-09-07,10060.872295882762
2009-09-08,9989.995163407724
2009-09-09,9924.156452279301
2009-09-10,9935.641113784806
2009-09-11,9913.978347265998
2009-09-14,9954.934413845203
2009-09-15,9925.473957976867
2009-09-16,9689.768931906483
2009-09-17,9696.689777052747
2009-09-18,9699.782386943218
2009-09-21,9700.327466230045
2009-09-22,9686.637347767253
2009-09-23,9701.332611783806
2009-09-24,9654.130552546047
2009-09-25,9655.323790047716
2009-09-28,9730.662116040956
2009-09-29,9724.998281668843
2009-09-30,9649.682442122517
2009-10-01,9625.60698810097
2009-10-02,9645.325720575083
2009-10-05,9549.137931034484
2009-10-06,9415.30362722456
2009-10-07,9427.73240778549
2009-10-08,9433.773623247307
2009-10-09,9454.610169491525
2009-10-12,9490.077886894684
2009-10-13,9445.546286329387
2009-10-14,9368.375781197501
2009-10-15,9341.20694294941
2009-10-16,9398.130338287712
2009-10-19,9399.396701970774
2009-10-20,9395.437846503239
2009-10-21,9428.27558474633
2009-10-22,9568.406666666668
2009-10-23,9435.0
2009-10-26,9493.967640988081
2009-10-27,9585.639370713998
2009-10-28,9659.966181941158
2009-10-29,9594.346767649447
2009-10-30,9581.581081081082
2009-11-02,9559.76848090983
2009-11-03,9644.965206713057
2009-11-04,9509.640268274508
2009-11-05,9508.683661801306
2009-11-06,9460.092854259185
2009-11-09,9410.104111051789
2009-11-10,9414.385941467326
2009-11-11,9394.373877768172
2009-11-12,9426.578206674709
2009-11-13,9372.69975786925
2009-11-16,9395.302372201804
2009-11-17,9403.300840336135
2009-11-18,9413.017316306745
2009-11-19,9559.35544641055
2009-11-20,9467.829902126223
2009-11-23,9459.680652057723
2009-11-24,9516.747945754561
2009-11-25,9393.416429092356
2009-11-26,9444.151018512375
2009-11-27,9534.863922777853
2009-11-30,9467.243559874858
2009-12-01,9453.761443545176
2009-12-02,9435.58648111332
2009-12-03,9423.90873015873
2009-12-04,9415.244226174675
2009-12-07,9445.188341110435
2009-12-08,9506.958169757681
2009-12-09,9463.278710725896
2009-12-10,9440.332654446707
2009-12-11,9443.687741410855
2009-12-14,9469.932409367108
2009-12-15,9475.029227700983
2009-12-16,9483.660714285714
2009-12-17,9512.647284389599
2009-12-18,9505.328869359002
2009-12-21,9503.466035634743
2009-12-22,9484.697807969747
2009-12-23,9508.587839731017
2009-12-24,9478.156688428948
2009-12-28,9451.787573759111
2009-12-29,9439.749185893437
2009-12-30,9423.580694657554
2009-12-31,9458.649173955295
2010-01-04,9411.779831815971
2010-01-05,9337.418640077552
2010-01-06,9321.644599303136
2010-01-07,9273.916387024608
2010-01-08,9298.500665592377
2010-01-11,9152.085627753304
2010-01-12,9171.424625371175
2010-01-13,9149.254961203049
2010-01-14,9165.428689769433
2010-01-15,9214.978433282316
2010-01-18,9233.975920384159
2010-01-19,9289.390013306254
2010-01-20,9335.699122558732
2010-01-21,9333.759954493742
2010-01-22,9348.440042447824
2010-01-25,9336.379054483781
2010-01-26,9403.599574014908
2010-01-27,9424.026435474701
2010-01-28,9322.230159297094
2010-01-29,9359.32264069884
2010-02-01,9397.44124200388
2010-02-02,9354.258448733588
2010-02-03,9287.32837528604
2010-02-04,9346.782696612985
2010-02-05,9450.164341538237
2010-02-08,9405.30895795247
2010-02-09,9359.077034883721
2010-02-10,9367.787481804948
2010-02-11,9367.947222627206
2010-02-12,9338.793103448277
2010-02-15,9349.99632542074
2010-02-16,9313.971719539893
2010-02-17,9281.349264170187
2010-02-18,9315.375543598437
2010-02-19,9335.342850802574
2010-02-22,9296.433289299868
2010-02-23,9299.337114237313
2010-02-24,9313.323983169705
2010-02-25,9347.84639335755
2010-02-26,9323.537214443626
2010-03-01,9256.709796672829
2010-03-02,9300.346914673753
2010-03-03,9269.44505534785
2010-03-04,9267.844600526778
2010-03-05,9234.663525254013
2010-03-08,9186.407553798857
2010-03-09,9210.983255882571
2010-03-10,9172.667156502572
2010-03-11,9183.75924434356
2010-03-12,9130.65746458409
2010-03-15,9168.974826705582
2010-03-16,9168.170225169422
2010-03-17,9132.334981099157
2010-03-18,9138.667642752562
2010-03-19,9106.008266902863
2010-03-22,9128.193898003117
2010-03-23,9119.676011539314
2010-03-24,9132.0587794272
2010-03-25,9114.345612458821
2010-03-26,9113.659851718714
2010-03-29,9086.318758815232
2010-03-30,9080.010384215992
2010-03-31,9071.340603902367
2010-04-01,9095.55242055242
2010-04-06,9051.940877873993
2010-04-07,9052.226386806597
2010-04-08,9070.96119133574
2010-04-09,9034.339509862522
2010-04-12,9015.67905778432
2010-04-13,9032.997128763896
2010-04-14,9003.033419023137
2010-04-15,9007.996160661547
2010-04-16,9009.892870336165
2010-04-19,9049.486301369863
2010-04-20,9002.839982203766
2010-04-21,9010.334255589622
2010-04-22,9014.836194617286
2010-04-23,9010.33731500263
2010-04-26,9008.858193829292
2010-04-27,9007.027840481565
2010-04-28,9044.492261230653
2010-04-29,9013.518406759204
2010-04-30,9009.793466015773
2010-05-03,9027.26242634839
2010-05-04,9026.037130414852
2010-05-05,9145.125348189415
2010-05-06,9184.081087451874
2010-05-07,9224.462576494587
2010-05-10,9077.153211504357
2010-05-11,9094.644825956842
2010-05-12,9124.798991013717
2010-05-13,9103.916739493128
2010-05-14,9128.930515529939
2010-05-17,9128.893027775528
2010-05-18,9130.374959768265
2010-05-19,9192.379788101058
2010-05-20,9159.631911788552
2010-05-21,9265.37569016564
2010-05-24,9261.124595469255
2010-05-25,9349.61956966375
2010-05-26,9259.265578032333
2010-05-27,9266.88698490412
2010-05-28,9195.373062015504
2010-05-31,9162.379133826278
2010-06-01,9255.368161250513
2010-06-02,9260.869209363234
2010-06-03,9191.962830127162
2010-06-04,9183.424543946932
2010-06-07,9303.838113554644
2010-06-08,9311.170658181209
2010-06-09,9252.1898417985
2010-06-10,9239.003735990038
2010-06-11,9184.62109342789
2010-06-14,9096.628296187442
2010-06-15,9188.374938815468
2010-06-16,9167.37802394722
2010-06-17,9124.848337782092
2010-06-18,9156.854186873585
2010-06-21,9009.426196432894
2010-06-22,9023.935389133629
2010-06-23,9053.646809550974
2010-06-24,9061.482629261132
2010-06-25,9071.189197982756
2010-06-28,9030.391441769998
2010-06-29,9061.050991965896
2010-06-30,9063.523755195176
2010-07-01,9053.341985723557
2010-07-02,9064.84698756774
2010-07-05,9062.8601069348
2010-07-06,9066.77796327212
2010-07-07,9078.363969125488
2010-07-08,9063.388625592417
2010-07-09,9044.330141647542
2010-07-12,9053.977091950364
2010-07-13,9056.0426446018
2010-07-14,9044.682358497992
2010-07-15,9036.092921733707
2010-07-16,9044.36923076923
2010-07-19,9061.418538241876
2010-07-20,9083.213952039863
2010-07-21,9060.731840524302
2010-07-22,9054.194552529183
2010-07-23,9047.220283786928
2010-07-26,9032.147552393473
2010-07-27,9015.767666692243
2010-07-28,9001.639470443351
2010-07-29,8968.184252811998
2010-07-30,8940.044519496469
2010-08-02,8940.105561080089
2010-08-03,8937.266470009832
2010-08-04,8957.276995305165
2010-08-05,8932.50151699029
2010-08-06,8942.896174863386
2010-08-09,8932.837848034409
2010-08-10,8958.866976319197
2010-08-11,8984.311616472034
2010-08-12,9018.209538702113
2010-08-13,8978.904601922026
2010-08-16,8981.09984399376
2010-08-17,8962.884914463453
2010-08-18,8965.628881987577
2010-08-19,8968.198815830476
2010-08-20,8969.018959955945
2010-08-23,8977.818010075567
2010-08-24,8985.46507017683
2010-08-25,8982.470466978513
2010-08-26,8982.93547624675
2010-08-27,9047.274443483047
2010-08-30,9018.0
2010-08-31,9047.17665615142
2010-09-01,8993.4140625
2010-09-02,9007.434857232016
2010-09-03,9002.220663861617
2010-09-06,8989.171974522293
2010-09-07,9018.934400502198
2010-09-08,8993.526029770812
2010-09-09,8957.923712151001
2010-09-10,8946.090373280944
2010-09-13,8933.200531208498
2010-09-14,8964.52140077821
2010-09-15,8972.238047578721
2010-09-16,8961.026150787582
2010-09-17,8969.004594180704
2010-09-20,8977.810922441487
2010-09-21,8964.03963414634
2010-09-22,8947.029332535169
2010-09-23,8962.636042933273
2010-09-24,8954.831494184313
2010-09-27,8947.102470876309
2010-09-28,8955.995542347697
2010-09-29,8927.499816325031
2010-09-30,8919.57796014068
2010-10-01,8911.554713682062
2010-10-04,8936.91353520613
2010-10-05,8933.730043541365
2010-10-06,8918.605658198616
2010-10-07,8924.624194702936
2010-10-08,8932.564509153814
2010-10-11,8925.86825487945
2010-10-12,8938.914190703392
2010-10-13,8928.01260925634
2010-10-14,8917.658322104817
2010-10-15,8894.044999645113
2010-10-18,8932.412204951064
2010-10-19,8937.181614835126
2010-10-20,8938.720150061321
2010-10-21,8932.948059360731
2010-10-22,8940.390411942013
2010-10-25,8898.453424559902
2010-10-26,8920.895629672226
2010-10-27,8940.418749547198
2010-10-28,8936.068413076424
2010-10-29,8936.919968247095
2010-11-01,8922.059457130546
2010-11-02,8925.139106862605
2010-11-03,8917.910660767804
2010-11-04,8889.181409716371
2010-11-05,8904.757171258165
2010-11-08,8907.178271179135
2010-11-09,8907.371817855861
2010-11-10,8891.532316630355
2010-11-11,8909.970802919706
2010-11-12,8923.988038800962
2010-11-15,8962.498165272273
2010-11-16,8960.725830149868
2010-11-17,9005.40019286403
2010-11-18,8942.404924159157
2010-11-19,8962.468919116573
2010-11-22,8933.86824943211
2010-11-23,8987.329579134559
2010-11-24,8966.159382262536
2010-11-25,8966.789280084076
2010-11-26,9013.217391304348
2010-11-29,9027.673817130686
2010-11-30,9051.461763348207
2010-12-01,9006.504003049942
2010-12-02,9013.356138350438
2010-12-03,9002.393175298203
2010-12-06,9023.990963855422
2010-12-07,9002.940956372071
2010-12-08,9024.21212121212
2010-12-09,9020.009081277434
2010-12-10,9021.035940803382
2010-12-13,9015.632773045903
2010-12-14,9009.64644585039
2010-12-15,9027.806886227545
2010-12-16,9037.838042000301
2010-12-17,9031.923076923076
2010-12-20,9040.84582033924
2010-12-21,9041.53553781832
2010-12-22,9042.381025015255
2010-12-23,9051.041028781385
2010-12-24,9040.400030536683
2010-12-27,9033.38154689403
2010-12-28,9017.756726032589
2010-12-29,9000.266443361754
2010-12-30,8985.813253012047
2010-12-31,8982.293069899715
2011-01-03,8974.89511537309
2011-01-04,8981.126592653303
2011-01-05,8977.673503367896
2011-01-06,8997.066687036895
2011-01-07,9029.588766298897
2011-01-10,9097.744710532434
2011-01-11,9079.718875502009
2011-01-12,9030.941185539197
2011-01-13,9066.92173649519
2011-01-14,9012.375458835868
2011-01-17,9079.317857411164
2011-01-18,9052.411936280008
2011-01-19,9054.398045313195
2011-01-20,9062.670724465559
2011-01-21,9060.905258486799
2011-01-24,9077.466656841796
2011-01-25,9051.088555457489
2011-01-26,9038.16241502814
2011-01-27,9034.215514727326
2011-01-28,9029.445660102116
2011-01-31,9057.391177329828
2011-02-01,9028.49872773537
2011-02-02,9028.769108164892
2011-02-03,9048.250272826483
2011-02-04,8957.992810505466
2011-02-07,8938.692540396962
2011-02-08,8914.851485148514
2011-02-09,8925.126401406904
2011-02-10,8942.899147309614
2011-02-11,8952.59538598048
2011-02-14,8912.894345238095
2011-02-15,8893.819393042191
2011-02-16,8888.815692079941
2011-02-17,8876.098820058996
2011-02-18,8854.098480956924
2011-02-21,8849.82440737489
2011-02-22,8876.39569766591
2011-02-23,8853.244483285995
2011-02-24,8871.988673491614
2011-02-25,8837.414619968027
2011-02-28,8816.322104958797
2011-03-01,8798.198915009041
2011-03-02,8814.374683177639
2011-03-03,8805.79783393502
2011-03-04,8802.486207637745
2011-03-07,8783.311947533504
2011-03-08,8786.962152827746
2011-03-09,8771.93423319931
2011-03-10,8782.528768907867
2011-03-11,8780.599724097874
2011-03-14,8762.188127330082
2011-03-15,8826.447709593776
2011-03-16,8775.600315389578
2011-03-17,8782.433590402741
2011-03-18,8771.309271054493
2011-03-21,8726.997322812456
2011-03-22,8713.419182323552
2011-03-23,8709.762308998303
2011-03-24,8702.845413363533
2011-03-25,8716.514346439959
2011-03-28,8717.153648802736
2011-03-29,8714.090715199773
2011-03-30,8735.805535841022
2011-03-31,8704.687829942985
2011-04-01,8701.131461707093
2011-04-04,8667.998595505618
2011-04-05,8655.922631653253
2011-04-06,8651.594405594406
2011-04-07,8672.659805363019
2011-04-08,8648.343865009374
2011-04-11,8653.013717611197
2011-04-12,8652.56392536282
2011-04-13,8656.841233699028
2011-04-14,8689.216026664815
2011-04-15,8664.546712802769
2011-04-18,8674.935201401051
2011-04-19,8685.92504544819
2011-04-20,8649.438511884258
2011-04-21,8628.97696105321
2011-04-26,8647.205308886912
2011-04-27,8625.443141532587
2011-04-28,8583.432472624036
2011-04-29,8565.444145356661
2011-05-02,8542.185077845927
2011-05-03,8552.672530446549
2011-05-04,8551.982260448864
2011-05-05,8594.700958552721
2011-05-06,8578.477346389904
2011-05-09,8559.43599360978
2011-05-10,8554.05348934392
2011-05-11,8522.873859441388
2011-05-12,8597.08189076521
2011-05-13,8555.749299719888
2011-05-16,8600.403026232058
2011-05-17,8576.211982217204
2011-05-18,8561.805018626554
2011-05-19,8553.158079214862
2011-05-20,8545.690805647257
2011-05-23,8590.563480741797
2011-05-24,8568.720278231243
2011-05-25,8594.69756201578
2011-05-26,8583.829757199323
2011-05-27,8569.61794602173
2011-05-30,8547.078195067264
2011-05-31,8542.912756343414
2011-06-01,8542.059966685174
2011-06-02,8542.704011065007
2011-06-03,8525.379624516841
2011-06-06,8517.819950671417
2011-06-07,8511.923286923287
2011-06-08,8511.918127053668
2011-06-09,8522.498973586971
2011-06-10,8520.59229600994
2011-06-13,8548.362825693186
2011-06-14,8536.710963455149
2011-06-15,8548.789532605653
2011-06-16,8607.651902328222
2011-06-17,8596.391030133145
2011-06-20,8617.808219178083
2011-06-21,8600.313087038196
2011-06-22,8597.38139890255
2011-06-23,8602.589361103293
2011-06-24,8602.559774964839
2011-06-27,8623.717001055966
2011-06-28,8628.742724914102
2011-06-29,8605.178509532063
2011-06-30,8577.741645333148
2011-07-01,8538.797625621204
2011-07-04,8523.275862068966
2011-07-05,8532.203858654311
2011-07-06,8548.868557061043
2011-07-07,8545.490278655156
2011-07-08,8519.351214717035
2011-07-11,8538.239897552647
2011-07-12,8581.50983899821
2011-07-13,8542.826689405243
2011-07-14,8537.501760315448
2011-07-15,8541.559451435034
2011-07-18,8561.3100747597
2011-07-19,8546.264124293786
2011-07-20,8538.192440346307
2011-07-21,8545.985093517087
2011-07-22,8527.086373427837
2011-07-25,8524.374130737135
2011-07-26,8506.8827309792
2011-07-27,8481.5312197148
2011-07-28,8502.833099579244
2011-07-29,8505.322580645161
2011-08-01,8458.633368019424
2011-08-02,8484.347212420607
2011-08-03,8477.951048951049
2011-08-04,8510.872162485066
2011-08-05,8577.647474390675
2011-08-08,8549.384885764499
2011-08-09,8587.607766173687
2011-08-10,8532.505046286627
2011-08-11,8558.799406066606
2011-08-12,8561.621052631579
2011-08-15,8539.856034663499
2011-08-16,8529.282729805014
2011-08-17,8516.584927816537
2011-08-18,8552.348806458347
2011-08-19,8564.935696906501
2011-08-22,8544.369666273504
2011-08-23,8543.4448900567
2011-08-24,8558.089101364927
2011-08-25,8595.680809761508
2011-08-26,8568.094709068186
2011-08-29,8547.380410022779
2011-08-30,8544.278572420497
2011-08-31,8529.84775086505
2011-09-01,8512.915645782288
2011-09-02,8531.609961417047
2011-09-05,8537.59733824154
2011-09-06,8559.174409532592
2011-09-07,8561.157024793389
2011-09-08,8561.649102819709
2011-09-09,8600.904682637332
2011-09-12,8621.441124780316
2011-09-13,8707.629168193476
2011-09-14,8783.560346711341
2011-09-15,8786.545849945633
2011-09-16,8777.18023255814
2011-09-19,8960.032255699727
2011-09-20,8902.17359591539
2011-09-21,9077.698738633031
2011-09-22,9106.558596073766
2011-09-23,9072.509307520477
2011-09-26,9088.318518518518
2011-09-27,8952.146697105825
2011-09-28,8967.992076883575
2011-09-29,8945.86852735953
2011-09-30,9074.998148559578
2011-10-03,8897.006077886997
2011-10-04,8901.289735224946
2011-10-05,8910.332158656369
2011-10-06,8922.352852513377
2011-10-07,8893.977966354028
2011-10-10,8919.605679393806
2011-10-11,8936.422429631808
2011-10-12,8906.101990411158
2011-10-13,8872.616012238654
2011-10-14,8857.362207575867
2011-10-17,8817.603077816493
2011-10-18,8819.32582626499
2011-10-19,8799.407000289268
2011-10-20,8822.763815455928
2011-10-21,8862.182925061605
2011-10-24,8849.206120092378
2011-10-25,8846.953585285242
2011-10-26,8874.639190062468
2011-10-27,8820.066961105571
2011-10-28,8791.172316384182
2011-10-31,8854.596100278552
2011-11-01,8895.17135099435
2011-11-02,8930.328046925917
2011-11-03,8967.675887606187
2011-11-04,8950.976548319175
2011-11-07,8960.107699024886
2011-11-08,8925.232085871772
2011-11-09,8909.044230910293
2011-11-10,8969.675381903644
2011-11-11,8963.604395604396
2011-11-14,8964.902262244674
2011-11-15,8993.99940880875
2011-11-16,9023.961732423613
2011-11-17,9015.007418397625
2011-11-18,9019.342958161462
2011-11-21,9023.094070441373
2011-11-22,9052.005910602144
2011-11-23,9047.807574512586
2011-11-24,9183.384431316834
2011-11-25,9066.981631264645
2011-11-28,9127.53221456398
2011-11-29,9156.711157768446
2011-11-30,9111.02250708004
2011-12-01,8995.33056626149
2011-12-02,9005.477018725484
2011-12-05,9033.00104151168
2011-12-06,9052.404061520085
2011-12-07,9031.314943559843
2011-12-08,8997.009694258017
2011-12-09,9044.523311416617
2011-12-12,9046.66062938646
2011-12-13,9108.019118428041
2011-12-14,9200.2155006542
2011-12-15,9110.354097856978
2011-12-16,9036.31353337416
2011-12-19,9069.046706035739
2011-12-20,9085.72739788894
2011-12-21,9070.959092998315
2011-12-22,9059.998467080555
2011-12-23,9055.732557248984
2011-12-27,9204.68283724845
2011-12-28,9198.59262658712
2011-12-29,9202.824113585228
2011-12-30,9066.751680964526
2012-01-02,9079.242365674525
2012-01-03,9234.439834024897
2012-01-04,9147.474513438368
2012-01-05,9196.438591022445
2012-01-06,9105.00156543519
2012-01-09,9148.35795097423
2012-01-10,9152.318863210494
2012-01-11,9160.206007233843
2012-01-12,9172.338253768843
2012-01-13,9161.811917625872
2012-01-16,9200.11050595943
2012-01-17,9105.355746677093
2012-01-18,9052.123762762061
2012-01-19,8977.251955696694
2012-01-20,8945.783599441947
2012-01-23,8945.517400322653
2012-01-24,9002.807044528186
2012-01-25,8891.716890743317
2012-01-26,8958.37961201978
2012-01-27,8983.895017116774
2012-01-30,9029.633867276889
2012-01-31,8982.665452337582
2012-02-01,8977.973434535104
2012-02-02,8955.292500381855
2012-02-03,8970.866261398176
2012-02-06,8985.032970403312
2012-02-07,8992.503622359493
2012-02-08,8883.335844508061
2012-02-09,8922.102649006623
2012-02-10,8983.70611873531
2012-02-13,8998.664554096877
2012-02-14,9003.288024906979
2012-02-15,8997.234952642835
2012-02-16,9013.43398551841
2012-02-17,9034.265521696178
2012-02-20,8996.359113523293
2012-02-21,8991.22674330661
2012-02-22,9052.713529856388
2012-02-23,9061.33834586466
2012-02-24,9148.814494482553
2012-02-27,9147.004780400359
2012-02-28,9027.805856994202
2012-02-29,9044.498995759875
2012-03-01,9087.319711538463
2012-03-02,9094.348187939773
2012-03-05,9129.757942511347
2012-03-06,9184.421804911428
2012-03-07,9175.0
2012-03-08,9136.036852439209
2012-03-09,9133.348495186112
2012-03-12,9155.29384861651
2012-03-13,9174.052232518954
2012-03-14,9169.652426887153
2012-03-15,9171.348701845753
2012-03-16,9146.874046965539
2012-03-19,9124.349809885933
2012-03-20,9155.735717532958
2012-03-21,9155.001890359168
2012-03-22,9169.355206197311
2012-03-23,9158.420178220813
2012-03-26,9177.726724917145
2012-03-27,9156.656416410411
2012-03-28,9172.032691009972
2012-03-29,9165.45358649789
2012-03-30,9168.343815513628
2012-04-02,9141.031608979652
2012-04-03,9138.347728126173
2012-04-04,9153.743722416679
2012-04-05,9141.352923171105
2012-04-10,9161.44578313253
2012-04-11,9155.349935267686
2012-04-12,9165.437542765909
2012-04-13,9138.5686035899
2012-04-16,9173.610257985258
2012-04-17,9177.429180627474
2012-04-18,9179.561597800352
2012-04-19,9181.002598196546
2012-04-20,9179.01758641601
2012-04-23,9185.2943416343
2012-04-24,9190.464250436897
2012-04-25,9200.333181887021
2012-04-26,9187.045024593266
2012-04-27,9185.698087534962
2012-04-30,9186.57484486151
2012-05-02,9203.655471784328
2012-05-03,9250.918235159643
2012-05-04,9222.151995126409
2012-05-07,9207.941379574926
2012-05-08,9215.040307101728
2012-05-09,9229.003861003861
2012-05-10,9223.346963968828
2012-05-11,9188.357540173052
2012-05-14,9248.075876545128
2012-05-15,9263.559915907499
2012-05-16,9242.00031402104
2012-05-17,9243.825894969248
2012-05-18,9361.764012263187
2012-05-21,9302.909803921568
2012-05-22,9275.587406015038
2012-05-23,9311.635990204597
2012-05-24,9419.996814525763
2012-05-25,9522.70046229874
2012-05-28,9401.97357950024
2012-05-29,9491.791104367963
2012-05-30,9628.798842257596
2012-05-31,9526.808030315247
2012-06-01,9513.236487583184
2012-06-04,9431.945002814184
2012-06-05,9441.588221095826
2012-06-06,9380.849018822588
2012-06-07,9419.698292973402
2012-06-08,9469.618222649984
2012-06-11,9436.599170918367
2012-06-12,9422.270252961895
2012-06-13,9434.474230094143
2012-06-14,9437.064775715082
2012-06-15,9418.569387107018
2012-06-18,9410.60389919163
2012-06-19,9426.745383944846
2012-06-20,9443.805100755668
2012-06-21,9458.224151539069
2012-06-22,9452.436398436877
2012-06-25,9478.379244074313
2012-06-26,9476.152304609219
2012-06-27,9473.37714377304
2012-06-28,9472.14527299082
2012-06-29,9434.876886417793
2012-07-02,9387.302469625982
2012-07-03,9378.998011928428
2012-07-04,9354.116242038217
2012-07-05,9367.382906808305
2012-07-06,9436.38199886887
2012-07-09,9421.963719189782
2012-07-10,9432.608872608873
2012-07-11,9428.15660685155
2012-07-12,9471.005091147972
2012-07-13,9477.168649979483
2012-07-16,9469.171388683584
2012-07-17,9450.346063024183
2012-07-18,9471.186856302107
2012-07-19,9446.976479205665
2012-07-20,9458.942622950819
2012-07-23,9480.396530359356
2012-07-24,9488.171064604185
2012-07-25,9495.02225152464
2012-07-26,9479.918433931483
2012-07-27,9466.615247219292
2012-07-30,9465.384615384615
2012-07-31,9448.542819928363
2012-08-01,9447.26784843064
2012-08-02,9465.964684918194
2012-08-03,9471.122907309105
2012-08-06,9468.301155182164
2012-08-07,9464.771630749436
2012-08-08,9472.916666666668
2012-08-09,9472.457523778554
2012-08-10,9486.503017452293
2012-08-13,9490.23421671124
2012-08-14,9489.847797927461
2012-08-15,9505.38449006191
2012-08-16,9496.196758693704
2012-08-17,9506.622355515927
2012-08-20,9501.219512195123
2012-08-21,9490.328290955908
2012-08-22,9500.811375321338
2012-08-23,9484.249521988526
2012-08-24,9513.560406172544
2012-08-27,9521.005586592179
2012-08-28,9537.137392413135
2012-08-29,9554.507772020725
2012-08-30,9561.511479591836
2012-08-31,9549.195147093806
2012-09-03,9553.827180140039
2012-09-04,9573.622704507512
2012-09-05,9579.066624264588
2012-09-06,9568.808355752491
2012-09-07,9577.042342200535
2012-09-10,9571.109893550405
2012-09-11,9571.877688277156
2012-09-12,9571.48728287841
2012-09-13,9585.85592563904
2012-09-14,9505.360824742267
2012-09-17,9467.178664221305
2012-09-18,9506.365864869007
2012-09-19,9542.647285033072
2012-09-20,9549.405589007256
2012-09-21,9555.18170619033
2012-09-24,9562.890987921957
2012-09-25,9577.907516238787
2012-09-26,9594.877384196187
2012-09-27,9581.730619853968
2012-09-28,9575.297757153907
2012-10-01,9579.07897802283
2012-10-02,9581.113689095127
2012-10-03,9589.855858648481
2012-10-04,9589.074202764266
2012-10-05,9589.263190278418
2012-10-08,9598.850131193085
2012-10-09,9608.152551532465
2012-10-10,9609.116300721545
2012-10-11,9590.741600867006
2012-10-12,9590.40863531226
2012-10-15,9602.413075321872
2012-10-16,9593.63023148858
2012-10-17,9586.478658536584
2012-10-18,9604.68059155359
2012-10-19,9609.635596471038
2012-10-22,9609.331700222001
2012-10-23,9615.632449058054
2012-10-24,9610.3693401329
2012-10-25,9607.373200954362
2012-10-26,9644.267121165169
2012-10-29,9606.117227477127
2012-10-30,9615.113408424626
2012-10-31,9606.372662202724
2012-11-01,9622.597302504815
2012-11-02,9624.980544747083
2012-11-05,9624.849338655396
2012-11-06,9619.4765625
2012-11-07,9612.380354621058
2012-11-08,9628.627512562814
2012-11-09,9628.139278399243
2012-11-12,9614.338437377306
2012-11-13,9628.150598613736
2012-11-14,9625.585415684427
2012-11-15,9623.871119473188
2012-11-16,9629.28207140055
2012-11-19,9628.866948754114
2012-11-20,9636.763213365602
2012-11-21,9634.627098789535
2012-11-22,9636.120375397504
2012-11-23,9623.371291347123
2012-11-26,9620.996605985807
2012-11-27,9601.373350821696
2012-11-28,9621.635249398805
2012-11-29,9612.367246421423
2012-11-30,9603.334360080085
2012-12-03,9600.130198361032
2012-12-04,9609.63183623587
2012-12-05,9630.317642556449
2012-12-06,9632.64228886169
2012-12-07,9622.611390933747
2012-12-10,9630.93580819799
2012-12-11,9635.372893096282
2012-12-12,9630.996932515336
2012-12-13,9634.182151869694
2012-12-14,9639.186606528552
2012-12-17,9640.364741641337
2012-12-18,9643.124905144938
2012-12-19,9649.819576003609
2012-12-20,9653.185867431677
2012-12-21,9658.634264516619
2012-12-24,9655.666515357845
2012-12-27,9664.126338006936
2012-12-28,9637.631798528408
2012-12-31,9636.175534333788
2013-01-02,9767.689639571709
2013-01-03,9653.961227293543
2013-01-04,9659.998462957272
2013-01-07,9667.367129381088
2013-01-08,9670.7015130674
2013-01-09,9660.370710784313
2013-01-10,9661.107298101122
2013-01-11,9635.09115564261
2013-01-14,9636.361592084551
2013-01-15,9645.291513468897
2013-01-16,9655.916246139941
2013-01-17,9649.640933572711
2013-01-18,9630.13359351546
2013-01-21,9616.640396307137
2013-01-22,9629.638807539235
2013-01-23,9627.08177044261
2013-01-24,9624.64604090194
2013-01-25,9651.280718687356
2013-01-28,9678.362094614698
2013-01-29,9680.078910146654
2013-01-30,9747.441104792852
2013-01-31,9698.361623616236
2013-02-01,9712.35708003518
2013-02-04,9675.929752066117
2013-02-05,9673.177217995126
2013-02-06,9704.638603240364
2013-02-07,9703.63945076037
2013-02-08,9669.567818154628
2013-02-11,9610.925248301099
2013-02-12,9644.64205983033
2013-02-13,9645.318991097922
2013-02-14,9659.638328205898
2013-02-15,9670.018761726078
2013-02-18,9678.752246854405
2013-02-19,9705.685819162485
2013-02-20,9679.08750934929
2013-02-21,9712.581525860762
2013-02-22,9706.99984832398
2013-02-25,9705.006013229104
2013-02-26,9707.662307868775
2013-02-27,9693.372528059861
2013-02-28,9674.857186381294
2013-03-01,9693.115384615383
2013-03-04,9715.11493811025
2013-03-05,9699.815866196102
2013-03-06,9696.171845032603
2013-03-07,9694.419677171407
2013-03-08,9683.781512605043
2013-03-11,9694.62828997999
2013-03-12,9688.630966061442
2013-03-13,9691.110083968877
2013-03-14,9703.625260879648
2013-03-15,9706.113403637475
2013-03-18,9712.452625879805
2013-03-19,9718.912237330038
2013-03-20,9724.70451911935
2013-03-21,9739.132455460884
2013-03-22,9754.131912264442
2013-03-25,9740.378817162737
2013-03-26,9736.132493585257
2013-03-27,9733.717105263158
2013-03-28,9721.171417415071
2013-04-02,9739.205607476635
2013-04-03,9747.591206735266
2013-04-04,9757.62209393041
2013-04-05,9745.913164400496
2013-04-08,9747.124318513399
2013-04-09,9722.116564417178
2013-04-10,9688.629069234297
2013-04-11,9709.482430063266
2013-04-12,9707.722954336501
2013-04-15,9718.370155186913
2013-04-16,9719.521669586413
2013-04-17,9711.927793434383
2013-04-18,9717.117669605212
2013-04-19,9708.486465878765
2013-04-22,9716.86737746414
2013-04-23,9724.788298691301
2013-04-24,9716.869137321237
2013-04-25,9716.888379204893
2013-04-26,9719.993845680438
2013-04-29,9718.393960192176
2013-04-30,9719.476744186046
2013-05-02,9737.18444393905
2013-05-03,9741.22312032942
2013-05-06,9734.004730296789
2013-05-07,9736.03418020905
2013-05-08,9729.333840883137
2013-05-09,9725.110333282604
2013-05-10,9736.60301817062
2013-05-13,9739.219918291838
2013-05-14,9741.85096709563
2013-05-15,9755.309390547263
2013-05-16,9758.138091543833
2013-05-17,9755.948403139328
2013-05-20,9762.76355714619
2013-05-21,9762.272656614332
2013-05-22,9764.861100363692
2013-05-23,9783.271260086904
2013-05-24,9796.135713733673
2013-05-27,9796.931756704536
2013-05-28,9800.347812644923
2013-05-29,9801.621371216801
2013-05-30,9812.005562422744
2013-05-31,9797.378133169306
2013-06-03,9804.720172201722
2013-06-04,9804.873205010696
2013-06-05,9806.129945664652
2013-06-06,9794.122579661533
2013-06-07,9802.413273001508
2013-06-10,9961.988038458627
2013-06-11,9823.408423114595
2013-06-12,9859.629434360171
2013-06-13,9880.36800600826
2013-06-14,9877.11042621965
2013-06-17,9886.631176426481
2013-06-18,9904.628383430538
2013-06-19,9907.63091153215
2013-06-20,9924.378787878788
2013-06-21,9930.379362670712
2013-06-24,9932.141219624027
2013-06-25,9927.866605756053
2013-06-26,9963.912776412777
2013-06-27,9926.381215469613
2013-06-28,9923.860856269113
2013-07-01,9953.493901971313
2013-07-02,9934.385803180456
2013-07-03,9940.157419553978
2013-07-04,9940.380468268639
2013-07-05,9975.316308313282
2013-07-08,9956.163424124514
2013-07-09,9957.385082056466
2013-07-10,9965.386716615936
2013-07-11,9967.379638147808
2013-07-12,9990.616848243058
2013-07-15,10017.153396864433
2013-07-16,10122.28998322915
2013-07-17,10043.201887941534
2013-07-18,10125.609104101428
2013-07-19,10077.581345728873
2013-07-22,10064.848853106485
2013-07-23,10224.051593323216
2013-07-24,10280.348784538728
2013-07-25,10272.905620360552
2013-07-26,10275.384615384615
2013-07-29,10269.231348907311
2013-07-30,10273.885877747665
2013-07-31,10261.06967984934
2013-08-01,10279.60864309459
2013-08-02,10286.73028857078
2013-08-05,10285.388851172964
2013-08-06,10283.840361445784
2013-08-07,10284.614806463736
2013-08-08,10287.387724550897
2013-08-09,10279.38383309654
2013-08-12,10299.164156626506
2013-08-13,10301.143717080511
2013-08-14,10320.614664350978
2013-08-15,10403.391742498306
2013-08-16,10505.397301349325
2013-08-19,10559.607314148681
2013-08-20,10728.59916367981
2013-08-21,10837.2011356844
2013-08-22,11137.581625759964
2013-08-23,11024.934481467615
2013-08-26,11124.99812888257
2013-08-27,11331.428999850052
2013-08-28,11210.002247696111
2013-08-29,11149.623096638023
2013-08-30,11272.02115602569
2013-09-02,11386.386007420308
2013-09-03,11456.566960218646
2013-09-04,11452.000607395035
2013-09-05,11604.703832752613
2013-09-06,11558.61858656705
2013-09-09,11458.215855691982
2013-09-10,11310.279456193353
2013-09-11,11342.282182695208
2013-09-12,11166.215199398044
2013-09-13,11223.422339225273
2013-09-16,11122.123231264504
2013-09-17,11182.419886193471
2013-09-18,11086.908328340323
2013-09-19,10858.287190845329
2013-09-20,11080.412905135416
2013-09-23,11164.57654723127
2013-09-24,11244.704223261338
2013-09-25,11476.273696682463
2013-09-26,11241.417882806134
2013-09-27,11327.916081849746
2013-09-30,11421.895594224361
2013-10-01,11354.66283016084
2013-10-02,11324.58009618942
2013-10-03,11301.088715609829
2013-10-04,11242.411535349076
2013-10-07,11218.589743589744
2013-10-08,11161.63818503241
2013-10-09,11149.411764705883
2013-10-10,11127.002660360627
2013-10-11,10902.793749078579
2013-10-14,10920.598643468004
2013-10-15,10939.457496479657
2013-10-16,10987.478799498562
2013-10-17,10859.003074220465
2013-10-18,11328.756211634025
2013-10-21,10876.000585351576
2013-10-22,10836.587684657014
2013-10-23,10967.001163467132
2013-10-24,10837.783411807315
2013-10-25,11014.763736662555
2013-10-28,11052.437608821821
2013-10-29,11102.622022080186
2013-10-30,11106.208651399491
2013-10-31,11271.417051535811
2013-11-01,11335.209181784525
2013-11-04,11354.620168813859
2013-11-05,11354.075885578777
2013-11-06,11282.414736997856
2013-11-07,11394.388327721661
2013-11-08,11409.150472786836
2013-11-11,11560.004479617739
2013-11-12,11516.28945801072
2013-11-13,11419.932910920612
2013-11-14,11394.633819589164
2013-11-15,11620.0
2013-11-18,11632.573795960643
2013-11-19,11597.49666716042
2013-11-20,11511.066755378133
2013-11-21,11702.501484560571
2013-11-22,11473.198698032254
2013-11-25,11749.3044250407
2013-11-26,11762.97335203366
2013-11-27,11796.432774345396
2013-11-28,11790.126545026485
2013-11-29,11740.908089045624
2013-12-02,11769.99852245863
2013-12-03,11743.297982029755
2013-12-04,11900.316362566216
2013-12-05,11950.706193909078
2013-12-06,11930.437010467755
2013-12-09,11835.228100859931
2013-12-10,11906.196363636363
2013-12-11,11912.36289678216
2013-12-12,12048.174228675138
2013-12-13,12017.316238070953
2013-12-16,11982.876016260163
2013-12-17,11979.998545348752
2013-12-18,12069.88144592334
2013-12-19,12091.446550084145
2013-12-20,12194.375686561698
2013-12-23,12120.55904247555
2013-12-24,12147.339959076291
2013-12-27,12183.791805414796
2013-12-30,12217.31118043967
2013-12-31,12156.319338699152
2014-01-02,12152.547957241179
2014-01-03,12126.448584421301
2014-01-06,12164.556682840757
2014-01-07,12045.458544095007
2014-01-08,12043.217595998234
2014-01-09,12190.001469291801
2014-01-10,12015.75034959888
2014-01-13,11833.741028270106
2014-01-14,11845.474500621935
2014-01-15,12085.043363222108
2014-01-16,12121.063469883062
2014-01-17,12092.89605418139
2014-01-20,12093.822792274805
2014-01-21,12135.014047020553
2014-01-22,12142.319032876308
2014-01-23,12165.224723220179
2014-01-24,12162.446116753124
2014-01-27,12166.334748865134
2014-01-28,12142.44266979266
2014-01-29,12160.758377425045
2014-01-30,12193.450714601444
2014-01-31,12181.547795205684
2014-02-03,12239.954067269226
2014-02-04,12202.773873807233
2014-02-05,12151.502621280364
2014-02-06,12192.404594294185
2014-02-07,12161.138942095182
2014-02-10,12172.811262648482
2014-02-11,12144.830359754314
2014-02-12,12083.887128858763
2014-02-13,11984.91407678245
2014-02-14,11825.001823885606
2014-02-17,11784.998905029566
2014-02-18,11844.701769718156
2014-02-19,11752.280829392506
2014-02-20,11803.648037355902
2014-02-21,11743.999416356606
2014-02-24,11644.7469967237
2014-02-25,11642.976588628762
2014-02-26,11615.117295643304
2014-02-27,11665.553602811951
2014-02-28,11611.416781292985
2014-03-03,11598.9976757699
2014-03-04,11589.998547356188
2014-03-05,11586.462277891058
2014-03-06,11453.08112040742
2014-03-07,11387.231898661294
2014-03-10,11423.233196455587
2014-03-11,11444.238267148015
2014-03-12,11469.41023979261
2014-03-13,11395.359345861425
2014-03-14,11330.409104004608
2014-03-17,11292.132892276715
2014-03-18,11306.8191627104
2014-03-19,11313.598792496226
2014-03-20,11495.414910623454
2014-03-21,11423.584905660378
2014-03-24,11381.283577755192
2014-03-25,11412.415693668867
2014-03-26,11411.03618301791
2014-03-27,11415.242040994332
2014-03-28,11343.586016425612
2014-03-31,11360.001450536698
2014-04-01,11309.050036258159
2014-04-02,11292.497281623777
2014-04-03,11315.234913949604
2014-04-04,11321.788321167882
2014-04-07,11302.419296072287
2014-04-08,11287.41106432409
2014-04-09,11350.413223140496
2014-04-10,11415.59097137088
2014-04-11,11439.237312572088
2014-04-14,11437.412309250018
2014-04-15,11425.335072085778
2014-04-16,11437.290462427745
2014-04-17,11420.07939372068
2014-04-22,11531.584280234494
2014-04-23,11631.2057250253
2014-04-24,11609.261939218524
2014-04-25,11574.578844624393
2014-04-28,11587.922949282158
2014-04-29,11549.161001012586
2014-04-30,11560.339350180506
2014-05-02,11508.072428221036
2014-05-05,11518.04093988756
2014-05-06,11515.96988167802
2014-05-07,11574.912041358511
2014-05-08,11539.066867340356
2014-05-09,11494.913286408822
2014-05-12,11520.879041046132
2014-05-13,11518.375538203312
2014-05-14,11420.416940010206
2014-05-15,11420.623764550846
2014-05-16,11390.245327102804
2014-05-19,11415.581480131243
2014-05-20,11464.421252371916
2014-05-21,11508.547821000293
2014-05-22,11528.167983611356
2014-05-23,11612.443140132062
2014-05-26,11578.621195452879
2014-05-27,11595.424549054114
2014-05-28,11637.999706055261
2014-05-29,11618.755509844255
2014-05-30,11705.151760123466
2014-06-02,11774.04305341268
2014-06-03,11802.433125687065
2014-06-04,11887.157848389226
2014-06-05,11827.434215375544
2014-06-06,11831.520304940623
2014-06-09,11777.689594356261
2014-06-10,11806.481139735735
2014-06-11,11811.389975640363
2014-06-12,11787.115612063868
2014-06-13,11794.458401063988
2014-06-16,11823.115577889448
2014-06-17,11893.587853773584
2014-06-18,11982.444886824449
2014-06-19,11933.942731277533
2014-06-20,11971.415955254637
2014-06-23,11986.694616063549
2014-06-24,11990.53458657659
2014-06-25,12088.204186558944
2014-06-26,12104.556813170659
2014-06-27,12018.325991189426
2014-06-30,11896.434324205595
2014-07-01,11873.12974868498
2014-07-02,11916.227299355594
2014-07-03,11929.312619082515
2014-07-04,11842.43450103032
2014-07-07,11710.300176574456
2014-07-08,11628.287585547134
2014-07-09,11626.854370359479
2014-07-10,11580.116142311084
2014-07-11,11589.79036410445
2014-07-14,11670.573126880457
2014-07-15,11747.109380739
2014-07-16,11700.169967484482
2014-07-17,11681.804066543438
2014-07-18,11620.613678373382
2014-07-21,11544.570202692708
2014-07-22,11594.992953045024
2014-07-23,11491.429632380245
2014-07-24,11568.623812351545
2014-07-25,11578.705357142857
2014-07-28,11576.163180227797
2014-07-29,11593.29808623129
2014-07-30,11575.210805163793
2014-07-31,11578.279393078705
2014-08-01,11812.206047032476
2014-08-04,11758.947995827746
2014-08-05,11709.438051113435
2014-08-06,11801.641064068941
2014-08-07,11796.237283064032
2014-08-08,11776.538691365402
2014-08-11,11709.56222919468
2014-08-12,11686.160647384984
2014-08-13,11692.971556886227
2014-08-14,11674.986913931056
2014-08-15,11684.560800717061
2014-08-18,11685.631024433982
2014-08-19,11679.002546053618
2014-08-20,11717.321589882566
2014-08-21,11687.181420600211
2014-08-22,11678.661340167333
2014-08-25,11714.227272727272
2014-08-26,11698.446027895696
2014-08-27,11679.099946877133
2014-08-28,11716.44407345576
2014-08-29,11705.800727934487
2014-09-01,11718.845655981118
2014-09-02,11747.914601601218
2014-09-03,11765.386662611209
2014-09-04,11771.648098348058
2014-09-05,11758.317886932346
2014-09-08,11724.901521588014
2014-09-09,11797.372500387537
2014-09-10,11814.99729290742
2014-09-11,11854.293007425742
2014-09-12,11835.287294099451
2014-09-15,11957.540082100535
2014-09-16,11956.923314541664
2014-09-17,11967.922198209322
2014-09-18,12024.463952765693
2014-09-19,11964.106753812637
2014-09-22,11987.792915531336
2014-09-23,11962.39528389699
2014-09-24,11959.465148916264
2014-09-25,11992.471680302076
2014-09-26,12051.47659440779
2014-09-29,12175.482245492482
2014-09-30,12212.485098943018
2014-10-01,12146.449258113147
2014-10-02,12150.478980286598
2014-10-03,12197.85986049461
2014-10-06,12189.542379625946
2014-10-07,12235.488220829699
2014-10-08,12250.486358244365
2014-10-09,12164.522447700383
2014-10-10,12236.271561956006
2014-10-13,12193.485290638064
2014-10-14,12216.48742685434
2014-10-15,12224.451286909838
2014-10-16,12278.555180798496
2014-10-17,12089.526631833423
2014-10-20,12015.415329210053
2014-10-21,11995.353392885127
2014-10-22,12003.36405893012
2014-10-23,12043.428842055411
2014-10-24,12075.527292835137
2014-10-27,12126.524173830743
2014-10-28,12125.478506432382
2014-10-29,12095.375677161026
2014-10-30,12149.515796158119
2014-10-31,12112.488022995849
2014-11-03,12126.486832626271
2014-11-04,12114.519737893559
2014-11-05,12198.509615384615
2014-11-06,12152.512582887271
2014-11-07,12196.506092148793
2014-11-10,12174.995995514979
2014-11-11,12223.510946555056
2014-11-12,12184.567257559958
2014-11-13,12189.46692357097
2014-11-14,12228.4898681248
2014-11-17,12196.462868117798
2014-11-18,12113.480901390441
2014-11-19,12159.42560829677
2014-11-20,12149.485604912672
2014-11-21,12078.48977620351
2014-11-24,12141.490733279612
2014-11-25,12156.479394719896
2014-11-26,12179.486973947895
2014-11-27,12167.435897435897
2014-11-28,12244.436433549627
2014-12-01,12284.489534044431
2014-12-02,12292.498390212493
2014-12-03,12300.49468818425
2014-12-04,12312.501015352123
2014-12-05,12312.497977673514
2014-12-08,12362.514276390928
2014-12-09,12346.503355162096
2014-12-10,12345.505164622336
2014-12-11,12378.50016092694
2014-12-12,12513.510040160641
2014-12-15,12854.482536616772
2014-12-16,12877.514556911543
2014-12-17,12659.575835475578
2014-12-18,12568.57956857957
2014-12-19,12423.527974590765
2014-12-22,12444.359246268048
2014-12-23,12450.511749774829
2014-12-24,12451.509943530567
2014-12-29,12403.52545707961
2014-12-30,12417.49177631579
2014-12-31,12417.51091343382
2015-01-02,12516.000996429462
2015-01-05,12612.4129248846
2015-01-06,12668.339768339767
2015-01-07,12713.760459808977
2015-01-08,12642.241672331746
2015-01-09,12634.67366460679
2015-01-12,12604.9983056591
2015-01-13,12597.606518417926
2015-01-14,12622.71762208068
2015-01-15,12533.882815169114
2015-01-16,12583.629616845012
2015-01-19,12618.000861697543
2015-01-20,12553.622938077555
2015-01-21,12494.77270766842
2015-01-22,12464.684110862454
2015-01-23,12480.246472584391
2015-01-26,12493.44539309854
2015-01-27,12483.654696621263
2015-01-28,12507.554654442876
2015-01-29,12619.328325231994
2015-01-30,12686.510393631137
2015-02-02,12706.31299734748
2015-02-03,12621.668424753869
2015-02-04,12640.555652629739
2015-02-05,12611.551270815075
2015-02-06,12606.412160391368
2015-02-09,12666.563192904656
2015-02-10,12697.813578826237
2015-02-11,12825.004419303517
2015-02-12,12816.710805084746
2015-02-13,12798.559001845182
2015-02-16,12731.670757363254
2015-02-17,12768.103372755148
2015-02-18,12879.774885684135
2015-02-19,12854.202160358303
2015-02-20,12843.175783324483
2015-02-23,12928.916622411047
2015-02-24,12919.438559322032
2015-02-25,12882.980786180151
2015-02-26,12846.001590527525
2015-02-27,12950.142348754447
2015-03-02,12970.000890709896
2015-03-03,12995.173710601719
2015-03-04,12995.001797914418
2015-03-05,12975.941819495889
2015-03-06,12936.59582231141
2015-03-09,13068.600368324125
2015-03-10,13094.002607561928
2015-03-11,13176.054074494232
2015-03-12,13135.993592763592
2015-03-13,13213.999243284148
2015-03-16,13240.693378800795
2015-03-17,13162.012223789376
2015-03-18,13176.812688821752
2015-03-19,13048.627891729886
2015-03-20,13060.811061618413
2015-03-23,12984.503299120235
2015-03-24,12922.767123287671
2015-03-25,12965.489303595812
2015-03-26,13036.161487286978
2015-03-27,13023.682756079588
2015-03-30,13068.42784693407
2015-03-31,13062.34780184032
2015-04-01,13037.480241748024
2015-04-02,13001.440443213296
2015-04-07,12991.39854337605
2015-04-08,12941.40121524581
2015-04-09,12891.228884351218
2015-04-10,12928.410596026491
2015-04-13,13005.145943896894
2015-04-14,12978.123816736084
2015-04-15,12937.80130447112
2015-04-16,12845.140509756326
2015-04-17,12796.994636582209
2015-04-20,12907.302060990394
2015-04-21,12958.299065420559
2015-04-22,12887.66638741506
2015-04-23,12947.901968065355
2015-04-24,12954.000369549149
2015-04-27,12990.00184808723
2015-04-28,12948.677587626978
2015-04-29,12918.360298127613
2015-04-30,12971.654034774854
2015-05-04,13021.870516499283
2015-05-05,13066.942520464156
2015-05-06,13056.26001780944
2015-05-07,13139.274657231314
2015-05-08,13124.650209428748
2015-05-11,13146.02405313229
2015-05-12,13208.417118960764
2015-05-13,13121.343908742534
2015-05-14,13040.940537700326
2015-05-15,13133.933615819209
2015-05-18,13142.426903152164
2015-05-19,13139.946332737029
2015-05-20,13140.77172153265
2015-05-21,13132.237492140484
2015-05-22,13148.943031171622
2015-05-25,13182.182546912005
2015-05-26,13212.70364268717
2015-05-27,13220.546810273405
2015-05-28,13198.39390602056
2015-05-29,13229.024612579764
2015-06-01,13198.190789473683
2015-06-02,13211.39722549642
2015-06-03,13244.970361056225
2015-06-04,13296.589202085359
2015-06-05,13293.367801747194
2015-06-08,13349.471420892312
2015-06-09,13332.002844697307
2015-06-10,13285.415373703345
2015-06-11,13306.650641025642
2015-06-12,13325.338680926916
2015-06-15,13329.657692993404
2015-06-16,13344.003566651805
2015-06-17,13345.039453852294
2015-06-18,13308.821466152225
2015-06-19,13320.00177006815
2015-06-22,13292.992507712648
2015-06-23,13279.99821492324
2015-06-24,13303.692143048249
2015-06-25,13312.653935391754
2015-06-26,13323.968934118906
2015-06-29,13355.196263361178
2015-06-30,13350.996514433818
2015-07-01,13342.963963963963
2015-07-02,13331.104283390567
2015-07-03,13331.416726748379
2015-07-06,13353.997093023256
2015-07-07,13335.303265940902
2015-07-08,13357.728592162553
2015-07-09,13323.810385380857
2015-07-10,13286.964684845774
2015-07-13,13299.19449723957
2015-07-14,13331.601849333696
2015-07-15,13336.31574166591
2015-07-16,13387.512652986105
2015-07-17,13342.841399577555
2015-07-20,13417.85845927018
2015-07-21,13375.614244961811
2015-07-22,13411.419922949915
2015-07-23,13417.692517501591
2015-07-24,13476.844318493462
2015-07-27,13496.608790016278
2015-07-28,13445.48752834467
2015-07-29,13464.052583862194
2015-07-30,13490.616157005934
2015-07-31,13555.475517461477
2015-08-03,13505.789425623232
2015-08-04,13478.838968376926
2015-08-05,13514.132132684002
2015-08-06,13527.377124483233
2015-08-07,13535.618316424458
2015-08-10,13525.145985401457
2015-08-11,13634.997738579828
2015-08-12,13747.0551322277
2015-08-13,13834.629579620127
2015-08-14,13774.773968310805
2015-08-17,13867.873873873872
2015-08-18,13813.625678119348
2015-08-19,13842.3693506023
2015-08-20,13909.380309398193
2015-08-21,13939.615282333125
2015-08-24,14048.847525441419
2015-08-25,14033.095776116807
2015-08-26,14107.621469917558
2015-08-27,13998.741580999646
2015-08-28,14017.350017749379
2015-08-31,14060.891662951406
2015-09-01,14111.881452474192
2015-09-02,14144.91337183474
2015-09-03,14205.218630332176
2015-09-04,14174.636379960497
2015-09-07,14308.926969316346
2015-09-08,14276.034760795555
2015-09-09,14246.63793877368
2015-09-10,14298.1940098346
2015-09-11,14300.905218317359
2015-09-14,14340.902255639097
2015-09-15,14422.217314487634
2015-09-16,14431.777698610616
2015-09-17,14479.35820367751
2015-09-18,14361.888081268064
2015-09-21,14471.36
2015-09-22,14573.957866427612
2015-09-23,14616.502242152466
2015-09-24,14753.22480206387
2015-09-25,14654.972648192988
2015-09-28,14699.955237242613
2015-09-29,14675.348089967867
2015-09-30,14592.350263322323
2015-10-01,14668.97695687259
2015-10-02,14651.11111111111
2015-10-05,14422.356710573158
2015-10-06,14228.86671418389
2015-10-07,13751.171666962542
2015-10-08,13878.727563532968
2015-10-09,13506.86498855835
2015-10-12,13439.866350127495
2015-10-13,13637.796729382802
2015-10-14,13614.408413672218
2015-10-15,13453.413759944053
2015-10-16,13520.98591549296
2015-10-19,13623.647754345717
2015-10-20,13686.292095313462
2015-10-21,13748.55557512771
2015-10-22,13614.531954388758
2015-10-23,13585.077589317936
2015-10-26,13613.622740895467
2015-10-27,13650.709700750382
2015-10-28,13535.390166892195
2015-10-29,13680.896614821591
2015-10-30,13679.459017881458
2015-11-02,13653.226976069616
2015-11-03,13608.491253644317
2015-11-04,13483.603109282123
2015-11-05,13554.865386382431
2015-11-06,13549.116347569956
2015-11-09,13650.733110616186
2015-11-10,13632.135188124359
2015-11-11,13579.059350503918
2015-11-12,13626.636211075891
2015-11-13,13716.155704199182
2015-11-16,13780.033572694208
2015-11-17,13726.569821930647
2015-11-18,13825.679729983123
2015-11-19,13768.297932066998
2015-11-20,13594.236526946108
2015-11-23,13679.729094158594
2015-11-24,13724.692517134543
2015-11-25,13688.768184394483
2015-11-26,13766.943083301923
2015-11-27,13826.654064272212
2015-11-30,13843.869930995368
2015-12-01,13813.198113207547
2015-12-02,13801.451187335093
2015-12-03,13806.990909942837
2015-12-04,13845.973215923683
2015-12-07,13845.18456841521
2015-12-08,14068.193103448277
2015-12-09,14040.626999360204
2015-12-10,13946.906698345974
2015-12-11,14101.643835616438
2015-12-14,14136.82964581626
2015-12-15,14033.794358507734
2015-12-16,13987.944754413245
2015-12-17,14025.357439350611
2015-12-18,13931.432262827613
2015-12-21,13813.9374425023
2015-12-22,13662.38130021914
2015-12-23,13662.385489190181
2015-12-24,13631.625102767883
2015-12-28,13653.867907316184
2015-12-29,13723.392987582178
2015-12-30,13803.157605711147
2015-12-31,13814.632130063379
2016-01-04,13942.585795558816
2016-01-05,13846.528941001303
2016-01-06,13953.54682554459
2016-01-07,13930.05152741995
2016-01-08,13913.35972746524
2016-01-11,13846.822189566496
2016-01-12,13811.000369139905
2016-01-13,13820.247781065089
2016-01-14,13912.65950610484
2016-01-15,13989.47223749313
2016-01-18,13921.639735585752
2016-01-19,13810.774751564224
2016-01-20,13961.859356376639
2016-01-21,13908.005140916186
2016-01-22,13834.752035529238
2016-01-25,13855.894590846048
2016-01-26,13845.861400756667
2016-01-27,13860.148787656135
2016-01-28,13864.275887370448
2016-01-29,13706.630036630035
2016-02-01,13640.251745681733
2016-02-02,13687.251579815002
2016-02-03,13755.327906338609
2016-02-04,13626.592896662502
2016-02-05,13548.81271201571
2016-02-08,13673.38077650662
2016-02-09,13623.549305802777
2016-02-10,13446.504397263925
2016-02-11,13471.745835903763
2016-02-12,13491.38802660754
2016-02-15,13370.214669051877
2016-02-16,13431.730252552392
2016-02-17,13487.059985632186
2016-02-18,13488.94803320101
2016-02-19,13507.606344628697
2016-02-22,13445.193179756938
2016-02-23,13394.391928740228
2016-02-24,13447.17238867134
2016-02-25,13410.501496327197
2016-02-26,13369.998182809377
2016-02-29,13371.996693607642
2016-03-01,13337.01250919794
2016-03-02,13306.162490788505
2016-03-03,13234.996789285386
2016-03-04,13135.004557885142
2016-03-07,13090.002738975623
2016-03-08,13142.999637286906
2016-03-09,13170.755490750023
2016-03-10,13049.820392373584
2016-03-11,13060.98286744815
2016-03-14,13044.761219534128
2016-03-15,13177.495724187595
2016-03-16,13267.498192335503
2016-03-17,13039.996463619485
2016-03-18,13081.026686763013
2016-03-21,13197.418152781474
2016-03-22,13175.99892971816
2016-03-23,13213.561901351715
2016-03-24,13252.501344809038
2016-03-29,13361.76523137395
2016-03-30,13249.841045566938
2016-03-31,13197.048748353096
2016-04-01,13127.659202239329
2016-04-04,13147.407732864676
2016-04-05,13227.579836368435
2016-04-06,13254.29604798871
2016-04-07,13159.996480112635
2016-04-08,13144.996919827508
2016-04-11,13130.81650570676
2016-04-12,13090.417690417691
2016-04-13,13159.116657815544
2016-04-14,13192.605758976182
2016-04-15,13171.45515774548
2016-04-18,13170.838492835663
2016-04-19,13099.003790884246
2016-04-20,13158.99463924774
2016-04-21,13125.002201673273
2016-04-22,13203.471543993606
2016-04-25,13196.324573863636
2016-04-26,13216.585452290245
2016-04-27,13195.992214456339
2016-04-28,13186.502905441099
2016-04-29,13185.003946329913
2016-05-02,13160.576002784304
2016-05-03,13204.97017892644
2016-05-04,13316.001738374618
2016-05-05,13341.157443832504
2016-05-06,13369.003237945217
2016-05-09,13282.983764809127
2016-05-10,13308.413186813186
2016-05-11,13283.41660092909
2016-05-12,13285.749407322855
2016-05-13,13317.500881212549
2016-05-16,13307.7975980219
2016-05-17,13319.172998763033
2016-05-18,13388.997251529392
2016-05-19,13615.396981334286
2016-05-20,13625.055709064982
2016-05-23,13582.496656263933
2016-05-24,13680.390401146133
2016-05-25,13640.498833662301
2016-05-26,13603.501074498567
2016-05-27,13572.0361747851
2016-05-30,13645.004039859952
2016-05-31,13609.835036758113
2016-06-01,13668.9994630392
2016-06-02,13647.497318555595
2016-06-03,13579.003048233819
2016-06-06,13359.996475460393
2016-06-07,13247.003877335213
2016-06-08,13206.002812445071
2016-06-09,13288.759587410737
2016-06-10,13295.621019108281
2016-06-13,13321.920482783102
2016-06-14,13355.902004454343
2016-06-15,13366.544968833481
2016-06-16,13397.90585287274
2016-06-17,13325.51092944731
2016-06-20,13258.250970702436
2016-06-21,13262.497790348241
2016-06-22,13284.002481609501
2016-06-23,13137.03573623672
2016-06-24,13408.593891198265
2016-06-27,13396.52664120749
2016-06-28,13181.188476474308
2016-06-29,13144.499549143373
2016-06-30,13152.314898216537
2016-07-01,13110.004490345756
2016-07-04,13096.327886514637
2016-07-05,13128.68293558227
2016-07-06,13205.998735206433
2016-07-07,13180.0
2016-07-08,13193.49593495935
2016-07-11,13102.497963616617
2016-07-12,13122.502704652
2016-07-13,13045.502167630058
2016-07-14,13052.003226673838
2016-07-15,13087.5
2016-07-18,13090.500316656113
2016-07-19,13088.500226551881
2016-07-20,13106.174521020612
2016-07-21,13117.004085338176
2016-07-22,13115.534773924099
2016-07-25,13136.496084501912
2016-07-26,13175.22960807493
2016-07-27,13144.536438904559
2016-07-28,13102.497745716862
2016-07-29,13101.50274453343
2016-08-01,13032.560014331779
2016-08-02,13068.498168498169
2016-08-03,13159.499999999998
2016-08-04,13155.001795977012
2016-08-05,13103.002868411617
2016-08-08,13126.00342743754
2016-08-09,13131.910092074384
2016-08-10,13078.996781115879
2016-08-11,13100.0
2016-08-12,13105.995698153793
2016-08-15,13096.001788908765
2016-08-16,13081.00044267375
2016-08-17,13150.000000000002
2016-08-18,13136.003886582457
2016-08-19,13192.000706339395
2016-08-22,13228.002830355563
2016-08-23,13220.99832436723
2016-08-24,13285.001774937879
2016-08-25,13263.002657218778
2016-08-26,13202.834366696192
2016-08-29,13267.000895255147
2016-08-30,13264.998209169054
2016-08-31,13283.00395256917
2016-09-01,13282.59465279024
2016-09-02,13247.002590905031
2016-09-05,13139.503406238797
2016-09-06,13116.999731158707
2016-09-07,13059.998220165526
2016-09-08,13031.427053824362
2016-09-09,13131.567270145544
2016-09-12,13099.50115802601
2016-09-13,13186.005156930736
2016-09-14,13233.998930290605
2016-09-15,13175.00444286476
2016-09-16,13157.50044539462
2016-09-19,13167.129422301836
2016-09-20,13141.99749642346
2016-09-21,13135.497757847534
2016-09-22,13072.66417512013
2016-09-23,13076.502586053148
2016-09-26,13030.003551767002
2016-09-27,12934.001782531193
2016-09-28,12947.501113585746
2016-09-29,12975.00222796542
2016-09-30,13050.99901442523
2016-10-03,12982.50266998932
2016-10-04,12998.001971149537
2016-10-05,13033.913121041835
2016-10-06,13017.997317836387
2016-10-07,12985.915619389585
2016-10-10,12977.499999999998
2016-10-11,13044.354183590576
2016-10-12,13030.317604355716
2016-10-13,13077.49592317449
2016-10-14,13050.863479367386
2016-10-17,13058.004366017829
2016-10-18,13030.00090966979
2016-10-19,12994.999544585115
2016-10-20,13007.504553734061
2016-10-21,13073.58074591218
2016-10-24,13018.997337250941
2016-10-25,13005.99705665931
2016-10-26,13010.068649885583
2016-10-27,13032.460876727373
2016-10-28,13050.503570774583
2016-10-31,13040.215603873561
2016-11-01,13048.0
2016-11-02,13051.590806669672
2016-11-03,13068.004338394794
2016-11-04,13088.848823582439
2016-11-07,13088.003977580907
2016-11-08,13096.84725493749
2016-11-09,13190.99981854473
2016-11-10,13284.882973841211
2016-11-11,13404.99816581071
2016-11-14,13357.502087779529
2016-11-15,13368.62052949373
2016-11-16,13470.996075499907
2016-11-17,13372.501632919659
2016-11-18,13427.50023520557
2016-11-21,13390.998024644907
2016-11-22,13426.0243006499
2016-11-23,13536.521411054518
2016-11-24,13550.000000000002
2016-11-25,13517.503776435045
2016-11-28,13529.99622213827
2016-11-29,13572.50378214826
2016-11-30,13552.496473906913
2016-12-01,13544.998588500988
2016-12-02,13520.306333395978
2016-12-05,13432.498598392822
2016-12-06,13382.504192286195
2016-12-07,13325.004659832246
2016-12-08,13286.498792046088
2016-12-09,13327.502604413296
2016-12-12,13327.500943752359
2016-12-13,13312.865221489163
2016-12-14,13288.002630590003
2016-12-15,13425.00239946252
2016-12-16,13389.999042053836
2016-12-19,13397.908270965265
2016-12-20,13468.99845619452
2016-12-21,13434.987045389118
2016-12-22,13472.730754500191
2016-12-23,13434.932031399578
2016-12-27,13448.08042125419
2016-12-28,13442.495913854438
2016-12-29,13462.498804171053
2016-12-30,13446.001328147235
2017-01-02,13527.998088867653
2017-01-03,13479.499277804525
2017-01-04,13384.363322793906
2017-01-05,13360.270450433292
2017-01-06,13365.00141656436
2017-01-09,13345.121719284898
2017-01-10,13289.997160972842
2017-01-11,13329.001237741599
2017-01-12,13250.997284389923
2017-01-13,13331.497983303629
2017-01-16,13366.499905606948
2017-01-17,13329.03406963684
2017-01-18,13342.498124531134
2017-01-19,13373.003374578178
2017-01-20,13409.998118886382
2017-01-23,13363.555762949138
2017-01-24,13322.320431708225
2017-01-25,13329.507586335287
2017-01-26,13379.130841121494
2017-01-27,13366.622975376837
2017-01-30,13333.37723424271
2017-01-31,13355.239423523943
2017-02-01,13367.93327154773
2017-02-02,13352.498149518875
2017-02-03,13344.995810445955
2017-02-06,13294.996265870053
2017-02-07,13328.496487119439
2017-02-08,13324.997655883732
2017-02-09,13255.003741114853
2017-02-10,13297.99604854643
2017-02-13,13320.999153259949
2017-02-14,13308.933446295772
2017-02-15,13321.629559450495
2017-02-16,13319.996244836651
2017-02-17,13332.49765258216
2017-02-20,13358.750941974376
2017-02-21,13372.496915630634
2017-02-22,13356.19708931799
2017-02-23,13327.437813298026
2017-02-24,13317.306060891697
2017-02-27,13362.897893643147
2017-02-28,13336.00075493064
2017-03-01,13361.99563277319
2017-03-02,13358.502948449686
2017-03-03,13382.498816848083
2017-03-06,13348.111782477343
2017-03-07,13347.002647503781
2017-03-08,13399.772641151949
2017-03-09,13397.64003411999
2017-03-10,13375.231001320008
2017-03-13,13355.997374097346
2017-03-14,13370.24738970934
2017-03-15,13360.31820749388
2017-03-16,13316.996084281185
2017-03-17,13345.003259755984
2017-03-20,13313.504464285716
2017-03-21,13318.996482132938
2017-03-22,13328.999722402146
2017-03-23,13317.003523085481
2017-03-24,13326.496992133272
2017-03-27,13303.388740931216
2017-03-28,13299.438253982871
2017-03-29,13309.639002605138
2017-03-30,13316.00074508708
2017-03-31,13317.687774763821
2017-04-03,13322.502579495356
2017-04-04,13327.997371138861
2017-04-05,13324.002622213897
2017-04-06,13319.998124882806
2017-04-07,13322.126058325495
2017-04-10,13279.996218566836
2017-04-11,13281.499623210248
2017-04-12,13283.998114097125
2017-04-13,13256.500470366887
2017-04-18,13296.498782999437
2017-04-19,13326.993006993007
2017-04-20,13323.499302000931
2017-04-21,13320.003739016638
2017-04-24,13279.000737463126
2017-04-25,13277.504361399322
2017-04-26,13295.31809418893
2017-04-27,13313.996875287196
2017-04-28,13329.002744739251
2017-05-02,13311.497938616583
2017-05-03,13305.504167048264
2017-05-04,13327.500686373203
2017-05-05,13329.997263023446
2017-05-08,13309.498994331687
2017-05-09,13350.0
2017-05-10,13357.498621576915
2017-05-11,13343.001841620626
2017-05-12,13329.496138286137
2017-05-15,13298.997448049582
2017-05-16,13300.497332489374
2017-05-17,13311.999640190701
2017-05-18,13465.998742025338
2017-05-19,13311.995706234906
2017-05-22,13275.816063328291
2017-05-23,13300.258582255909
2017-05-24,13308.496381667115
2017-05-25,13297.003745318352
2017-05-26,13300.77706323687
2017-05-29,13314.998212370396
2017-05-30,13323.50308780095
2017-05-31,13308.002851795738
2017-06-01,13310.00089134504
2017-06-02,13311.00115895516
2017-06-05,13285.998755444929
2017-06-06,13294.794812577724
2017-06-07,13300.998484443257
2017-06-08,13297.996259684745
2017-06-09,13298.997852541159
2017-06-12,13298.003742981908
2017-06-13,13287.046447356692
2017-06-14,13282.495760064267
2017-06-15,13318.24288017195
2017-06-16,13297.501567117399
2017-06-19,13280.60541119743
2017-06-20,13293.59985657942
2017-06-21,13307.526688795191
2017-06-22,13327.49574715731
2017-06-23,13305.003132551688
2017-06-26,13303.361044069008
2017-06-27,13307.004788082993
2017-06-28,13327.498901098903
2017-06-29,13332.99745903794
2017-06-30,13327.497371188223
2017-07-03,13389.999120415165
2017-07-04,13366.000176164891
2017-07-05,13380.942713390414
2017-07-06,13388.001756697407
2017-07-07,13407.465825446898
2017-07-10,13398.998858347239
2017-07-11,13391.003945637878
2017-07-12,13369.997379683815
2017-07-13,13347.499343084874
2017-07-14,13338.50197109067
2017-07-17,13312.999476531146
2017-07-18,13300.0
2017-07-19,13318.000520246249
2017-07-20,13334.497170222028
2017-07-21,13312.497852602646
2017-07-24,13320.999313186812
2017-07-25,13318.00068411151
2017-07-26,13318.000687049123
2017-07-27,13319.993158884898
2017-07-28,13334.001193622646
2017-07-31,13323.995906881553
2017-08-01,13324.001015916017
2017-08-02,13317.000591765998
2017-08-03,13325.497470489041
2017-08-04,13305.999325918436
2017-08-07,13320.996863609393
2017-08-08,13313.001523616049
2017-08-09,13332.50362287955
2017-08-10,13357.01500170474
2017-08-11,13364.181895452612
2017-08-14,13354.835975247945
2017-08-15,13363.998637602179
2017-08-16,13369.95730145175
2017-08-17,13353.996751303754
2017-08-18,13363.994889267462
2017-08-21,13352.002380749938
2017-08-22,13343.003992863816
2017-08-23,13350.00423764726
2017-08-24,13339.996611892258
2017-08-25,13345.503048780487
2017-08-28,13336.000000000002
2017-08-29,13350.996015936254
2017-08-30,13346.500503524674
2017-08-31,13346.384778012683
2017-09-01,13318.271812080537
2017-09-04,13330.155396892063
2017-09-05,13334.00336417157
2017-09-06,13329.00008381527
2017-09-07,13301.169492941273
2017-09-08,13163.225538971808
2017-09-11,13162.49895807285
2017-09-12,13200.0
2017-09-13,13202.496034727441
2017-09-14,13267.000420698361
2017-09-15,13256.716542673244
2017-09-18,13254.996652159356
2017-09-19,13269.996658870698
2017-09-20,13280.503039893394
2017-09-21,13346.9970600588
2017-09-22,13300.0
2017-09-25,13317.072554141738
2017-09-26,13391.99966064308
2017-09-27,13439.996593135167
2017-09-28,13493.003905586687
2017-09-29,13457.99593427071
2017-10-02,13566.995912806538
2017-10-03,13542.499787288352
2017-10-04,13453.474166454569
2017-10-05,13458.652699710441
2017-10-06,13513.00076877082
2017-10-09,13534.003064873148
2017-10-10,13488.997202678647
2017-10-11,13523.203719357565
2017-10-12,13508.999662618084
2017-10-13,13496.003386960203
2017-10-16,13482.495975599424
2017-10-17,13504.65175610171
2017-10-18,13516.001361818027
2017-10-19,13514.999154977184
2017-10-20,13510.00169233373
2017-10-23,13534.003407155027
2017-10-24,13550.999064705384
2017-10-25,13571.99830292745
2017-10-26,13598.000510507954
2017-10-27,13630.986643688064
2017-10-30,13574.53496383052
2017-10-31,13565.002577762503
2017-11-01,13583.999311057527
2017-11-02,13528.003434950622
2017-11-03,13493.214377627179
2017-11-06,13515.996548748923
2017-11-07,13527.72011762671
2017-11-08,13517.99827437446
2017-11-09,13524.99570077386
2017-11-10,13544.997425776557
2017-11-13,13564.567604667125
2017-11-14,13553.503618561088
2017-11-15,13535.000000000002
2017-11-16,13523.999660181802
2017-11-17,13527.50317931327
2017-11-20,13523.996265172736
2017-11-21,13527.00119474313
2017-11-22,13516.001361818027
2017-11-23,13481.99696151249
2017-11-24,13519.003115264799
2017-11-27,13501.999665327978
2017-11-28,13503.861036339164
2017-11-29,13503.999323581635
2017-11-30,13532.99856527977
2017-12-01,13532.141354648718
2017-12-04,13515.99662873999
2017-12-05,13512.999071494893
2017-12-06,13546.001523229246
2017-12-07,13548.13337858476
2017-12-08,13550.0
2017-12-11,13545.998643608003
2017-12-12,13602.25225225225
2017-12-13,13607.004089979551
2017-12-14,13573.00126635711
2017-12-15,13577.003218702353
2017-12-18,13588.503603221703
2017-12-19,13581.798189968706
2017-12-20,13577.999155761923
2017-12-21,13549.000758917278
2017-12-22,13558.170927191428
2017-12-27,13554.754098360656
2017-12-28,13561.999329646387
2017-12-29,13540.49862419745
2018-01-02,13481.997513468712
2018-01-03,13455.002911087084
2018-01-04,13420.0
2018-01-05,13420.0
2018-01-08,13434.25206715109
2018-01-09,13441.996312437142
2018-01-10,13430.503669112743
2018-01-11,13399.50070733128
2018-01-12,13330.897256323638
2018-01-15,13307.037549890038
2018-01-16,13337.497955846278
2018-01-17,13359.026468901091
2018-01-18,13343.179403351041
2018-01-19,13313.496532027744
2018-01-22,13351.997712231392
2018-01-23,13343.995428198219
2018-01-24,13317.997085492227
2018-01-25,13293.003949383414
2018-01-26,13314.99678353168
2018-01-29,13398.99830357864
2018-01-30,13389.002495773288
2018-01-31,13375.997431163201
2018-02-01,13417.850549803354
2018-02-02,13466.05027217419
2018-02-05,13495.0
2018-02-06,13575.002027739474
2018-02-07,13559.247852164048
2018-02-08,13648.000326477308
2018-02-09,13658.999429642303
2018-02-12,13636.752833727474
2018-02-13,13639.998378334549
2018-02-14,13615.751538710723
2018-02-15,13525.054030256942
2018-02-16,13517.49839537869
2018-02-19,13552.441579371474
2018-02-20,13630.251215559158
2018-02-21,13610.99740090968
2018-02-22,13710.99706744868
2018-02-23,13675.99804862184
2018-02-26,13664.001623376624
2018-02-27,13672.782700593447
2018-02-28,13749.00114622564
2018-03-01,13803.434393229807
2018-03-02,13777.997076023392
2018-03-05,13762.501015682132
2018-03-06,13721.996615905244
2018-03-07,13757.002496577272
2018-03-08,13779.003300861446
2018-03-09,13812.366772435113
2018-03-12,13767.997073646562
2018-03-13,13712.99886896106
2018-03-14,13728.99991915272
2018-03-15,13756.997001863705
2018-03-16,13760.377205105277
2018-03-19,13777.000568689577
2018-03-20,13761.005213424567
2018-03-21,13763.120625101741
2018-03-22,13752.500811951933
2018-03-23,13763.996436092662
2018-03-26,13734.0020949158
2018-03-27,13739.996767937942
2018-03-28,13758.662687530248
2018-03-29,13743.99805210616
2018-04-03,13760.115372115699
2018-04-04,13766.503747148907
2018-04-05,13771.753670473083
2018-04-06,13773.500081739414
2018-04-09,13782.696684005203
2018-04-10,13750.999110104362
2018-04-11,13765.003229974162
2018-04-12,13769.496064270066
2018-04-13,13752.999918811398
2018-04-16,13775.24656426839
2018-04-17,13775.002023144776
2018-04-18,13768.00129157249
2018-04-19,13786.746890647715
2018-04-20,13926.996506621172
2018-04-23,13939.998365746038
2018-04-24,13871.366576598704
2018-04-25,13920.000000000002
2018-04-26,13877.9996712689
2018-04-27,13855.252692626345
2018-04-30,13905.248778872425
2018-05-02,13960.4147580578
2018-05-03,13933.247164776518
2018-05-04,13977.700726877767
2018-05-07,14060.998151571166
2018-05-08,14085.004212299917
2018-05-09,14069.997474534894
2018-05-10,14029.996632429704
2018-05-11,13970.747444276854
2018-05-14,13970.003336670005
2018-05-15,14067.003281999496
2018-05-16,14071.749830278346
2018-05-17,14052.003388394745
2018-05-18,14146.999405822937
2018-05-21,14176.494599880942
2018-05-22,14138.00237408852
2018-05-23,14214.998291766311
2018-05-24,14140.117667121416
2018-05-25,14111.434689507494
2018-05-28,14019.993129508757
2018-05-29,14020.799446270981
2018-05-30,13947.6530261348
2018-05-31,13907.00059834174
2018-06-01,13879.004199160167
2018-06-04,13872.003067223312
2018-06-05,13882.997858672377
2018-06-06,13855.002124946875
2018-06-07,13877.171341669484
2018-06-08,13929.99829845159
2018-06-11,13975.496183206107
2018-06-12,13967.602646759415
2018-06-13,13963.311798707922
2018-06-14,13932.685421994885
2018-06-15,13988.953087271473
2018-06-18,14078.10212692672
2018-06-19,14164.530951968096
2018-06-20,14095.897391604767
2018-06-21,14093.77708441671
2018-06-22,14104.747596153844
2018-06-25,14155.0
2018-06-26,14177.998629198082
2018-06-27,14191.003787878788
2018-06-28,14330.000863334195
2018-06-29,14285.503516898269
2018-07-02,14400.0
2018-07-03,14372.996142306041
2018-07-04,14352.344957911013
2018-07-05,14385.002989153643
2018-07-06,14370.001705902421
2018-07-09,14324.997879379083
2018-07-10,14343.003500384188
2018-07-11,14365.00213037921
2018-07-12,14382.003774232287
2018-07-13,14418.302842909903
2018-07-16,14375.0
2018-07-17,14370.000854189799
2018-07-18,14405.003875635175
2018-07-19,14475.0
2018-07-20,14517.497857754925
2018-07-23,14490.124615909868
2018-07-24,14499.299504527593
2018-07-25,14443.601368691188
2018-07-26,14455.001707067258
2018-07-27,14417.496774193547
2018-07-30,14390.99623416638
2018-07-31,14419.998295841855
2018-08-01,14439.99658002736
2018-08-02,14475.002152018595
2018-08-03,14463.298239558162
2018-08-06,14470.241704929393
2018-08-07,14430.003447681434
2018-08-08,14434.99870566917
2018-08-09,14409.997412231518
2018-08-10,14475.872905027934
2018-08-13,14595.001315443304
2018-08-14,14580.00175346309
2018-08-15,14599.999999999998
2018-08-16,14610.0
2018-08-17,14638.003687121412
2018-08-20,14590.0
2018-08-21,14595.000869414014
2018-08-22,14580.001721763087
2018-08-23,14630.002590897317
2018-08-24,14628.003106662063
2018-08-27,14627.250064471762
2018-08-28,14621.99829205807
2018-08-29,14655.0
2018-08-30,14690.00171057133
2018-08-31,14788.430177667153
2018-09-03,14893.996037557066
2018-09-04,14935.132330046707
2018-09-05,14935.002590226215
2018-09-06,14890.44180849235
2018-09-07,14820.0
2018-09-10,14853.997061619568
2018-09-11,14870.00172801106
2018-09-12,14824.997842037115
2018-09-13,14801.996557659208
2018-09-14,14804.996150226709
2018-09-17,14866.995116099735
2018-09-18,14857.997777207833
2018-09-19,14875.289277449216
2018-09-20,14844.931599966012
2018-09-21,14818.368908920826
2018-09-24,14875.00212350293
2018-09-25,14919.75885199966
2018-09-26,14937.547925364233
2018-09-27,14905.89390962672
2018-09-28,14901.503109882515
2018-10-01,14910.003446493192
2018-10-02,15044.996967859306
2018-10-03,15068.938344302043
2018-10-04,15169.996522343941
2018-10-05,15180.001738223535
2018-10-08,15217.503049311728
2018-10-09,15291.648447748143
2018-10-10,15203.000000000002
2018-10-11,15234.997840172786
2018-10-12,15205.00259201659
2018-10-15,15209.99913651671
2018-10-16,15164.347976180201
2018-10-17,15168.75108412836
2018-10-18,15193.498478922205
2018-10-19,15187.497820401048
2018-10-22,15197.25073951627
2018-10-23,15189.94598362084
2018-10-24,15196.997102467294
2018-10-25,15187.5
2018-10-26,15207.051564565889
2018-10-29,15218.996573236098
2018-10-30,15214.052057685542
2018-10-31,15202.500441774166
2018-11-01,15090.230843500394
2018-11-02,14917.9994744679
2018-11-05,14975.998240985047
2018-11-06,14802.502625131256
2018-11-07,14580.003482197266
2018-11-08,14540.003501400559
2018-11-09,14684.999118632115
2018-11-12,14807.012871726585
2018-11-13,14822.999733593819
2018-11-14,14766.448300283288
2018-11-15,14683.051747014593
2018-11-16,14611.316763617133
2018-11-19,14590.006125842303
2018-11-20,14597.67095700902
2018-11-21,14598.246997984046
2018-11-22,14543.541173375426
2018-11-23,14531.192741367162
2018-11-26,14474.99779987679
2018-11-27,14486.749646892655
2018-11-28,14535.501595179014
2018-11-29,14344.550803547905
2018-11-30,14302.500220089796
2018-12-03,14285.448288033887
2018-12-04,14289.99912349899
2018-12-05,14394.997357759381
2018-12-06,14519.998238040702
2018-12-07,14470.152141412364
2018-12-10,14592.0
2018-12-11,14610.246946128835
2018-12-12,14597.496915212409
2018-12-13,14507.396007387213
2018-12-14,14620.841825431988
2018-12-17,14575.002204391145
2018-12-18,14479.00149424277
2018-12-19,14442.498903989475
2018-12-20,14447.995808226357
2018-12-21,14627.948133870686
2018-12-24,14588.499298737728
2018-12-27,14598.048694734993
2018-12-28,14527.047319713636
2018-12-31,14410.480349344978
2019-01-02,14463.551811880321
2019-01-03,14410.001762425096
2019-01-04,14243.050074541787
2019-01-07,14087.05111402359
2019-01-08,14145.0
2019-01-09,14125.002182453078
2019-01-10,14079.003034243606
2019-01-11,14086.551634440302
2019-01-14,14123.999302345861
2019-01-15,14124.002100840335
2019-01-16,14150.381947493195
2019-01-17,14180.001755001756
2019-01-18,14202.052271531309
2019-01-21,14240.996303467698
2019-01-22,14233.001585344373
2019-01-23,14172.965602181754
2019-01-24,14165.003086147606
2019-01-25,14084.999118632117
2019-01-28,14062.550359082152
2019-01-29,14090.001751006828
2019-01-30,14130.002624901566
2019-01-31,13910.497910863509
2019-02-01,13956.498997471885
2019-02-04,14012.503276539972
2019-02-05,13975.496804692286
2019-02-06,13922.0028084957
2019-02-07,14000.0
2019-02-08,13965.000881367883
2019-02-11,14080.864797948536
2019-02-12,14068.502124645895
2019-02-13,14068.465280849181
2019-02-14,14089.998225062123
2019-02-15,14142.504440497336
2019-02-18,14106.497175141243
2019-02-19,14102.001062511068
2019-02-20,14040.001763357432
2019-02-21,14073.013915800599
2019-02-22,14057.395143487858
2019-02-25,14017.613386173492
2019-02-26,14011.0025525922
2019-02-27,14024.00316177762
2019-02-28,14076.497897687457
2019-03-01,14114.908196433276
2019-03-04,14129.999117932435
2019-03-05,14129.499514520257
2019-03-06,14152.498894294558
2019-03-07,14187.00204063526
2019-03-08,14318.99839600784
2019-03-11,14290.003557452863
2019-03-12,14265.18847006652
2019-03-13,14236.795541006812
2019-03-14,14298.75166002656
2019-03-15,14275.999292536257
2019-03-18,14237.37774253238
2019-03-19,14175.004402183484
2019-03-20,14164.999119253127
2019-03-21,14117.001844208307
2019-03-22,14198.000353919659
2019-03-25,14180.0
2019-03-26,14170.002656983439
2019-03-27,14239.99644791759
2019-03-28,14267.498662863258
2019-03-29,14240.0
2019-04-01,14225.0
2019-04-02,14219.999999999998
2019-04-03,14176.999021613448
2019-04-04,14168.000713076033
2019-04-05,14155.497195762488
2019-04-08,14163.00017784101
2019-04-09,14132.996364281282
2019-04-10,14150.004433017113
2019-04-11,14174.50284090909
2019-04-12,14092.500662485645
2019-04-15,14060.001767877664
2019-04-16,14084.997788589118
2019-04-17,14085.001327316164
2019-04-18,14042.497777777777
2019-04-23,14075.002223210315
2019-04-24,14095.0040146311
2019-04-25,14233.00368605592
2019-04-26,14196.002874337555
2019-04-29,14200.0
2019-04-30,14221.501158851846
2019-05-02,14250.0
2019-05-03,14254.997758852534
2019-05-06,14292.499330297349
2019-05-07,14280.0
2019-05-08,14295.000892697732
2019-05-09,14350.37076744394
2019-05-10,14405.503116651826
2019-05-13,14416.078257003112
2019-05-14,14430.00178157848
2019-05-15,14460.001788428865
2019-05-16,14450.004463090243
2019-05-17,14450.000000000002
2019-05-20,14477.299185098951
2019-05-21,14483.003315115131
2019-05-22,14525.002237937517
2019-05-23,14480.50094263399
2019-05-24,14392.500223473673
2019-05-27,14379.99642793356
2019-05-28,14375.0
2019-05-29,14417.004302617426
2019-05-30,14400.0
2019-05-31,14332.499327414582
2019-06-03,14237.997317836389
2019-06-04,14222.99893276414
2019-06-05,14204.503864262238
2019-06-06,14193.999644949405
2019-06-07,14247.999645169875
2019-06-10,14244.996018051499
2019-06-11,14237.500000000002
2019-06-12,14241.420118343194
2019-06-13,14293.002037381522
2019-06-14,14316.999556147359
2019-06-17,14335.000890154888
2019-06-18,14322.499329578975
2019-06-19,14269.501204604265
2019-06-20,14182.497567878305
2019-06-21,14127.78366914104
2019-06-24,14152.185360716167
2019-06-25,14152.002107481558
2019-06-26,14167.998591797217
2019-06-27,14140.0
2019-06-28,14132.996485061512
2019-07-01,14112.503304255883
2019-07-02,14137.501106096805
2019-07-03,14141.503586292394
2019-07-04,14139.998228206945
2019-07-05,14120.4973357016
2019-07-08,14110.00445831476
2019-07-09,14130.004462293618
2019-07-10,14130.0
2019-07-11,14064.997784669915
2019-07-12,14035.999289078467
2019-07-15,13942.67459401899
2019-07-16,13939.99821794529
2019-07-17,13980.0
2019-07-18,13970.996790299574
2019-07-19,13952.004275788348
2019-07-22,13945.002229157379
2019-07-23,13961.004206569409
2019-07-24,13974.999999999998
2019-07-25,13977.498875393612
2019-07-26,13978.003232178131
2019-07-29,14020.001798722906
2019-07-30,14020.001793078716
2019-07-31,14025.02017756255
2019-08-01,14155.993476488176
2019-08-02,14201.737799387718
2019-08-05,14314.702199964227
2019-08-06,14265.004022526145
2019-08-07,14230.75343688627
2019-08-08,14207.996068971679
2019-08-09,14189.99821396678
2019-08-12,14249.597998927999
2019-08-13,14317.50133666013
2019-08-14,14245.003575259205
2019-08-15,14270.0
2019-08-16,14222.995666305525
2019-08-19,14234.99954967126
2019-08-20,14260.003611412063
2019-08-21,14236.995677233428
2019-08-22,14235.405576107552
2019-08-23,14212.498870311792
2019-08-26,14244.746311622886
2019-08-27,14248.802233429395
2019-08-28,14249.589461337182
2019-08-29,14197.001445086706
2019-08-30,14185.003624501633
2019-09-02,14194.000729394602
2019-09-03,14225.107433482675
2019-09-04,14152.495915774189
2019-09-05,14112.298788207632
2019-09-06,14085.99800489707
2019-09-09,14047.040696093538
2019-09-10,14044.999999999998
2019-09-11,14060.001817686085
2019-09-12,13965.502143573838
2019-09-13,13964.996395097332
2019-09-16,14039.9963738555
2019-09-17,14091.003083620533
2019-09-18,14060.63512168642
2019-09-19,14059.998192825518
2019-09-20,14055.00453309157
2019-09-23,14084.997724169321
2019-09-24,14112.496591838588
2019-09-25,14150.0
2019-09-26,14168.001462790271
2019-09-27,14165.002286236855
2019-09-30,14195.004132610893
2019-10-01,14227.995962561936
2019-10-02,14203.00228832952
2019-10-03,14172.495662496576
2019-10-04,14146.452318061753
2019-10-07,14172.546165741836
2019-10-08,14154.997269251775
2019-10-09,14170.00273199162
2019-10-10,14151.495920217589
2019-10-11,14127.999637779587
2019-10-14,14129.997280391623
2019-10-15,14165.00408830744
2019-10-16,14205.995464852607
2019-10-17,14156.996310627193
2019-10-18,14153.939339554916
2019-10-21,14063.44759688535
2019-10-22,14040.0
2019-10-23,14029.002966825496
2019-10-24,14035.99928109274
2019-10-25,14034.995948500946
2019-10-28,14012.997203932533
2019-10-29,14052.23073456512
2019-10-30,14046.497388798847
2019-10-31,14077.012730858885
2019-11-01,14041.592602567556
2019-11-04,14019.815379100199
2019-11-05,13967.503825726888
2019-11-06,14015.004508566275
2019-11-07,13994.502121513045
2019-11-08,14014.00217509516
2019-11-11,14075.427950366813
2019-11-12,14071.24829777576
2019-11-13,14103.89787388697
2019-11-14,14102.191506774576
2019-11-15,14073.001631321371
2019-11-18,14093.00244100895
2019-11-19,14089.997291685475
2019-11-20,14108.00253187449
2019-11-21,14087.503381119828
2019-11-22,14084.997287032014
2019-11-25,14091.996729651162
2019-11-26,14099.89110707804
2019-11-27,14094.84058497593
2019-11-28,14100.79963652885
2019-11-29,14104.999089419049
2019-12-02,14125.00226798512
2019-12-03,14105.00406467347
2019-12-04,14104.999548777185
2019-12-05,14064.999098611863
2019-12-06,14020.56066342167
2019-12-09,14001.002257336344
2019-12-10,14010.002708314527
2019-12-11,14044.496613995487
2019-12-12,14035.000448953939
2019-12-13,13985.00089493467
2019-12-16,14004.997308451462
2019-12-17,13990.001791793584
2019-12-18,13998.002699055332
2019-12-19,13989.178735270309
2019-12-20,13977.498422997207
2019-12-23,13986.004514672688
2019-12-24,13985.018050541516
2019-12-27,13963.875190531697
2019-12-30,13911.564929841808
2019-12-31,13882.499554922557
2020-01-02,13884.499240596802
2020-01-03,13938.001255943303
2020-01-06,13940.003573342863
2020-01-07,13875.0
2020-01-08,13892.496626180839
2020-01-09,13850.0
2020-01-10,13762.501127039943
2020-01-13,13700.997663131404
2020-01-14,13692.80251911831
2020-01-15,13697.989588942737
2020-01-16,13630.00268600591
2020-01-17,13670.24666906734
2020-01-20,13638.520523229588
2020-01-21,13673.31533963113
2020-01-22,13652.335858585857
2020-01-23,13651.997114777749
2020-01-24,13595.749886724061
2020-01-27,13604.997732426304
2020-01-28,13637.501135847342
2020-01-29,13627.497500227251
2020-01-30,13686.499229304562
2020-01-31,13655.003619254434
2020-02-03,13742.499548165553
2020-02-04,13710.001810282403
2020-02-05,13640.996099065589
2020-02-06,13633.381804962282
2020-02-07,13732.564499954417
2020-02-10,13731.303077344535
2020-02-11,13686.001284285845
2020-02-12,13664.000366501741
2020-02-13,13704.002944694948
2020-02-14,13715.993359158825
2020-02-17,13652.496538994003
2020-02-18,13664.996301775149
2020-02-19,13688.0
2020-02-20,13707.497683039852
2020-02-21,13765.0032404407
2020-02-24,13957.247180624883
2020-02-25,13925.0
2020-02-26,13997.112643678163
2020-02-27,14034.99635169646
2020-02-28,14347.499316753212
2020-03-02,14304.450638374392
2020-03-03,14281.73068273815
2020-03-04,14115.00224719101
2020-03-05,14170.000893894698
2020-03-06,14606.995412844039
2020-03-09,14392.501745810056
2020-03-10,14294.995610184373
2020-03-11,14352.49647141849
2020-03-12,14620.996441281137
2020-03-13,14770.001801152737
2020-03-16,15018.553374563056
2020-03-17,15190.0018211619
2020-03-18,15449.551856594111
2020-03-19,15912.49884269975
2020-03-20,15925.00233492108
2020-03-23,16574.99768153575
2020-03-24,16325.002305634973
2020-03-25,16114.999538191558
2020-03-26,16106.001274929422
2020-03-27,16140.001821991438
2020-03-30,16393.003443900674
2020-03-31,16310.00365096751
2020-04-01,16678.502194586687
2020-04-02,16656.996148908856
2020-04-03,16614.44598980065
2020-04-06,16412.501158372717
2020-04-07,16135.002296738632
2020-04-08,16222.9969644007
2020-04-09,15867.497929511364
2020-04-14,15715.670893003738
2020-04-15,15776.584426304686
2020-04-16,15695.995591476854
2020-04-17,15585.626151012892
2020-04-20,15534.999999999998
2020-04-21,15688.502353049736
2020-04-22,15583.997423391922
2020-04-23,15569.996286669144
2020-04-24,15624.999999999998
2020-04-27,15384.998157021748
2020-04-28,15367.003769421715
2020-04-29,15321.001660210291
2020-04-30,14875.0
2020-05-04,15099.999999999998
2020-05-05,15100.0
2020-05-06,15044.998612010733
2020-05-07,15044.99675415005
2020-05-08,14967.499769436503
2020-05-11,14968.883961566888
2020-05-12,14803.499723706022
2020-05-13,14797.480459770117
2020-05-14,14950.704225352112
2020-05-15,14935.932580107426
2020-05-18,14842.549852289514
2020-05-19,14773.972602739726
2020-05-20,14717.503194013505
2020-05-21,14732.499999999998
2020-05-22,14901.999266324283
2020-05-25,14710.000000000002
2020-05-26,14754.997722095673
2020-05-27,14709.999090164682
2020-05-28,14714.99636891794
2020-05-29,14610.003591954024
2020-06-01,14610.003598416697
2020-06-02,14414.99910506533
2020-06-03,14190.950509201359
2020-06-04,14095.004444444443
2020-06-05,14018.005295675199
2020-06-08,14014.55028799291
2020-06-09,14093.50097396848
2020-06-10,14085.3010989011
2020-06-11,14014.998237574902
2020-06-12,14205.803255484783
2020-06-15,14253.603483515508
2020-06-16,14130.049522461974
2020-06-17,14198.753561253563
2020-06-18,14085.002673320263
2020-06-19,14208.447814451383
2020-06-22,14259.002943012576
2020-06-23,14160.001767096663
2020-06-24,14168.501773049646
2020-06-25,14274.999999999998
2020-06-26,14220.00356728797
2020-06-29,14368.202764976957
2020-06-30,14452.94695481336
2020-07-01,14264.999999999998
2020-07-02,14378.504341662236
2020-07-03,14509.996436208125
2020-07-06,14417.66004415011
2020-07-07,14440.0
2020-07-08,14414.31862484494
2020-07-09,14395.000881678714
2020-07-10,14435.003547357219
2020-07-13,14424.997793273898
2020-07-14,14450.004395604397
2020-07-15,14587.50436910171
2020-07-16,14625.004380585246
2020-07-17,14695.00350017501
2020-07-20,14785.001747030048
2020-07-21,14707.681552040547
2020-07-22,14569.001554672657
2020-07-23,14649.494338317918
2020-07-24,14629.565816678152
2020-07-27,14520.000000000002
2020-07-28,14535.000426730392
2020-07-29,14535.002132196161
2020-07-30,14600.0
2020-07-31,14655.638082376772
2020-08-03,14714.310080163737
2020-08-04,14684.997875053125
2020-08-05,14550.0
2020-08-06,14611.162712150639
2020-08-07,14670.00084623847
2020-08-10,14639.998299753464
2020-08-11,14722.905881354494
2020-08-12,14760.003398181972
2020-08-13,14839.009549564777
2020-08-14,14908.998560907474
2020-08-17,14881.00059056779
2020-08-18,14845.002519737945
2020-08-19,14770.996396547389
2020-08-20,14771.004219409282
2020-08-21,14771.000084968988
2020-08-24,14670.498860471003
2020-08-25,14644.997460639917
2020-08-26,14672.499787937908
2020-08-27,14721.395900389633
2020-08-28,14545.253881661769
2020-08-31,14576.549413735345
2020-09-01,14570.00083423709
2020-09-02,14744.996206053454
2020-09-03,14845.500719546264
2020-09-04,14738.566120587739
2020-09-07,14791.94857916103
2020-09-08,14860.033941450994
2020-09-09,14784.999575299415
2020-09-10,14949.784791965565
2020-09-11,14992.922220347562
2020-09-14,14880.001684068711
2020-09-15,14844.996636394213
2020-09-16,14834.998736203555
2020-09-17,14835.186911926761
2020-09-18,14735.003802924026
2020-09-21,14793.416475778398
2020-09-22,14785.000000000002
2020-09-23,14860.588436537804
2020-09-24,14890.004293688276
2020-09-25,14870.001719099191
2020-09-28,14899.999999999998
2020-09-29,14885.4896598872
2020-09-30,14945.199863341304
2020-10-01,14825.79986385296
2020-10-02,14872.404092071612
2020-10-05,14721.796397008837
2020-10-06,14734.997880457822
2020-10-07,14748.946474086659
2020-10-08,14757.501062473437
2020-10-09,14701.153030945314
2020-10-12,14728.95160606831
2020-10-13,14764.80020361415
2020-10-14,14733.004255319147
2020-10-15,14770.39664899983
2020-10-16,14749.902052636064
2020-10-19,14720.101824352989
2020-10-20,14710.499576629973
2020-10-21,14632.500843739452
2020-10-22,14741.696979950935
2020-10-23,14684.750337381918
2020-10-26,14714.400541500974
2020-10-27,14658.696754563893
2020-10-28,14742.397885222135
2020-10-29,14786.500341763498
2020-10-30,14625.004274234914
2020-11-02,14645.39993134226
2020-11-03,14481.550162365409
2020-11-04,14412.200324204421
2020-11-05,14256.549978911851
2020-11-06,14273.900589721987
2020-11-09,14062.501051922916
2020-11-10,14050.0
2020-11-11,14171.50263471018
2020-11-12,14203.400898990754
2020-11-13,14170.004231908591
2020-11-16,14100.498732037193
2020-11-17,14121.999663356337
2020-11-18,14110.995955510616
2020-11-19,14215.796146044626
2020-11-20,14195.599763972015
2020-11-23,14153.99546256617
2020-11-24,14239.69658659924
2020-11-25,14139.999999999998
2020-11-26,14153.848739495801
2020-11-27,14149.253480959573
2020-11-30,14162.303839732887
2020-12-01,14189.49699197861
2020-12-02,14209.497762307312
2020-12-03,14139.996708089868
2020-12-04,14164.298050826548
2020-12-07,14194.302440633242
2020-12-08,14144.097738154202
2020-12-09,14103.55933603105
2020-12-10,14105.002063557573
2020-12-11,14080.003298425003
2020-12-14,14155.90363427068
2020-12-15,14164.7528830313
2020-12-16,14160.201821314298
2020-12-17,14121.999020088193
2020-12-18,14142.752263643037
2020-12-21,14254.103343465045
2020-12-22,14225.100089876623
2020-12-23,14261.902022028604
2020-12-24,14200.0
2020-12-28,14189.098944267125
2020-12-29,14116.648992576882
2020-12-30,14050.004071329698
2020-12-31,14050.00407464754
2021-01-04,13876.602147039686
2021-01-05,13915.002852253278
2021-01-06,13914.897065975038
2021-01-07,14059.94623655914
2021-01-08,14079.45306122449
2021-01-11,14196.448244676478
2021-01-12,14144.996299646411
2021-01-13,14128.10290974848
2021-01-14,14043.995381062356
2021-01-15,14049.797904809042
2021-01-18,14135.999668435014
2021-01-19,14079.253214638971
2021-01-20,14051.79737211801
2021-01-21,13989.998354992598
2021-01-22,14097.90261556177
2021-01-25,14078.596115865701
2021-01-26,14104.298772955612
2021-01-27,14135.050354961202
2021-01-28,14117.252501860887
2021-01-29,14003.09822017139
2021-02-01,14078.053624627606
2021-02-02,14013.948854201264
2021-02-03,14024.19905134393
2021-02-04,14037.054018006002
2021-02-05,14036.752065426022
2021-02-08,14034.353430353432
2021-02-09,13986.946463978851
2021-02-10,13982.501855364066
2021-02-11,13964.847287396065
2021-02-12,13987.75189957053
2021-02-15,13898.351059444307
2021-02-16,13978.75319113893
2021-02-17,14062.504145936982
2021-02-18,14066.55081098974
2021-02-19,14082.552104786228
2021-02-22,14174.153136075167
2021-02-23,14106.497570616817
2021-02-24,14054.19891322246
2021-02-25,14193.946830265848
2021-02-26,14316.896295685174
2021-03-01,14315.348875798556
2021-03-02,14325.0
2021-03-03,14255.602589641434
2021-03-04,14264.999169021106
2021-03-05,14394.446305913889
2021-03-08,14360.003370975897
2021-03-09,14411.451151841264
2021-03-10,14405.003363605785
2021-03-11,14404.996240287408
2021-03-12,14392.55007123104
2021-03-15,14400.847315436244
2021-03-16,14427.796411202413
2021-03-17,14458.973712941965
2021-03-18,14409.998321020817
2021-03-19,14405.003784374738
2021-03-22,14402.498742243833
2021-03-23,14395.0012623075
2021-03-24,14445.665961945031
2021-03-25,14425.004236570074
2021-03-26,14417.501273128502
2021-03-29,14445.001697216567
2021-03-30,14533.00400306618
2021-03-31,14524.997867803839
2021-04-01,14531.09994891878
2021-04-06,14505.003386386727
2021-04-07,14561.351396836082
2021-04-08,14535.003790112018
2021-04-09,14598.351278600268
2021-04-12,14609.895833333334
2021-04-13,14653.001008742434
2021-04-14,14624.348044132397
2021-04-15,14617.451963241436
2021-04-16,14534.42349407642
2021-04-19,14510.452845866224
2021-04-20,14528.653223798854
2021-04-21,14545.59840093279
2021-04-22,14540.146106591403
2021-04-23,14525.401955909167
2021-04-26,14482.482416218456
2021-04-27,14509.852746525477
2021-04-28,14500.0
2021-04-29,14417.025311237529
2021-04-30,14421.652044363518
2021-05-03,14425.896712055795
2021-05-04,14470.900923384079
2021-05-05,14421.749271137029
2021-05-06,14300.447761194031
2021-05-07,14270.14677833983
2021-05-10,14125.449913715176
2021-05-11,14177.649958915365
2021-05-12,14263.153985806239
2021-05-13,14334.748779074582
2021-05-14,14296.749979378043
2021-05-17,14347.953553487609
2021-05-18,14272.500409098346
2021-05-19,14372.748116606615
2021-05-20,14414.34893059084
2021-05-21,14354.99671808336
2021-05-24,14355.003275466755
2021-05-25,14331.001304631443
2021-05-26,14288.39643470439
2021-05-27,14305.230365633712
2021-05-28,14334.16241146434
2021-05-31,14263.552167855094
2021-06-01,14254.887525562372
2021-06-02,14271.811915312655
2021-06-03,14294.666447854272
2021-06-04,14326.12857968144
2021-06-07,14245.272159184344
2021-06-08,14249.07240190445
2021-06-09,14248.249282492827
2021-06-10,14272.498767865944
2021-06-11,14198.729896907216
2021-06-14,14256.621532364596
2021-06-15,14250.140403039311
2021-06-16,14244.952161002971
2021-06-17,14464.75663902153
2021-06-18,14435.01428811565
2021-06-21,14443.940795559667
2021-06-22,14457.995628047755
2021-06-23,14446.765961007448
2021-06-24,14451.558310991959
2021-06-25,14431.297071129708
2021-06-28,14504.433249370275
2021-06-29,14586.078398384925
2021-06-30,14540.811174688657
2021-07-01,14523.485358465165
2021-07-02,14541.09786010319
2021-07-05,14475.231754592955
2021-07-06,14488.418651799291
2021-07-07,14492.832389485251
2021-07-08,14597.533367122827
2021-07-09,14496.744813627933
2021-07-12,14511.626729665879
2021-07-13,14473.986828774065
2021-07-14,14483.499830680663
2021-07-15,14517.105597425692
2021-07-16,14474.707676664972
2021-07-19,14570.967193608703
2021-07-20,14559.244161358809
2021-07-21,14542.813455657491
2021-07-22,14491.065817409766
2021-07-23,14489.878473697629
2021-07-26,14494.129125307541
2021-07-27,14487.31583403895
2021-07-28,14498.043533497077
2021-07-29,14463.623347090035
2021-07-30,14451.652510301908
2021-08-02,14377.898367827695
2021-08-03,14300.07572570467
2021-08-04,14303.726498608889
2021-08-05,14340.388185654008
2021-08-06,14342.440924875073
2021-08-09,14383.79389507695
2021-08-10,14385.778877324688
2021-08-11,14406.485748421233
2021-08-12,14349.237584121305
2021-08-13,14365.966850828729
2021-08-16,14373.904179408766
2021-08-17,14389.428061528002
2021-08-18,14392.322784270238
2021-08-19,14468.254103967169
2021-08-20,14469.248564818783
2021-08-23,14396.910735620413
2021-08-24,14392.67461669506
2021-08-25,14437.278459441037
2021-08-26,14444.021415823912
2021-08-27,14428.152367995921
2021-08-30,14335.064825014832
2021-08-31,14263.723170525604
2021-09-01,14278.319370398578
2021-09-02,14244.479149079856
2021-09-03,14264.184636118596
2021-09-06,14225.354012137559
2021-09-07,14259.662731871838
2021-09-08,14264.902342098585
2021-09-09,14240.969758405136
2021-09-10,14198.589646144752
2021-09-13,14251.222410865874
2021-09-14,14268.892839004571
2021-09-15,14230.657983761843
2021-09-16,14253.455751083908
2021-09-17,14229.966044142617
2021-09-20,14296.6954145675
2021-09-21,14234.213665019593
2021-09-22,14233.753943217665
2021-09-23,14230.951771233462
2021-09-24,14290.562334670194
2021-09-27,14253.00051290819
2021-09-28,14298.158931323856
2021-09-29,14304.710828899948
2021-09-30,14312.142672078764
2021-10-01,14279.060344827587
2021-10-04,14245.31625988312
2021-10-05,14227.391828995002
2021-10-06,14285.002599202913
2021-10-07,14190.192008303064
2021-10-08,14202.117728412135
2021-10-11,14208.069811646794
2021-10-12,14190.263954997836
2021-10-13,14217.496972842071
2021-10-14,14095.026719531115
2021-10-15,14042.923633856233
2021-10-18,14108.74698379869
2021-10-19,14090.373230373232
2021-10-20,14113.44747483438
2021-10-21,14145.269399329723
2021-10-22,14187.815993121238
2021-10-25,14179.220891148841
2021-10-26,14123.119297641593
2021-10-27,14211.293793578376
2021-10-28,14205.753471922711
2021-10-29,14217.501073422067
2021-11-01,14279.625151148732
2021-11-02,14281.125570973023
2021-11-03,14332.691311107272
2021-11-04,14364.871639726856
2021-11-05,14328.474693983855
2021-11-08,14256.326107608604
2021-11-09,14252.621577265267
2021-11-10,14241.66810866932
2021-11-11,14260.314136125655
2021-11-12,14185.80538085255
2021-11-15,14178.337993708494
2021-11-16,14234.931386347642
2021-11-17,14243.001060445387
2021-11-18,14224.856765094755
2021-11-19,14289.3620796735
2021-11-22,14254.131938286931
2021-11-23,14272.297717381653
2021-11-24,14294.351240406924
2021-11-25,14287.276129377171
2021-11-26,14390.833407138429
2021-11-29,14361.280595956014
2021-11-30,14325.046202587344
2021-12-01,14362.206116316069
2021-12-02,14412.346767792575
2021-12-03,14425.808165795766
2021-12-06,14446.744041818021
2021-12-07,14370.575692963754
2021-12-08,14342.455084520756
2021-12-09,14380.479179559721
2021-12-10,14373.015168987848
2021-12-13,14324.827097003017
2021-12-14,14306.941374126802
2021-12-15,14354.24436156988
2021-12-16,14348.870853916726
2021-12-17,14358.984995586938
2021-12-20,14409.793311452142
2021-12-21,14285.533421868084
2021-12-22,14248.995664100521
2021-12-23,14183.793103448277
2021-12-24,14187.947335866396
2021-12-27,14216.363154172559
2021-12-28,14232.203688994794
2021-12-29,14254.905777227283
2021-12-30,14260.993470972297
2021-12-31,14215.451174289245
2022-01-03,14268.621752531924
2022-01-04,14362.736058161185
2022-01-05,14367.894690343672
2022-01-06,14398.479893946089
2022-01-07,14328.580279695523
2022-01-10,14297.490722742536
2022-01-11,14309.62420606916
2022-01-12,14332.392260334213
2022-01-13,14288.598098229084
2022-01-14,14317.157333799247
2022-01-17,14327.571691660089
2022-01-18,14356.153778481568
2022-01-19,14353.265755839577
2022-01-20,14347.768565884637
2022-01-21,14314.592879802609
2022-01-24,14343.320948336872
2022-01-25,14349.964501242457
2022-01-26,14352.496231267181
2022-01-27,14383.888888888887
2022-01-28,14408.116358412643
2022-01-31,14375.008963786304
2022-02-01,14321.74955595027
2022-02-02,14346.003709264327
2022-02-03,14392.415381889066
2022-02-04,14386.915561758547
2022-02-07,14395.885384816984
2022-02-08,14392.005610098178
2022-02-09,14334.053344993443
2022-02-10,14328.3591223009
2022-02-11,14311.517911885785
2022-02-14,14307.644043831744
2022-02-15,14268.7439400617
2022-02-16,14274.138234259584
2022-02-17,14328.522427440634
2022-02-18,14360.128589043508
2022-02-21,14355.565355441879
2022-02-22,14366.002468700404
2022-02-23,14342.489421720733
2022-02-24,14399.355012093522
2022-02-25,14344.427603423681
2022-02-28,14376.926511295653
2022-03-01,14364.235800035834
2022-03-02,14388.645777057447
2022-03-03,14386.439147706755
2022-03-04,14388.59913990301
2022-03-07,14397.209729233595
2022-03-08,14358.94234300404
2022-03-09,14290.966978986628
2022-03-10,14277.29159148322
2022-03-11,14282.65696087352
2022-03-14,14305.22810218978
2022-03-15,14293.913201710491
2022-03-16,14271.748226305259
2022-03-17,14329.897746810244
2022-03-18,14336.94585755814
2022-03-21,14338.294980974817
2022-03-22,14339.631712626995
2022-03-23,14376.067364588074
2022-03-24,14372.66350883585
2022-03-25,14340.747136884202
2022-03-28,14351.422578880176
2022-03-29,14340.378890392421
2022-03-30,14342.29732158907
2022-03-31,14365.372488964957
2022-04-01,14375.2262034021
2022-04-04,14342.471603816446
2022-04-05,14342.939192269123
2022-04-06,14358.106747230615
2022-04-07,14375.54965188714
2022-04-08,14365.122916858483
2022-04-11,14365.394495412844
2022-04-12,14372.21250345272
2022-04-13,14362.737853316092
2022-04-14,14360.452289023715
2022-04-19,14346.338979912987
2022-04-20,14346.306555863343
2022-04-21,14351.07926885276
2022-04-22,14424.951465286122
2022-04-25,14455.462497673552
2022-04-26,14395.50309162451
2022-04-27,14419.219502976472
2022-04-28,14517.93037672866
2022-04-29,14517.571157495257
2022-05-02,14531.936526035728
2022-05-03,14483.203865100415
2022-05-04,14434.944449719877
2022-05-05,14431.22634367903
2022-05-06,14486.698202459793
2022-05-09,14554.096031821195
2022-05-10,14543.357968542734
2022-05-11,14506.65213683313
2022-05-12,14657.696003074558
2022-05-13,14630.284063553201
2022-05-16,14675.00479754366
2022-05-17,14641.144103974953
2022-05-18,14678.323671956667
2022-05-19,14647.75296912114
2022-05-20,14656.320317670416
2022-05-23,14643.962848297213
2022-05-24,14656.604477611938
2022-05-25,14627.993618618617
2022-05-26,14610.554361035804
2022-05-27,14534.57377354971
2022-05-30,14569.314381270902
2022-05-31,14543.218519555681
2022-06-01,14539.143017176999
2022-06-02,14479.854096520765
2022-06-03,14443.709226467849
2022-06-06,14417.984337124743
2022-06-07,14455.421121740761
2022-06-08,14505.87577986777
2022-06-09,14564.134785441682
2022-06-10,14552.155416903006
2022-06-13,14707.001434720229
2022-06-14,14734.041331802528
2022-06-15,14727.22653628607
2022-06-16,14833.951923076922
2022-06-17,14816.946404730115
2022-06-20,14823.514310164494
2022-06-21,14824.284360189575
2022-06-22,14845.527991635776
2022-06-23,14862.05089107024
2022-06-24,14855.530216647661
2022-06-27,14789.405978055242
2022-06-28,14837.524855600795
2022-06-29,14845.117428924597
2022-06-30,14972.561856166363
2022-07-01,14984.786570743405
2022-07-04,15001.559062649449
2022-07-05,15051.438289601556
2022-07-06,15021.60754642822
2022-07-07,14995.353634577603
2022-07-08,14966.771622552396
2022-07-11,14985.066349772233
2022-07-12,14991.087432782313
2022-07-13,15016.469653322738
2022-07-14,15112.003998001
2022-07-15,14993.120588527687
2022-07-18,14961.632612772679
2022-07-19,14977.540263543193
2022-07-20,14977.762525737817
2022-07-21,15042.896362388468
2022-07-22,14990.863591756626
2022-07-25,14951.025791324737
2022-07-26,14999.27894112999
2022-07-27,14985.293538219068
2022-07-28,14925.49891325825
2022-07-29,14861.30613845852
2022-08-01,14857.04094595915
2022-08-02,14871.723395931143
2022-08-03,14895.379635079458
2022-08-04,14930.694430802476
2022-08-05,14889.27978110036
2022-08-08,14852.093342484557
2022-08-09,14849.609145983974
2022-08-10,14844.781506047602
2022-08-11,14718.446508028632
2022-08-12,14685.658726300439
2022-08-15,14754.644433545855
2022-08-16,14775.125851347351
2022-08-17,14773.524203069657
2022-08-18,14828.669679701317
2022-08-19,14871.60334195345
2022-08-22,14893.980601939806
2022-08-23,14851.697390953965
2022-08-24,14855.647271995169
2022-08-25,14797.542627883651
2022-08-26,14815.199360447688
2022-08-29,14891.93871419988
2022-08-30,14824.596372334063
2022-08-31,14849.93
2022-09-01,14872.05117952819
2022-09-02,14906.35444811368
2022-09-05,14902.046370967742
2022-09-06,14891.156325543916
2022-09-07,14951.411229135052
2022-09-08,14878.469377560197
2022-09-09,14832.65001492686
2022-09-12,14853.599212210733
2022-09-13,14839.479115479115
2022-09-14,14918.84884884885
2022-09-15,14937.299839871897
2022-09-16,14973.5483222825
2022-09-19,14990.420420420422
2022-09-20,15018.846384938914
2022-09-21,15007.34908136483
2022-09-22,14998.259813840552
2022-09-23,15067.97211400451
2022-09-26,15157.308729006842
2022-09-27,15143.633347158855
2022-09-28,15287.987454260323
2022-09-29,15182.330517205852
2022-09-30,15247.49692244563
2022-10-03,15331.616140925851
2022-10-04,15246.365382671116
2022-10-05,15190.932929904184
2022-10-06,15234.523326572009
2022-10-07,15242.564050219455
2022-10-10,15337.228008662472
2022-10-11,15356.196647125373
2022-10-12,15358.582320214302
2022-10-13,15353.588664133895
2022-10-14,15469.28064217351
2022-10-17,15465.448197966936
2022-10-18,15470.238942552109
2022-10-19,15529.862957660054
2022-10-20,15543.82835592702
2022-10-21,15620.883864337104
2022-10-24,15594.995431935844
2022-10-25,15624.297738566069
2022-10-26,15553.496956998904
2022-10-27,15571.445651090962
2022-10-28,15558.114762335443
2022-10-31,15623.91567480331
2022-11-01,15617.372071981501
2022-11-02,15636.425111021397
2022-11-03,15790.218394340205
2022-11-04,15692.676256077795
2022-11-07,15659.91193835685
2022-11-08,15659.023609443777
2022-11-09,15656.01155493575
2022-11-10,15687.76371308017
2022-11-11,15501.98874660458
2022-11-14,15555.887198371935
2022-11-15,15537.081891580163
2022-11-16,15605.426431041109
2022-11-17,15722.46341699777
2022-11-18,15651.514566853175
2022-11-21,15729.806753855164
2022-11-22,15677.233794043215
2022-11-23,15680.203389830509
2022-11-24,15649.044463651207
2022-11-25,15693.918072289156
2022-11-28,15712.940839147474
2022-11-29,15726.008103415012
2022-11-30,15682.16075558982
2022-12-01,15459.001339200304
2022-12-02,15353.748339343329
2022-12-05,15426.806460753756
2022-12-06,15634.737542791936
2022-12-07,15637.923829423496
2022-12-08,15613.575434927272
2022-12-09,15582.40363670802
2022-12-12,15645.360727135012
2022-12-13,15667.908961593173
2022-12-14,15587.858014837073
2022-12-15,15621.31626023915
2022-12-16,15609.256992183822
2022-12-19,15575.316097376863
2022-12-20,15602.500235871308
2022-12-21,15582.7096652877
2022-12-22,15542.09536349102
2022-12-23,15598.92675578987
2022-12-27,15644.371234939761
2022-12-28,15757.453007518796
2022-12-29,15663.799417785709
2022-12-30,15488.299268704293
2023-01-02,15568.45455396424
2023-01-03,15620.625889046942
2023-01-04,15571.99735824134
2023-01-05,15605.197622865766
2023-01-06,15684.095238095237
2023-01-09,15577.711293941657
2023-01-10,15550.750722745499
2023-01-11,15457.653298594956
2023-01-12,15276.7545488303
2023-01-13,15176.622896245608
2023-01-16,15108.240843507216
2023-01-17,15187.521903532233
2023-01-18,15044.930344127686
2023-01-19,15191.548774849747
2023-01-20,15118.852761869573
2023-01-23,15007.147456535738
2023-01-24,14974.258611162275
2023-01-25,14965.0027578599
2023-01-26,14960.04589261129
2023-01-27,14984.951679705475
2023-01-30,14982.37182426855
2023-01-31,15030.527093141329
2023-02-01,14961.878098035617
2023-02-02,14889.597742992355
2023-02-03,14915.150406875746
2023-02-06,15161.804008908688
2023-02-07,15176.757009345793
2023-02-08,15116.339077782954
2023-02-09,15114.613313527065
2023-02-10,15185.528531337699
2023-02-13,15233.426913718886
2023-02-14,15153.387861325402
2023-02-15,15252.850467289718
2023-02-16,15133.999999999998
2023-02-17,15210.070588235294
2023-02-20,15157.101367809633
2023-02-21,15186.430982745685
2023-02-22,15199.285982713267
2023-02-23,15204.455538809343
2023-02-24,15230.056764427627
2023-02-27,15273.536100056852
2023-02-28,15249.477351916375
2023-03-01,15231.58929239985
2023-03-02,15319.78312116926
2023-03-03,15314.611398963729
2023-03-06,15335.393575051663
2023-03-07,15380.956399437413
2023-03-08,15448.572783309626
2023-03-09,15438.980481334092
2023-03-10,15494.946155299453
2023-03-13,15409.957033439194
2023-03-14,15360.892241780759
2023-03-15,15501.497772300694
2023-03-16,15446.16328456819
2023-03-17,15374.206909535913
2023-03-20,15352.598675002333
2023-03-21,15303.220118782481
2023-03-22,15266.648122392213
2023-03-23,15121.454177773692
2023-03-24,15184.783620288505
2023-03-27,15148.203842940686
2023-03-28,15084.77077760354
2023-03-29,15059.620171475985
2023-03-30,15043.21146426603
2023-03-31,14988.680459770118
2023-04-03,14967.0009199632
2023-04-04,14908.246949821116
2023-04-05,14927.696526508225
2023-04-06,14924.993128721942
2023-04-11,14913.571756075195
2023-04-12,14881.267167185497
2023-04-13,14729.85020426691
2023-04-14,14734.367369087458
2023-04-17,14843.11082779346
2023-04-18,14873.523514400293
2023-04-19,14991.5027897192
2023-04-20,14953.225511695906
2023-04-21,14960.001821825468
2023-04-24,14950.0
2023-04-25,14937.025948103792
2023-04-26,14846.969834224114
2023-04-27,14718.864336170982
2023-04-28,14672.5252709225
2023-05-02,14722.635658914729
2023-05-03,14680.222765552839
2023-05-04,14686.283185840708
2023-05-05,14669.048483747958
2023-05-08,14711.805744314579
2023-05-09,14745.140980016424
2023-05-10,14749.753424657534
2023-05-11,14710.99725526075
2023-05-12,14809.245317664341
2023-05-15,14793.628172122104
2023-05-16,14825.925925925925
2023-05-17,14884.23677163173
2023-05-18,14879.663368167947
2023-05-19,14923.334566987416
2023-05-22,14877.407133616705
2023-05-23,14883.78328230819
2023-05-24,14894.297635605008
2023-05-25,14942.552398695856
2023-05-26,14962.003534554926
2023-05-29,14960.401306579563
2023-05-30,14972.49627699181
2023-05-31,15005.513432556398
2023-06-01,14924.520893708515
2023-06-02,14843.277896497259
2023-06-05,14870.121608980357
2023-06-06,14875.241037161844
2023-06-07,14837.865074181205
2023-06-08,14882.611530222592
2023-06-09,14839.257884972169
2023-06-12,14860.055736182072
2023-06-13,14865.959418141389
2023-06-14,14895.179942640394
2023-06-15,14981.523246141047
2023-06-16,14944.145540762356
2023-06-19,14998.342794360007
2023-06-20,15009.704564163543
2023-06-21,14950.837681955505
2023-06-22,14953.10878470642
2023-06-23,15010.740536567439
2023-06-26,15056.07254075838
2023-06-27,15001.086658752625
2023-06-28,14992.66776375937
2023-06-29,15001.023953190708
2023-06-30,15078.722621019695
2023-07-03,15058.81273511331
2023-07-04,15013.547498852686
2023-07-05,15057.385789135029
2023-07-06,15066.455638131938
2023-07-07,15173.824393828067
2023-07-10,15202.26359985396
2023-07-11,15177.213577213579
2023-07-12,15068.771547813463
2023-07-13,14959.300661777857
2023-07-14,14970.029409143568
2023-07-17,14998.032056990205
2023-07-18,14983.971568191915
2023-07-19,14997.825699518802
2023-07-20,14984.067160846656
2023-07-21,15027.168929245707
2023-07-24,15020.917447728913
2023-07-25,15027.626459143969
2023-07-26,15046.550321005514
2023-07-27,15003.4606741573
2023-07-28,15095.767484105358
2023-07-31,15079.969155402341
2023-08-01,15120.337283500454
2023-08-02,15180.56440600819
2023-08-03,15168.331503841933
2023-08-04,15187.822035446738
2023-08-07,15193.035324107792
2023-08-08,15227.622441520467
2023-08-09,15191.384026258205
2023-08-10,15173.999455485977
2023-08-11,15277.998909487458
2023-08-14,15309.231473010066
2023-08-15,15339.65769723595
2023-08-16,15285.1410773177
2023-08-17,15345.706422018347
2023-08-18,15319.002484586363
2023-08-21,15326.815181518154
2023-08-22,15338.725084963718
2023-08-23,15292.864414622858
2023-08-24,15245.0
2023-08-25,15286.001110288677
2023-08-28,15287.999629903776
2023-08-29,15258.00240673887
2023-08-30,15239.996325555758
2023-08-31,15229.996319470003
2023-09-01,15240.003688675764
2023-09-04,15244.995833719098
2023-09-05,15272.108843537415
2023-09-06,15292.49883666822
2023-09-07,15325.004668534082
2023-09-08,15357.249626307923
2023-09-11,15365.00372995151
2023-09-12,15367.002706991505
2023-09-13,15375.552035777511
2023-09-14,15355.032618825724
2023-09-15,15367.99587164571
2023-09-18,15369.999062177621
2023-09-19,15379.996266218614
2023-09-20,15357.53130256027
2023-09-21,15374.997649271276
2023-09-22,15374.997651920728
2023-09-25,15381.453964074111
2023-09-26,15490.004714757191
2023-09-27,15551.850797266514
2023-09-28,15544.70063573394
2023-09-29,15464.999056069475
2023-10-02,15548.499525166193
2023-10-03,15604.65182921005
2023-10-04,15629.99904734686
2023-10-05,15605.30115903477
2023-10-06,15641.64536589984
2023-10-09,15690.00094957744
2023-10-10,15729.30447930448
2023-10-11,15722.548095058468
2023-10-12,15663.753649119502
2023-10-13,15683.000760167237
2023-10-16,15703.700892009869
2023-10-17,15714.996688428424
2023-10-18,15757.804070042592
2023-10-19,15855.398749763213
2023-10-20,15857.907657445003
2023-10-23,15939.001604227611
2023-10-24,15855.803235515426
2023-10-25,15878.347201210285
2023-10-26,15920.0
2023-10-27,15939.996205293613
2023-10-30,15890.00471475719
2023-10-31,15884.998587437609
2023-11-01,15946.702097371168
2023-11-02,15809.999062001689
2023-11-03,15664.249672958325
2023-11-06,15533.898147286098
2023-11-07,15662.099943851768
2023-11-08,15677.452909755413
2023-11-09,15640.651014872321
2023-11-10,15692.848450809695
2023-11-13,15700.000000000002
2023-11-14,15704.354718388659
2023-11-15,15482.002208317997
2023-11-16,15579.002673057425
2023-11-17,15376.45327446652
2023-11-20,15447.99597364568
2023-11-21,15499.151072569604
2023-11-22,15602.098799376778
2023-11-23,15549.999999999998
2023-11-24,15569.796628801761
2023-11-27,15482.00164368551
2023-11-28,15485.953055073524
2023-11-29,15439.599453800638
2023-11-30,15534.845851248741
2023-12-01,15485.204597701151
2023-12-04,15476.398601398601
2023-12-05,15475.695664232228
2023-12-06,15523.946928929297
2023-12-07,15539.847739299974
2023-12-08,15513.603043518602
2023-12-11,15671.246630101328
2023-12-12,15582.24731580896
2023-12-13,15631.797534068786
2023-12-14,15498.552981042218
2023-12-15,15556.550338023022
2023-12-18,15492.84667521524
2023-12-19,15505.902207626345
2023-12-20,15527.796052631578
2023-12-21,15468.697077301284
2023-12-22,15449.197133266805
2023-12-27,15418.246723904203
2023-12-28,15419.1020334713
2023-12-29,15456.75113122172
2024-01-02,15523.603504928808
2024-01-03,15563.998534664346
2024-01-04,15515.803889345385
2024-01-05,15536.498489149344
2024-01-08,15528.403069614471
2024-01-09,15545.14625228519
2024-01-10,15560.14982642061
2024-01-11,15550.004550832804
2024-01-12,15570.59952476695
2024-01-15,15561.096391046138
2024-01-16,15609.152729277706
2024-01-17,15630.449572492418
2024-01-18,15610.151724137933
2024-01-19,15607.449251400754
2024-01-22,15680.30303030303
2024-01-23,15711.101913171451
2024-01-24,15687.354424575884
2024-01-25,15851.051133755624
2024-01-26,15759.304571796521
2024-01-29,15824.75284117158
2024-01-30,15778.148626221648
2024-01-31,15757.39595829104
2024-02-01,15766.349176992788
2024-02-02,15632.197004502435
2024-02-05,15760.645821701097
2024-02-06,15739.951596388346
2024-02-07,15658.602449888642
2024-02-08,15656.646216768913
2024-02-09,15636.901225399184
2024-02-12,15587.654320987656
2024-02-13,15611.998517557677
2024-02-14,15604.545878838797
2024-02-15,15605.901517267055
2024-02-16,15636.497028231799
2024-02-19,15646.102449888644
2024-02-20,15660.451768191073
2024-02-21,15625.654547136646
2024-02-22,15588.70343046846
2024-02-23,15606.304227432158
2024-02-26,15630.796166605236
2024-02-27,15637.546057479734
2024-02-28,15713.452997779421
2024-02-29,15738.204322926289
2024-03-01,15721.89956533802
2024-03-04,15737.848054582335
2024-03-05,15743.10074661259
2024-03-06,15697.553798050398
2024-03-07,15638.549793483251
2024-03-08,15531.897182583243
2024-03-11,15486.847885777046
2024-03-12,15521.097471601322
2024-03-13,15576.451229545662
2024-03-14,15597.903890160182
2024-03-15,15617.903048108705
2024-03-18,15718.949687844291
2024-03-19,15744.895890915792
2024-03-20,15736.997417926965
2024-03-21,15670.798569725863
2024-03-22,15810.597800979396
2024-03-25,15783.045685279189
2024-03-26,15798.802395209581
2024-03-27,15897.004437869824
2024-03-28,15870.752011839793
2024-04-02,15911.601079170157
2024-04-03,15948.047853102104
2024-04-04,15880.197198673055
2024-04-05,15858.896780739784
2024-04-08,15908.398780375126
2024-04-09,15867.350694763963
2024-04-10,15849.4014732965
2024-04-11,16021.903252866066
2024-04-12,16120.803604956818
2024-04-15,16058.352102102099
2024-04-16,16202.049450032902
2024-04-17,16253.600300808423
2024-04-18,16181.000093641724
2024-04-19,16263.099596357837
2024-04-22,16252.699398043642
2024-04-23,16210.05246393105
2024-04-24,16168.50084222347
2024-04-25,16189.496268656714
2024-04-26,16227.151390703753
2024-04-29,16239.496268656718
2024-04-30,16255.00093300989
2024-05-02,16173.15386053468
2024-05-03,16053.304169769171
2024-05-06,16044.348552338532
2024-05-07,16064.703696823331
2024-05-08,16076.496323187192
2024-05-09,16072.046216921359
2024-05-10,16042.397253919657
2024-05-13,16092.051875868458
2024-05-14,16123.703223416083
2024-05-15,16008.253323485967
2024-05-16,15918.74654886803
2024-05-17,15968.351161932867
2024-05-20,15976.254488536968
2024-05-21,16001.454344624446
2024-05-22,16040.0
2024-05-23,16029.749401142435
2024-05-24,16031.254612546125
2024-05-27,16067.103200221341
2024-05-28,16077.75225142437
2024-05-29,16192.548586165605
2024-05-30,16240.101710587147
2024-05-31,16256.653151492814
2024-06-03,16228.896882494004
2024-06-04,16272.802577082375
2024-06-05,16337.950699043415
2024-06-06,16263.847215830647
2024-06-07,16192.347219673331
2024-06-10,16297.703607288959
2024-06-11,16298.60205032619
2024-06-12,16305.248490478401
2024-06-13,16253.551557863502
2024-06-14,16486.253041362528
2024-06-17,16458.504480955937
2024-06-18,16420.195986934206
2024-06-19,16382.94725090706
2024-06-20,16492.30338650993
2024-06-21,16465.054266467065
2024-06-24,16399.00279589935
2024-06-25,16389.499719992535
2024-06-26,16431.64935915427
2024-06-27,16389.30441286462
2024-06-28,16335.55347968239
2024-07-01,16350.860865518845
2024-07-02,16376.353807437785
2024-07-03,16378.24874511991
2024-07-04,16326.0
2024-07-05,16280.59866962306
2024-07-08,16265.399169358563
2024-07-09,16269.151100425375
2024-07-10,16219.79676674365
2024-07-11,16178.94979272225
2024-07-12,16116.749311294765
2024-07-15,16186.201521958375
2024-07-16,16174.29829389103
2024-07-17,16128.095847814158
2024-07-18,16164.446477584632
2024-07-19,16196.997245179064
2024-07-22,16208.798677443056
2024-07-23,16216.049723756905
2024-07-24,16244.551991150443
2024-07-25,16316.30264491752
2024-07-26,16292.854511970534
2024-07-29,16279.800314320051
2024-07-30,16335.846267553583
2024-07-31,16285.953084595494
2024-08-01,16265.696542775051
2024-08-02,16209.39547761883
2024-08-05,16190.497902608062
2024-08-06,16173.550160329823
2024-08-07,16058.752975645484
2024-08-08,15900.247026532481
2024-08-09,15950.746542090319
2024-08-12,15967.048054919907
2024-08-13,15843.198243527584
2024-08-14,15604.501315908881
2024-08-15,15702.651893560984
2024-08-16,15698.999454247773
2024-08-19,15589.448419527216
2024-08-20,15451.100685673042
2024-08-21,15515.653112630444
2024-08-22,15631.046250561292
2024-08-23,15558.951533135509
2024-08-26,15440.750694257813
2024-08-27,15543.200143343485
2024-08-28,15426.850769092382
2024-08-29,15406.448412698412
2024-08-30,15495.652566068367
2024-09-02,15540.900461079467
2024-09-03,15560.498414136837
2024-09-04,15498.950226244344
2024-09-05,15418.752816076418
2024-09-06,15413.897144915787
2024-09-09,15469.799873222855
2024-09-10,15453.30432417732
2024-09-11,15412.65054785837
2024-09-12,15438.852578068265
2024-09-13,15406.804440032485
2024-09-16,15365.800826891966
2024-09-17,15335.802136637041
2024-09-18,15311.048184106434
2024-09-19,15170.751165292222
2024-09-20,15161.69622066989
2024-09-23,15186.698444104684
2024-09-24,15176.852600377257
2024-09-25,15117.804180811148
2024-09-26,15130.999551770508
2024-09-27,15109.553683455819
2024-09-30,15162.450875312614
2024-10-01,15197.50135305791
2024-10-02,15277.599132869662
2024-10-03,15467.949995470603
2024-10-04,15563.097288965455
2024-10-07,15717.000546348569
2024-10-08,15646.603533054087
2024-10-09,15633.950898968696
2024-10-10,15702.149652396634
2024-10-11,15581.65112452002
2024-10-14,15593.046266605592
2024-10-15,15525.10318261029
2024-10-16,15526.54859135542
2024-10-17,15510.196944597828
2024-10-18,15491.804185489074
2024-10-21,15494.849350410028
2024-10-22,15565.400609925144
2024-10-23,15670.75322745426
2024-10-24,15579.751874826403
2024-10-25,15684.896073903003
2024-10-28,15729.34923276021
2024-10-29,15772.600705401896
2024-10-30,15688.146093388812
2024-10-31,15719.399007535378
2024-11-01,15739.347726228754
2024-11-04,15765.645634629494
2024-11-05,15765.999816463247
2024-11-06,15873.398784478728
2024-11-07,15659.85164580436
2024-11-08,15597.549201633867
2024-11-11,15726.298000187779
2024-11-12,15795.554299708014
2024-11-13,15727.15213096246
2024-11-14,15953.498528434446
2024-11-15,15883.96484928659
2024-11-18,15857.401440485217
2024-11-19,15843.751181697862
2024-11-20,15896.648362052641
2024-11-21,15896.79840395212
2024-11-22,15913.945447560507
2024-11-25,15866.498332539302
2024-11-26,15877.903440410568
2024-11-27,15862.900009495777
2024-11-28,15874.35021817492
2024-11-29,15862.346146563152
2024-12-02,15897.801465689541
2024-12-03,15933.352359208524
2024-12-04,15923.999237514297
2024-12-05,15854.999999999998
2024-12-06,15824.05254701824
2024-12-09,15878.0469341408
2024-12-10,15873.449225800323
2024-12-11,15932.302274674026
2024-12-12,15963.95005242589
2024-12-13,16020.346073397985
2024-12-16,16022.299485616306
2024-12-17,16138.001333714396
2024-12-18,16110.251524390242
2024-12-19,16313.496873496873
2024-12-20,16230.096246390762
2024-12-23,16181.651111324933
2024-12-24,16203.299663299664
2024-12-27,16217.29755630091
2024-12-30,16163.347376484106
2024-12-31,16191.048224083166
2025-01-02,16206.549752930916
2025-01-03,16218.904748033789
2025-01-06,16146.854018799155
2025-01-07,16159.84797459829
2025-01-08,16254.647093136302
2025-01-09,16199.699175157692
2025-01-10,16188.848990683231
2025-01-13,16317.846636595408
2025-01-14,16309.302098584678
2025-01-15,16381.0
2025-01-16,16406.25
2025-01-17,16398.69877646145
2025-01-20,16390.199689802248
2025-01-21,16338.44742686106
2025-01-22,16210.69616010725
2025-01-23,16239.648212226066
2025-01-24,16138.750954927427
2025-01-27,16151.348528015194
2025-01-28,16224.748104788408
2025-01-29,16239.899961523663
2025-01-30,16247.053734499665
2025-01-31,16300.59655537381
2025-02-03,16414.804360521703
2025-02-04,16318.597000483793
2025-02-05,16315.198618307428
2025-02-06,16354.999999999998
2025-02-07,16317.895345475572
2025-02-10,16344.602713178296
2025-02-11,16366.999225106549
2025-02-12,16348.746383799424
2025-02-13,16385.495668912416
2025-02-14,16205.697652223707
2025-02-17,16225.551417931827
2025-02-18,16337.302574901889
2025-02-19,16370.701552616443
2025-02-20,16290.14650962367
2025-02-21,16318.70043000478
2025-02-24,16285.648767437418
2025-02-25,16348.14708964466
2025-02-26,16374.25383808525
2025-02-27,16453.54586236518
2025-02-28,16548.045336663145
2025-03-03,16451.10367892977
2025-03-04,16413.89599317988
2025-03-05,16361.501776697216
2025-03-06,16367.951092997408
2025-03-07,16270.046974302291
2025-03-10,16356.846473029045
2025-03-11,16438.25146627566
2025-03-12,16469.99816277788
2025-03-13,16435.34626038781
2025-03-14,16357.452474974747
2025-03-17,16379.400165092175
2025-03-18,16512.40153874336
2025-03-19,16525.70432229054
2025-03-20,16509.554140127388
2025-03-21,16511.203472799483
2025-03-24,16559.247967479674
2025-03-25,16565.053117782907
2025-03-26,16612.90322580645
2025-03-27,16585.303662494203
2025-03-28,16587.496526813004
2025-03-31,16637.050392972724
2025-04-01,16743.04783092325
2025-04-02,16715.99555678978
2025-04-03,16714.34621969902
2025-04-04,16958.25269060324
2025-04-07,16952.00145892222
2025-04-08,16915.85388127854
2025-04-09,16944.599366229064
2025-04-10,16834.154484750045
2025-04-11,16855.20007050943
2025-04-14,16810.35422343324
2025-04-15,16853.320381490637
2025-04-16,16798.59973579921
2025-04-17,16868.248239436623
2025-04-22,16842.201115371212
2025-04-23,16875.75120455541
2025-04-24,16851.898734177215
2025-04-25,16853.70256229638
2025-04-28,16811.947525972882
2025-04-29,16758.348720654183
2025-04-30,16620.047480875757
2025-05-02,16443.700960945076
2025-05-05,16433.897557965265
2025-05-06,16417.253863134658
2025-05-07,16516.602112676057
2025-05-08,16501.354341860675
2025-05-09,16536.251333096337
2025-05-12,16659.20223302719
2025-05-13,16660.403167746583
2025-05-14,16535.50026752274
2025-05-15,16525.301743406348
2025-05-16,16462.05109880293
2025-05-19,16455.09678565086
2025-05-20,16423.396494973756
2025-05-21,16329.652857521418
2025-05-22,16334.751083208064
2025-05-23,16266.595876471109
2025-05-26,16252.148317371059
2025-05-27,16282.502641775274
2025-05-28,16319.952284174253
2025-05-29,16298.25370091304
2025-05-30,16332.948231766472
2025-06-02,16274.954023995097
2025-06-03,16318.75109783945
2025-06-04,16313.949402670412
2025-06-05,16255.397006040444
2025-06-06,16313.749890456576
2025-06-09,16289.000876424188
2025-06-10,16265.150056872866
2025-06-11,16282.09568792093
2025-06-12,16221.252371916507
2025-06-13,16316.600069492702
2025-06-16,16287.549680317954
2025-06-17,16297.052213001383
2025-06-18,16361.001042752869
2025-06-19,16383.899634082592
2025-06-20,16404.003473729917
2025-06-23,16502.301255230126
2025-06-24,16323.899371069183
2025-06-25,16308.09622348681
2025-06-26,16237.400598546386
2025-06-27,16213.251879699248
2025-06-30,16229.547781569965
2025-07-01,16202.997459779848
2025-07-02,16239.04721395151
2025-07-03,16220.802919708029
2025-07-04,16194.102150080733
2025-07-07,16251.850272851294
2025-07-08,16272.751322751323
2025-07-09,16261.446401094205
2025-07-10,16237.253394824495
2025-07-11,16216.297183942483
2025-07-14,16274.747647562019
2025-07-15,16262.948992713244
2025-07-16,16296.104119979316
2025-07-17,16349.848864323347
2025-07-18,16305.201716738198
2025-07-21,16314.802434216164
2025-07-22,16315.497051030003
2025-07-23,16295.403377110695
2025-07-24,16293.64579789044
2025-07-25,16337.401910610712
2025-07-28,16376.600308906814
2025-07-29,16412.19977455996
2025-07-30,16411.45137503253
2025-07-31,16497.352786999825
2025-08-01,16519.703612767447
2025-08-04,16372.952875054041
2025-08-05,16379.94976615278
2025-08-06,16357.902447431918
2025-08-07,16309.748346646054
2025-08-08,16260.800137362638
2025-08-11,16309.903631044572
2025-08-12,16311.502671032225
2025-08-13,16128.75074716079
2025-08-14,16104.396920444824
2025-08-15,16183.196440793974
2025-08-18,16220.50029983723
2025-08-19,16255.452833418936
2025-08-20,16281.546648356365
2025-08-21,16316.848526505715
2025-08-22,16373.854238456237
2025-08-25,16244.849106608532
2025-08-26,16313.20350034317
2025-08-27,16422.798240317432
2025-08-28,16321.70263788969
2025-08-29,16475.69909075313
2025-09-01,16431.3017498933
2025-09-02,16409.299330242142
2025-09-03,16451.15420921651
2025-09-04,16445.754271486217
2025-09-05,16420.449687954177
2025-09-08,16526.20225102319
2025-09-09,16423.203337874656
2025-09-10,16486.751516186898
2025-09-11,16483.953786906288
2025-09-12,16438.45366103431
2025-09-15,16418.697943226245
2025-09-16,16408.198526297958
2025-09-17,16463.048069612236
2025-09-18,16544.897613809444
2025-09-19,16650.94580777096
2025-09-22,16582.30201171378
2025-09-23,16653.853981175274
2025-09-24,16698.400816604288
2025-09-25,16783.950932788142
2025-09-26,16709.047292666208
2025-09-29,16670.800989507807
2025-09-30,16675.70053658121
2025-10-01,16632.002729443873
2025-10-02,16615.501106006468
2025-10-03,16564.453724220213
2025-10-06,16615.39647199863
2025-10-07,16570.70118292474
2025-10-08,16595.200825664404
2025-10-09,16559.8484196021
2025-10-10,16589.652489626555
2025-10-13,16582.453107442303
2025-10-14,16629.749848524192
2025-10-15,16602.546893822062
2025-10-16,16606.996308696027
2025-10-17,16578.751819193563
2025-10-20,16562.496782496783
2025-10-21,16604.350822779354
2025-10-22,16618.624320359024
2025-10-23,16624.68731130855
2025-10-24,16608.000344471235
2025-10-27,16618.40206185567
2025-10-28,16615.296646603612
2025-10-29,16562.701959436232
2025-10-30,16665.800865800866
2025-10-31,16661.900640470834
2025-11-03,16710.300503734587
2025-11-04,16720.99904272909
2025-11-05,16703.950574312566
2025-11-06,16677.152518858926
2025-11-07,16697.3964189949
2025-11-10,16692.19600725953
2025-11-11,16727.645788336933
2025-11-12,16760.29716655149
2025-11-13,16711.44676822446
2025-11-14,16702.747252747253
2025-11-17,16735.348917450185
2025-11-18,16756.100086281276
2025-11-19,16717.896917896916
2025-11-20,16748.896994962655
2025-11-21,16717.75173611111
2025-11-24,16632.952182952184
2025-11-25,16609.150722881135
2025-11-26,16649.002332210417
2025-11-27,16639.996547557395
2025-11-28,16660.098564758773
2025-12-01,16589.99656534432
2025-12-02,16624.900981573963
2025-12-03,16623.003085361674
2025-12-04,16654.851705811758
2025-12-05,16671.24946328896
2025-12-08,16693.247533247533
2025-12-09,16673.65300335138
2025-12-10,16683.29895134949
2025-12-11,16675.951852484206
2025-12-12,16652.399624925412
2025-12-15,16682.60018718625
2025-12-16,16665.497622282608
2025-12-17,16691.904111926295
2025-12-18,16717.34789657821
2025-12-19,16735.502049180326
2025-12-22,16775.998297147722
2025-12-23,16786.865772950958
2025-12-24,16747.501484686516
2025-12-29,16771.05218425973
2025-12-30,16765.348303138555
2025-12-31,16715.600000000002
2026-01-02,16716.201689275662
2026-01-05,16739.4975994513
2026-01-06,16770.0008541898
2026-01-07,16768.247175624783
2026-01-08,16835.845824411135
2026-01-09,16859.85225906202
2026-01-12,16893.003763256926
2026-01-13,16863.60048052171
2026-01-14,16871.453094155007
2026-01-15,16896.902959394356
2026-01-16,16918.102780408022
2026-01-19,16973.200928553004
2026-01-20,16946.14597544338
2026-01-21,16910.750489820257
2026-01-22,16874.995728686143
2026-01-23,16823.258388690174
2026-01-26,16777.29807367354
2026-01-27,16715.56710537346
2026-01-28,16742.107900450977
2026-01-29,16782.25267379679
2026-01-30,16788.321167883212
2026-02-02,16798.986486486487
2026-02-03,16769.765274129313
2026-02-04,16793.57021996616
2026-02-05,16867.26563824377
2026-02-06,16872.986264202136
2026-02-09,16826.518593303044
2026-02-10,16786.615100050447
2026-02-11,16800.0
2026-02-12,16829.998315647634
2026-02-13,16822.99780812679
2026-02-16,16818.220160269928
2026-02-17,16829.003889734482
2026-02-18,16884.76150274377
2026-02-19,16918.19960861057
2026-02-20,16888.64621398827
2026-02-23,16822.199592668025
2026-02-24,16832.453086524583
2026-02-25,16814.197216564833
2026-02-26,16767.59776536313
2026-02-27,16801.101228293097
2026-03-02,16876.696871260046
2026-03-03,16894.5459245218
2026-03-04,16854.59696111254
2026-03-05,16908.848338784646
2026-03-06,16973.49710232679
2026-03-09,16941.20294244916
2026-03-10,16866.300146035566
2026-03-11,16898.247128918058
2026-03-12,16885.849138304322
2026-03-13,16900.548971767166
2026-03-16,16964.845791949818
2026-03-17,16958.000173445496
2026-03-18,16994.0
2026-03-19,16960.196709896423
2026-03-20,16925.400259627866
2026-03-23,16896.352190410485
2026-03-24,16890.597995160733
2026-03-25,16858.100414078675
2026-03-26,16917.69650749632
2026-03-27,16982.747243205697
2026-03-30,17017.502612330198
2026-03-31,16964.898243172727
2026-04-01,16914.554071520895
2026-04-02,17010.646420824294
2026-04-07,17070.14796227395
2026-04-08,16976.30275072612
2026-04-09,17097.252888318355
2026-04-10,17095.25232687217
2026-04-13,17187.649777473467
2026-04-14,17131.05231917239
2026-04-15,17154.100169779285
2026-04-16,17139.50093362757
2026-04-17,17180.198355514112
2026-04-20,17129.600340136054
2026-04-21,17127.60261748959
2026-04-22,17199.249978692576
2026-04-23,17276.800068411154
2026-04-24,17243.647540983606
2026-04-27,17208.851817175928
2026-04-28,17284.597602739726
2026-04-29,17348.65026482146
2026-04-30,17345.701589471886
2026-05-04,17409.0
2026-05-05,17453.303097723772
2026-05-06,17328.251997959534
2026-05-07,17298.453695836874
2026-05-08,17365.94677323357
2026-05-11,17424.59838504037
2026-05-12,17497.19713750213
2026-05-13,17496.34656423389
2026-05-14,17464.99743633567
2026-05-15,17588.699690402475
2026-05-18,17683.052884615383
2026-05-19,17743.046471600686
2026-05-20,17700.55172413793
2026-05-21,17677.4032244159
2026-05-22,17694.2992669254
2026-05-25,17734.252340462084
2026-05-26,17834.80316314251
2026-05-27,17837.200309358082
2026-05-28,17851.002840664543
2026-05-29,17816.248711782893
2026-06-01,17834.99914133608
2026-06-02,17827.650442098035
2026-06-03,17961.701394868265
2026-06-04,18025.953608247422
2026-06-05,18070.498281786942
2026-06-08,18150.45060658579
2026-06-09,17950.246262853194
2026-06-10,17909.80154259468
2026-06-11,17973.996706249458
2026-06-12,17787.447047635516
2026-06-15,17719.548548289826
2026-06-16,17721.649128859754
2026-06-17,17803.054093693383
2026-06-18,17875.499520111684
2026-06-19,17808.10150867707
2026-06-22,17837.596019553075
2026-06-23,17921.45365168539
2026-06-24,17977.04585537919
2026-06-25,17982.1019220596
2026-06-26,17859.100078940446
2026-06-29,17852.700333157987
2026-06-30,17903.203440407233
2026-07-01,17960.89783009751
2026-07-02,18020.896569874552
2026-07-03,17963.548218029347
2026-07-06,18016.10162067455
2026-07-07,17891.402081693344
2026-07-08,18088.95124517713
2026-07-09,18105.59685177088
2026-07-10,18076.552930883638
2026-07-13,18047.899159663863
2026-07-14,18060.44717229285
2026-07-15,18071.295809223215
2026-07-16,17985.349263102817
2026-07-17,17944.652383034543
2026-07-20,17949.94748818484
2026-07-21,17898.003152916448
2026-07-22,17918.75
2026-07-23,17964.597963483146
2026-07-24,17929.550848202514
2026-07-27,18052.64729124594
2026-07-28,18102.199348992697
2026-07-29,18072.346221441127
2026-07-30,18078.502962704777
2026-07-31,18052.39878101872
